frame,prob1,prob2,prob3,prob4
0,0.9800,0.9800,0.9800,0.9800
1,0.9800,0.9800,0.9800,0.9800
2,0.9800,0.9800,0.9800,0.9800
3,0.9800,0.9800,0.9800,0.9800
4,0.9800,0.9800,0.9800,0.9800
5,0.9800,0.9800,0.9800,0.9800
6,0.9800,0.9800,0.9800,0.9800
7,0.9800,0.9800,0.9800,0.9800
8,0.9800,0.9800,0.9800,0.9800
9,0.9800,0.9800,0.9800,0.9800
10,0.9800,0.9800,0.9800,0.9800
11,0.9800,0.9800,0.9800,0.9800
12,0.9800,0.9800,0.9800,0.9800
13,0.9800,0.9800,0.9800,0.9800
14,0.9800,0.9800,0.9800,0.9800
15,0.9800,0.9800,0.9800,0.9800
16,0.9800,0.9800,0.9800,0.9800
17,0.9800,0.9800,0.9800,0.9800
18,0.9800,0.9800,0.9800,0.9800
19,0.9800,0.9800,0.9800,0.9800
20,0.9800,0.9800,0.9800,0.9800
21,0.9800,0.9800,0.9800,0.9800
22,0.9800,0.9800,0.9800,0.9800
23,0.9800,0.9800,0.9800,0.9800
24,0.9800,0.9800,0.9800,0.9800
25,0.9800,0.9800,0.9800,0.9800
26,0.9800,0.9800,0.9800,0.9800
27,0.9800,0.9800,0.9800,0.9800
28,0.9800,0.9800,0.9800,0.9800
29,0.9800,0.9800,0.9800,0.9800
30,0.9800,0.9800,0.9800,0.9800
31,0.9800,0.9800,0.9800,0.9800
32,0.9800,0.9800,0.9800,0.9800
33,0.9800,0.9800,0.9800,0.9800
34,0.9800,0.9800,0.9800,0.9800
35,0.9800,0.9800,0.9800,0.9800
36,0.9800,0.9800,0.9800,0.9800
37,0.9800,0.9800,0.9800,0.9800
38,0.9800,0.9800,0.9800,0.9800
39,0.9800,0.9800,0.9800,0.9800
40,0.9800,0.9800,0.9800,0.9800
41,0.9800,0.9800,0.9800,0.9800
42,0.9800,0.9800,0.9800,0.9800
43,0.9800,0.9800,0.9800,0.9800
44,0.9800,0.9800,0.9800,0.9800
45,0.9800,0.9800,0.9800,0.9800
46,0.9800,0.9800,0.9800,0.9800
47,0.9800,0.9800,0.9800,0.9800
48,0.9800,0.9800,0.9800,0.9800
49,0.9800,0.9800,0.9800,0.9800
50,0.9800,0.9800,0.9800,0.9800
51,0.9800,0.9800,0.9800,0.9800
52,0.9800,0.9800,0.9800,0.9800
53,0.9800,0.9800,0.9800,0.9800
54,0.9800,0.9800,0.9800,0.9800
55,0.9800,0.9800,0.9800,0.9800
56,0.9800,0.9800,0.9800,0.9800
57,0.9800,0.9800,0.9800,0.9800
58,0.9800,0.9800,0.9800,0.9800
59,0.9800,0.9800,0.9800,0.9800
60,0.9800,0.9800,0.9800,0.9800
61,0.9800,0.9800,0.9800,0.9800
62,0.9800,0.9800,0.9800,0.9800
63,0.9800,0.9800,0.9800,0.9800
64,0.9800,0.9800,0.9800,0.9800
65,0.9800,0.9800,0.9800,0.9800
66,0.9800,0.9800,0.9800,0.9800
67,0.9800,0.9800,0.9800,0.9800
68,0.9800,0.9800,0.9800,0.9800
69,0.9800,0.9800,0.9800,0.9800
70,0.9800,0.9800,0.9800,0.9800
71,0.9800,0.9800,0.9800,0.9800
72,0.9800,0.9800,0.9800,0.9800
73,0.9800,0.9800,0.9800,0.9800
74,0.9800,0.9800,0.9800,0.9800
75,0.9800,0.9800,0.9800,0.9800
76,0.9800,0.9800,0.9800,0.9800
77,0.9800,0.9800,0.9800,0.9800
78,0.9800,0.9800,0.9800,0.9800
79,0.9800,0.9800,0.9800,0.9800
80,0.9800,0.9800,0.9800,0.9800
81,0.9800,0.9800,0.9800,0.9800
82,0.9800,0.9800,0.9800,0.9800
83,0.9800,0.9800,0.9800,0.9800
84,0.9800,0.9800,0.9800,0.9800
85,0.9800,0.9800,0.9800,0.9800
86,0.9800,0.9800,0.9800,0.9800
87,0.9800,0.9800,0.9800,0.9800
88,0.9800,0.9800,0.9800,0.9800
89,0.9800,0.9800,0.9800,0.9800
90,0.9800,0.9800,0.9800,0.9800
91,0.9800,0.9800,0.9800,0.9800
92,0.9800,0.9800,0.9800,0.9800
93,0.9800,0.9800,0.9800,0.9800
94,0.9800,0.9800,0.9800,0.9800
95,0.9800,0.9800,0.9800,0.9800
96,0.9800,0.9800,0.9800,0.9800
97,0.9800,0.9800,0.9800,0.9800
98,0.9800,0.9800,0.9800,0.9800
99,0.9800,0.9800,0.9800,0.9800
100,0.9800,0.9800,0.9800,0.9800
101,0.9800,0.9800,0.9800,0.9800
102,0.9800,0.9800,0.9800,0.9800
103,0.9800,0.9800,0.9800,0.9800
104,0.9800,0.9800,0.9800,0.9800
105,0.9800,0.9800,0.9800,0.9800
106,0.9800,0.9800,0.9800,0.9800
107,0.9800,0.9800,0.9800,0.9800
108,0.9800,0.9800,0.9800,0.9800
109,0.9800,0.9800,0.9800,0.9800
110,0.9800,0.9800,0.9800,0.9800
111,0.9800,0.9800,0.9800,0.9800
112,0.9800,0.9800,0.9800,0.9800
113,0.9800,0.9800,0.9800,0.9800
114,0.9800,0.9800,0.9800,0.9800
115,0.9800,0.9800,0.9800,0.9800
116,0.9800,0.9800,0.9800,0.9800
117,0.9800,0.9800,0.9800,0.9800
118,0.9800,0.9800,0.9800,0.9800
119,0.9800,0.9800,0.9800,0.9800
120,0.9800,0.9800,0.9800,0.9800
121,0.9800,0.9800,0.9800,0.9800
122,0.9800,0.9800,0.9800,0.9800
123,0.9800,0.9800,0.9800,0.9800
124,0.9800,0.9800,0.9800,0.9800
125,0.9800,0.9800,0.9800,0.9800
126,0.9800,0.9800,0.9800,0.9800
127,0.9800,0.9800,0.9800,0.9800
128,0.9800,0.9800,0.9800,0.9800
129,0.9800,0.9800,0.9800,0.9800
130,0.9800,0.9800,0.9800,0.9800
131,0.9800,0.9800,0.9800,0.9800
132,0.9800,0.9800,0.9800,0.9800
133,0.9800,0.9800,0.9800,0.9800
134,0.9800,0.9800,0.9800,0.9800
135,0.9800,0.9800,0.9800,0.9800
136,0.9800,0.9800,0.9800,0.9800
137,0.9800,0.9800,0.9800,0.9800
138,0.9800,0.9800,0.9800,0.9800
139,0.9800,0.9800,0.9800,0.9800
140,0.9800,0.9800,0.9800,0.9800
141,0.9800,0.9800,0.9800,0.9800
142,0.9800,0.9800,0.9800,0.9800
143,0.9800,0.9800,0.9800,0.9800
144,0.9800,0.9800,0.9800,0.9800
145,0.9800,0.9800,0.9800,0.9800
146,0.9800,0.9800,0.9800,0.9800
147,0.9800,0.9800,0.9800,0.9800
148,0.9800,0.9800,0.9800,0.9800
149,0.9800,0.9800,0.9800,0.9800
150,0.9800,0.9800,0.9800,0.9800
151,0.9800,0.9800,0.9800,0.9800
152,0.9800,0.9800,0.9800,0.9800
153,0.9800,0.9800,0.9800,0.9800
154,0.9800,0.9800,0.9800,0.9800
155,0.9800,0.9800,0.9800,0.9800
156,0.9800,0.9800,0.9800,0.9800
157,0.9800,0.9800,0.9800,0.9800
158,0.9800,0.9800,0.9800,0.9800
159,0.9800,0.9800,0.9800,0.9800
160,0.9800,0.9800,0.9800,0.9800
161,0.9800,0.9800,0.9800,0.9800
162,0.9800,0.9800,0.9800,0.9800
163,0.9800,0.9800,0.9800,0.9800
164,0.9800,0.9800,0.9800,0.9800
165,0.9800,0.9800,0.9800,0.9800
166,0.9800,0.9800,0.9800,0.9800
167,0.9800,0.9800,0.9800,0.9800
168,0.9800,0.9800,0.9800,0.9800
169,0.9800,0.9800,0.9800,0.9800
170,0.9800,0.9800,0.9800,0.9800
171,0.9800,0.9800,0.9800,0.9800
172,0.9800,0.9800,0.9800,0.9800
173,0.9800,0.9800,0.9800,0.9800
174,0.9800,0.9800,0.9800,0.9800
175,0.9800,0.9800,0.9800,0.9800
176,0.9800,0.9800,0.9800,0.9800
177,0.9800,0.9800,0.9800,0.9800
178,0.9800,0.9800,0.9800,0.9800
179,0.9800,0.9800,0.9800,0.9800
180,0.9800,0.9800,0.9800,0.9800
181,0.9800,0.9800,0.9800,0.9800
182,0.9800,0.9800,0.9800,0.9800
183,0.9800,0.9800,0.9800,0.9800
184,0.9800,0.9800,0.9800,0.9800
185,0.9800,0.9800,0.9800,0.9800
186,0.9800,0.9800,0.9800,0.9800
187,0.9800,0.9800,0.9800,0.9800
188,0.9800,0.9800,0.9800,0.9800
189,0.9800,0.9800,0.9800,0.9800
190,0.9800,0.9800,0.9800,0.9800
191,0.9800,0.9800,0.9800,0.9800
192,0.9800,0.9800,0.9800,0.9800
193,0.9800,0.9800,0.9800,0.9800
194,0.9800,0.9800,0.9800,0.9800
195,0.9800,0.9800,0.9800,0.9800
196,0.9800,0.9800,0.9800,0.9800
197,0.9800,0.9800,0.9800,0.9800
198,0.9800,0.9800,0.9800,0.9800
199,0.9800,0.9800,0.9800,0.9800
200,0.9800,0.9800,0.9800,0.9800
201,0.9800,0.9800,0.9800,0.9800
202,0.9800,0.9800,0.9800,0.9800
203,0.9800,0.9800,0.9800,0.9800
204,0.9800,0.9800,0.9800,0.9800
205,0.9800,0.9800,0.9800,0.9800
206,0.9800,0.9800,0.9800,0.9800
207,0.9800,0.9800,0.9800,0.9800
208,0.9800,0.9800,0.9800,0.9800
209,0.9800,0.9800,0.9800,0.9800
210,0.9800,0.9800,0.9800,0.9800
211,0.9800,0.9800,0.9800,0.9800
212,0.9800,0.9800,0.9800,0.9800
213,0.9800,0.9800,0.9800,0.9800
214,0.9800,0.9800,0.9800,0.9800
215,0.9800,0.9800,0.9800,0.9800
216,0.9800,0.9800,0.9800,0.9800
217,0.9800,0.9800,0.9800,0.9800
218,0.9800,0.9800,0.9800,0.9800
219,0.9800,0.9800,0.9800,0.9800
220,0.5860,0.7267,0.9800,0.9800
221,0.8431,0.8202,0.9800,0.9800
222,0.7544,0.7037,0.9800,0.9800
223,0.5597,0.5717,0.9800,0.9800
224,0.7499,0.5877,0.9800,0.9800
225,0.6777,0.7891,0.9800,0.9800
226,0.7361,0.7416,0.9800,0.9800
227,0.7807,0.7481,0.9800,0.9800
228,0.6856,0.6732,0.9800,0.9800
229,0.8198,0.7378,0.9800,0.9800
230,0.8417,0.7193,0.9800,0.9800
231,0.8200,0.6251,0.9800,0.9800
232,0.5703,0.7600,0.9800,0.9800
233,0.7647,0.7239,0.9800,0.9800
234,0.7969,0.6435,0.9800,0.9800
235,0.7001,0.6548,0.9800,0.9800
236,0.7247,0.8209,0.9800,0.9800
237,0.7162,0.7708,0.9800,0.9800
238,0.6855,0.6194,0.9800,0.9800
239,0.6312,0.8181,0.9800,0.9800
240,0.6910,0.6191,0.9800,0.9800
241,0.7633,0.6509,0.9800,0.9800
242,0.7904,0.7622,0.9800,0.9800
243,0.7462,0.5822,0.9800,0.9800
244,0.6277,0.7153,0.9800,0.9800
245,0.5772,0.7688,0.9800,0.9800
246,0.6375,0.8490,0.9800,0.9800
247,0.7407,0.6336,0.9800,0.9800
248,0.7742,0.6690,0.9800,0.9800
249,0.7014,0.7879,0.9800,0.9800
250,0.8262,0.5985,0.9800,0.9800
251,0.5854,0.7504,0.9800,0.9800
252,0.7339,0.6482,0.9800,0.9800
253,0.6306,0.6781,0.9800,0.9800
254,0.7198,0.8308,0.9800,0.9800
255,0.7930,0.8240,0.9800,0.9800
256,0.5748,0.6974,0.9800,0.9800
257,0.7733,0.7352,0.9800,0.9800
258,0.6908,0.8278,0.9800,0.9800
259,0.6424,0.6499,0.9800,0.9800
260,0.5775,0.5759,0.9800,0.9800
261,0.6910,0.5566,0.9800,0.9800
262,0.8042,0.5985,0.9800,0.9800
263,0.8007,0.8068,0.9800,0.9800
264,0.7591,0.7418,0.9800,0.9800
265,0.7049,0.6247,0.9800,0.9800
266,0.7568,0.6016,0.9800,0.9800
267,0.6360,0.8150,0.9800,0.9800
268,0.6285,0.7909,0.9800,0.9800
269,0.7547,0.8354,0.9800,0.9800
270,0.6370,0.8481,0.9800,0.9800
271,0.5755,0.7675,0.9800,0.9800
272,0.5611,0.6300,0.9800,0.9800
273,0.8323,0.6033,0.9800,0.9800
274,0.8402,0.6743,0.9800,0.9800
275,0.5582,0.6963,0.9800,0.9800
276,0.8473,0.6680,0.9800,0.9800
277,0.6676,0.5668,0.9800,0.9800
278,0.8417,0.5840,0.9800,0.9800
279,0.7706,0.6381,0.9800,0.9800
280,0.8231,0.7459,0.9800,0.9800
281,0.8329,0.7598,0.9800,0.9800
282,0.6274,0.5945,0.9800,0.9800
283,0.6254,0.7019,0.9800,0.9800
284,0.6905,0.6401,0.9800,0.9800
285,0.6126,0.7337,0.9800,0.9800
286,0.7101,0.6767,0.9800,0.9800
287,0.6907,0.7189,0.9800,0.9800
288,0.5859,0.8239,0.9800,0.9800
289,0.7175,0.7335,0.9800,0.9800
290,0.7551,0.7133,0.9800,0.9800
291,0.8400,0.8475,0.9800,0.9800
292,0.8167,0.5615,0.9800,0.9800
293,0.7333,0.7595,0.9800,0.9800
294,0.6675,0.8086,0.9800,0.9800
295,0.5668,0.7896,0.9800,0.9800
296,0.5765,0.7061,0.9800,0.9800
297,0.6495,0.5638,0.9800,0.9800
298,0.6211,0.6280,0.9800,0.9800
299,0.8325,0.5607,0.9800,0.9800
300,0.5542,0.5877,0.9800,0.9800
301,0.7727,0.7767,0.9800,0.9800
302,0.5966,0.6003,0.9800,0.9800
303,0.6381,0.6856,0.9800,0.9800
304,0.8483,0.7422,0.9800,0.9800
305,0.6925,0.8463,0.9800,0.9800
306,0.5731,0.8436,0.9800,0.9800
307,0.5512,0.7776,0.9800,0.9800
308,0.8051,0.7756,0.9800,0.9800
309,0.7717,0.7147,0.9800,0.9800
310,0.6306,0.7782,0.9800,0.9800
311,0.7840,0.6263,0.9800,0.9800
312,0.6159,0.5887,0.9800,0.9800
313,0.8220,0.6851,0.9800,0.9800
314,0.5546,0.5739,0.9800,0.9800
315,0.8231,0.5781,0.9800,0.9800
316,0.6279,0.5714,0.9800,0.9800
317,0.5720,0.6977,0.9800,0.9800
318,0.7433,0.5663,0.9800,0.9800
319,0.7473,0.6648,0.9800,0.9800
320,0.7834,0.7097,0.9800,0.9800
321,0.7978,0.7307,0.9800,0.9800
322,0.6697,0.7425,0.9800,0.9800
323,0.6876,0.8191,0.9800,0.9800
324,0.6673,0.8005,0.9800,0.9800
325,0.5865,0.8143,0.9800,0.9800
326,0.7283,0.7142,0.9800,0.9800
327,0.6815,0.7028,0.9800,0.9800
328,0.6279,0.5960,0.9800,0.9800
329,0.6881,0.6120,0.9800,0.9800
330,0.8174,0.7269,0.9800,0.9800
331,0.7427,0.6792,0.9800,0.9800
332,0.5774,0.7361,0.9800,0.9800
333,0.5674,0.8281,0.9800,0.9800
334,0.8351,0.6918,0.9800,0.9800
335,0.7693,0.5984,0.9800,0.9800
336,0.8234,0.7196,0.9800,0.9800
337,0.5981,0.7928,0.9800,0.9800
338,0.6934,0.8075,0.9800,0.9800
339,0.6884,0.6282,0.9800,0.9800
340,0.6935,0.7325,0.9800,0.9800
341,0.6259,0.7701,0.9800,0.9800
342,0.5818,0.5694,0.9800,0.9800
343,0.7658,0.5840,0.9800,0.9800
344,0.6110,0.5756,0.9800,0.9800
345,0.7586,0.5512,0.9800,0.9800
346,0.6696,0.7615,0.9800,0.9800
347,0.8392,0.7507,0.9800,0.9800
348,0.5644,0.6061,0.9800,0.9800
349,0.7569,0.6093,0.9800,0.9800
350,0.6107,0.5762,0.9800,0.9800
351,0.6402,0.6081,0.9800,0.9800
352,0.5654,0.6744,0.9800,0.9800
353,0.8375,0.7741,0.9800,0.9800
354,0.5672,0.6641,0.9800,0.9800
355,0.7864,0.7014,0.9800,0.9800
356,0.5645,0.6731,0.9800,0.9800
357,0.6335,0.7290,0.9800,0.9800
358,0.7520,0.8426,0.9800,0.9800
359,0.7043,0.7565,0.9800,0.9800
360,0.5831,0.6324,0.9800,0.9800
361,0.7545,0.7797,0.9800,0.9800
362,0.7202,0.7364,0.9800,0.9800
363,0.8012,0.7974,0.9800,0.9800
364,0.8288,0.5969,0.9800,0.9800
365,0.7661,0.7967,0.9800,0.9800
366,0.6981,0.7342,0.9800,0.9800
367,0.5726,0.6299,0.9800,0.9800
368,0.6092,0.6877,0.9800,0.9800
369,0.5632,0.7688,0.9800,0.9800
370,0.6382,0.6847,0.9800,0.9800
371,0.5728,0.8285,0.9800,0.9800
372,0.6421,0.6542,0.9800,0.9800
373,0.7306,0.7784,0.9800,0.9800
374,0.5721,0.7655,0.9800,0.9800
375,0.5651,0.5561,0.9800,0.9800
376,0.6949,0.5853,0.9800,0.9800
377,0.5660,0.7315,0.9800,0.9800
378,0.8181,0.6839,0.9800,0.9800
379,0.7902,0.6897,0.9800,0.9800
380,0.6868,0.6711,0.9800,0.9800
381,0.8125,0.7420,0.9800,0.9800
382,0.6886,0.7950,0.9800,0.9800
383,0.6418,0.7519,0.9800,0.9800
384,0.7893,0.8109,0.9800,0.9800
385,0.6652,0.5639,0.9800,0.9800
386,0.5651,0.7642,0.9800,0.9800
387,0.5657,0.6743,0.9800,0.9800
388,0.6660,0.6089,0.9800,0.9800
389,0.5787,0.6674,0.9800,0.9800
390,0.5583,0.5720,0.9800,0.9800
391,0.7475,0.7561,0.9800,0.9800
392,0.6099,0.6121,0.9800,0.9800
393,0.7933,0.6796,0.9800,0.9800
394,0.6266,0.6688,0.9800,0.9800
395,0.6405,0.8430,0.9800,0.9800
396,0.7349,0.7981,0.9800,0.9800
397,0.7546,0.7724,0.9800,0.9800
398,0.5570,0.6523,0.9800,0.9800
399,0.6433,0.5938,0.9800,0.9800
400,0.9800,0.9800,0.9800,0.9800
401,0.9800,0.9800,0.9800,0.9800
402,0.9800,0.9800,0.9800,0.9800
403,0.9800,0.9800,0.9800,0.9800
404,0.9800,0.9800,0.9800,0.9800
405,0.9800,0.9800,0.9800,0.9800
406,0.9800,0.9800,0.9800,0.9800
407,0.9800,0.9800,0.9800,0.9800
408,0.9800,0.9800,0.9800,0.9800
409,0.9800,0.9800,0.9800,0.9800
410,0.9800,0.9800,0.9800,0.9800
411,0.9800,0.9800,0.9800,0.9800
412,0.9800,0.9800,0.9800,0.9800
413,0.9800,0.9800,0.9800,0.9800
414,0.9800,0.9800,0.9800,0.9800
415,0.9800,0.9800,0.9800,0.9800
416,0.9800,0.9800,0.9800,0.9800
417,0.9800,0.9800,0.9800,0.9800
418,0.9800,0.9800,0.9800,0.9800
419,0.9800,0.9800,0.9800,0.9800
420,0.9800,0.9800,0.9800,0.9800
421,0.9800,0.9800,0.9800,0.9800
422,0.9800,0.9800,0.9800,0.9800
423,0.9800,0.9800,0.9800,0.9800
424,0.9800,0.9800,0.9800,0.9800
425,0.9800,0.9800,0.9800,0.9800
426,0.9800,0.9800,0.9800,0.9800
427,0.9800,0.9800,0.9800,0.9800
428,0.9800,0.9800,0.9800,0.9800
429,0.9800,0.9800,0.9800,0.9800
430,0.9800,0.9800,0.9800,0.9800
431,0.9800,0.9800,0.9800,0.9800
432,0.9800,0.9800,0.9800,0.9800
433,0.9800,0.9800,0.9800,0.9800
434,0.9800,0.9800,0.9800,0.9800
435,0.9800,0.9800,0.9800,0.9800
436,0.9800,0.9800,0.9800,0.9800
437,0.9800,0.9800,0.9800,0.9800
438,0.9800,0.9800,0.9800,0.9800
439,0.8275,0.7645,0.9800,0.9800
440,0.7307,0.7193,0.9800,0.9800
441,0.6720,0.6735,0.9800,0.9800
442,0.8124,0.7920,0.9800,0.9800
443,0.8096,0.5654,0.9800,0.9800
444,0.7445,0.5875,0.9800,0.9800
445,0.7283,0.7167,0.9800,0.9800
446,0.7743,0.7807,0.9800,0.9800
447,0.8442,0.8054,0.9800,0.9800
448,0.6306,0.6863,0.9800,0.9800
449,0.7108,0.5585,0.9800,0.9800
450,0.6490,0.7225,0.9800,0.9800
451,0.9800,0.9800,0.9800,0.9800
452,0.9800,0.9800,0.9800,0.9800
453,0.9800,0.9800,0.9800,0.9800
454,0.9800,0.9800,0.9800,0.9800
455,0.9800,0.9800,0.9800,0.9800
456,0.9800,0.9800,0.9800,0.9800
457,0.9800,0.9800,0.9800,0.9800
458,0.9800,0.9800,0.9800,0.9800
459,0.9800,0.9800,0.9800,0.9800
460,0.9800,0.9800,0.9800,0.9800
461,0.9800,0.9800,0.9800,0.9800
462,0.9800,0.9800,0.9800,0.9800
463,0.9800,0.9800,0.9800,0.9800
464,0.9800,0.9800,0.9800,0.9800
465,0.9800,0.9800,0.9800,0.9800
466,0.9800,0.9800,0.9800,0.9800
467,0.9800,0.9800,0.9800,0.9800
468,0.9800,0.9800,0.9800,0.9800
469,0.9800,0.9800,0.9800,0.9800
470,0.9800,0.9800,0.9800,0.9800
471,0.9800,0.9800,0.9800,0.9800
472,0.9800,0.9800,0.9800,0.9800
473,0.9800,0.9800,0.9800,0.9800
474,0.9800,0.9800,0.9800,0.9800
475,0.9800,0.9800,0.9800,0.9800
476,0.9800,0.9800,0.9800,0.9800
477,0.9800,0.9800,0.9800,0.9800
478,0.9800,0.9800,0.9800,0.9800
479,0.9800,0.9800,0.9800,0.9800
480,0.9800,0.9800,0.9800,0.9800
481,0.9800,0.9800,0.9800,0.9800
482,0.9800,0.9800,0.9800,0.9800
483,0.9800,0.9800,0.9800,0.9800
484,0.9800,0.9800,0.9800,0.9800
485,0.9800,0.9800,0.9800,0.9800
486,0.9800,0.9800,0.9800,0.9800
487,0.9800,0.9800,0.9800,0.9800
488,0.9800,0.9800,0.9800,0.9800
489,0.9800,0.9800,0.9800,0.9800
490,0.9800,0.9800,0.9800,0.9800
491,0.9800,0.9800,0.9800,0.9800
492,0.9800,0.9800,0.9800,0.9800
493,0.9800,0.9800,0.9800,0.9800
494,0.9800,0.9800,0.9800,0.9800
495,0.9800,0.9800,0.9800,0.9800
496,0.9800,0.9800,0.9800,0.9800
497,0.9800,0.9800,0.9800,0.9800
498,0.9800,0.9800,0.9800,0.9800
499,0.9800,0.9800,0.9800,0.9800
500,0.9800,0.9800,0.9800,0.9800
501,0.9800,0.9800,0.9800,0.9800
502,0.9800,0.9800,0.9800,0.9800
503,0.9800,0.9800,0.6816,0.8337
504,0.9800,0.9800,0.6800,0.6869
505,0.9800,0.9800,0.7248,0.6395
506,0.9800,0.9800,0.6158,0.8069
507,0.9800,0.9800,0.6147,0.7927
508,0.9800,0.9800,0.8356,0.6897
509,0.9800,0.9800,0.5905,0.7137
510,0.9800,0.9800,0.6294,0.7262
511,0.9800,0.9800,0.6853,0.6604
512,0.9800,0.9800,0.6831,0.8246
513,0.9800,0.9800,0.6590,0.7650
514,0.9800,0.9800,0.6373,0.8401
515,0.9800,0.9800,0.7495,0.7151
516,0.9800,0.9800,0.5564,0.6229
517,0.9800,0.9800,0.6192,0.6561
518,0.9800,0.9800,0.6579,0.6680
519,0.9800,0.9800,0.8128,0.6313
520,0.9800,0.9800,0.7771,0.6486
521,0.9800,0.9800,0.6117,0.6307
522,0.9800,0.9800,0.7984,0.7118
523,0.9800,0.9800,0.6497,0.6715
524,0.9800,0.9800,0.7660,0.6745
525,0.9800,0.9800,0.7411,0.5668
526,0.9800,0.9800,0.6404,0.6695
527,0.9800,0.9800,0.7833,0.6620
528,0.9800,0.9800,0.7353,0.7792
529,0.9800,0.9800,0.5923,0.7465
530,0.9800,0.9800,0.6990,0.7415
531,0.9800,0.9800,0.6218,0.6343
532,0.9800,0.9800,0.6453,0.6427
533,0.9800,0.9800,0.7357,0.5933
534,0.9800,0.9800,0.7886,0.7281
535,0.9800,0.9800,0.7619,0.5517
536,0.9800,0.9800,0.7956,0.6139
537,0.9800,0.9800,0.6869,0.7629
538,0.9800,0.9800,0.9800,0.9800
539,0.9800,0.9800,0.9800,0.9800
540,0.9800,0.9800,0.9800,0.9800
541,0.9800,0.9800,0.9800,0.9800
542,0.9800,0.9800,0.9800,0.9800
543,0.9800,0.9800,0.9800,0.9800
544,0.9800,0.9800,0.9800,0.9800
545,0.9800,0.9800,0.5919,0.7810
546,0.9800,0.9800,0.5782,0.7157
547,0.9800,0.9800,0.8341,0.5531
548,0.9800,0.9800,0.7056,0.7283
549,0.9800,0.9800,0.6283,0.5505
550,0.9800,0.9800,0.6995,0.6825
551,0.9800,0.9800,0.8079,0.5623
552,0.9800,0.9800,0.6046,0.6490
553,0.9800,0.9800,0.8277,0.8408
554,0.9800,0.9800,0.8444,0.6848
555,0.9800,0.9800,0.6650,0.7627
556,0.9800,0.9800,0.7963,0.7411
557,0.9800,0.9800,0.5796,0.8462
558,0.9800,0.9800,0.6556,0.8074
559,0.9800,0.9800,0.7076,0.5689
560,0.9800,0.9800,0.6967,0.6894
561,0.9800,0.9800,0.7492,0.7309
562,0.9800,0.9800,0.7908,0.6233
563,0.9800,0.9800,0.7039,0.6516
564,0.9800,0.9800,0.5780,0.6018
565,0.9800,0.9800,0.6687,0.7217
566,0.9800,0.9800,0.6674,0.7462
567,0.9800,0.9800,0.6791,0.6887
568,0.9800,0.9800,0.6819,0.6022
569,0.9800,0.9800,0.6447,0.5673
570,0.9800,0.9800,0.5796,0.5732
571,0.9800,0.9800,0.5900,0.6523
572,0.9800,0.9800,0.5950,0.6835
573,0.9800,0.9800,0.7286,0.8332
574,0.9800,0.9800,0.7261,0.6955
575,0.9800,0.9800,0.7310,0.7952
576,0.9800,0.9800,0.5701,0.5906
577,0.9800,0.9800,0.5594,0.6219
578,0.9800,0.9800,0.6801,0.6780
579,0.9800,0.9800,0.8046,0.6879
580,0.9800,0.9800,0.7711,0.5939
581,0.9800,0.9800,0.5550,0.6260
582,0.9800,0.9800,0.7915,0.7054
583,0.9800,0.9800,0.6062,0.6875
584,0.9800,0.9800,0.6442,0.7005
585,0.9800,0.9800,0.6094,0.8005
586,0.9800,0.9800,0.6217,0.7555
587,0.9800,0.9800,0.6653,0.7732
588,0.9800,0.9800,0.7557,0.7924
589,0.9800,0.9800,0.8291,0.5554
590,0.9800,0.9800,0.7869,0.6939
591,0.9800,0.9800,0.6996,0.7724
592,0.9800,0.9800,0.8363,0.7785
593,0.9800,0.9800,0.8023,0.7646
594,0.9800,0.9800,0.6558,0.5805
595,0.9800,0.9800,0.8373,0.5611
596,0.9800,0.9800,0.8435,0.6870
597,0.9800,0.9800,0.9800,0.9800
598,0.9800,0.9800,0.9800,0.9800
599,0.9800,0.9800,0.9800,0.9800
600,0.9800,0.9800,0.9800,0.9800
601,0.9800,0.9800,0.9800,0.9800
602,0.9800,0.9800,0.9800,0.9800
603,0.9800,0.9800,0.9800,0.9800
604,0.9800,0.9800,0.9800,0.9800
605,0.9800,0.9800,0.6571,0.6965
606,0.9800,0.9800,0.6253,0.6521
607,0.9800,0.9800,0.6830,0.7666
608,0.9800,0.9800,0.7515,0.6766
609,0.9800,0.9800,0.6686,0.5716
610,0.9800,0.9800,0.6897,0.7778
611,0.9800,0.9800,0.7759,0.7476
612,0.9800,0.9800,0.7756,0.8275
613,0.9800,0.9800,0.8334,0.6158
614,0.9800,0.9800,0.6656,0.6698
615,0.9800,0.9800,0.5732,0.6472
616,0.9800,0.9800,0.9800,0.9800
617,0.9800,0.9800,0.9800,0.9800
618,0.9800,0.9800,0.9800,0.9800
619,0.9800,0.9800,0.9800,0.9800
620,0.9800,0.9800,0.9800,0.9800
621,0.9800,0.9800,0.9800,0.9800
622,0.9800,0.9800,0.9800,0.9800
623,0.9800,0.9800,0.9800,0.9800
624,0.9800,0.9800,0.9800,0.9800
625,0.9800,0.9800,0.9800,0.9800
626,0.9800,0.9800,0.9800,0.9800
627,0.9800,0.9800,0.9800,0.9800
628,0.9800,0.9800,0.9800,0.9800
629,0.9800,0.9800,0.9800,0.9800
630,0.9800,0.9800,0.9800,0.9800
631,0.9800,0.9800,0.9800,0.9800
632,0.9800,0.9800,0.9800,0.9800
633,0.9800,0.9800,0.9800,0.9800
634,0.9800,0.9800,0.9800,0.9800
635,0.9800,0.9800,0.9800,0.9800
636,0.9800,0.9800,0.9800,0.9800
637,0.9800,0.9800,0.9800,0.9800
638,0.9800,0.9800,0.9800,0.9800
639,0.9800,0.9800,0.9800,0.9800
640,0.9800,0.9800,0.9800,0.9800
641,0.9800,0.9800,0.9800,0.9800
642,0.9800,0.9800,0.9800,0.9800
643,0.9800,0.9800,0.9800,0.9800
644,0.9800,0.9800,0.9800,0.9800
645,0.9800,0.9800,0.9800,0.9800
646,0.9800,0.9800,0.9800,0.9800
647,0.9800,0.9800,0.9800,0.9800
648,0.9800,0.9800,0.9800,0.9800
649,0.9800,0.9800,0.9800,0.9800
650,0.9800,0.9800,0.9800,0.9800
651,0.9800,0.9800,0.9800,0.9800
652,0.9800,0.9800,0.9800,0.9800
653,0.9800,0.9800,0.9800,0.9800
654,0.9800,0.9800,0.9800,0.9800
655,0.9800,0.9800,0.9800,0.9800
656,0.9800,0.9800,0.9800,0.9800
657,0.9800,0.9800,0.9800,0.9800
658,0.9800,0.9800,0.9800,0.9800
659,0.9800,0.9800,0.9800,0.9800
660,0.9800,0.9800,0.9800,0.9800
661,0.9800,0.9800,0.9800,0.9800
662,0.9800,0.9800,0.9800,0.9800
663,0.9800,0.9800,0.9800,0.9800
664,0.9800,0.9800,0.9800,0.9800
665,0.9800,0.9800,0.9800,0.9800
666,0.9800,0.9800,0.9800,0.9800
667,0.9800,0.9800,0.9800,0.9800
668,0.9800,0.9800,0.9800,0.9800
669,0.9800,0.9800,0.9800,0.9800
670,0.9800,0.9800,0.9800,0.9800
671,0.9800,0.9800,0.9800,0.9800
672,0.9800,0.9800,0.9800,0.9800
673,0.9800,0.9800,0.9800,0.9800
674,0.9800,0.9800,0.9800,0.9800
675,0.9800,0.9800,0.9800,0.9800
676,0.9800,0.9800,0.9800,0.9800
677,0.9800,0.9800,0.9800,0.9800
678,0.9800,0.9800,0.9800,0.9800
679,0.9800,0.9800,0.9800,0.9800
680,0.9800,0.9800,0.9800,0.9800
681,0.9800,0.9800,0.9800,0.9800
682,0.9800,0.9800,0.9800,0.9800
683,0.9800,0.9800,0.9800,0.9800
684,0.9800,0.9800,0.9800,0.9800
685,0.9800,0.9800,0.9800,0.9800
686,0.9800,0.9800,0.9800,0.9800
687,0.9800,0.9800,0.9800,0.9800
688,0.9800,0.9800,0.9800,0.9800
689,0.9800,0.9800,0.9800,0.9800
690,0.9800,0.9800,0.9800,0.9800
691,0.9800,0.9800,0.9800,0.9800
692,0.9800,0.9800,0.9800,0.9800
693,0.9800,0.9800,0.9800,0.9800
694,0.9800,0.9800,0.9800,0.9800
695,0.9800,0.9800,0.9800,0.9800
696,0.9800,0.9800,0.9800,0.9800
697,0.9800,0.9800,0.9800,0.9800
698,0.9800,0.9800,0.9800,0.9800
699,0.9800,0.9800,0.9800,0.9800
700,0.9800,0.9800,0.9800,0.9800
701,0.9800,0.9800,0.9800,0.9800
702,0.9800,0.9800,0.9800,0.9800
703,0.9800,0.9800,0.9800,0.9800
704,0.9800,0.9800,0.9800,0.9800
705,0.9800,0.9800,0.9800,0.9800
706,0.9800,0.9800,0.9800,0.9800
707,0.9800,0.9800,0.9800,0.9800
708,0.9800,0.9800,0.9800,0.9800
709,0.9800,0.9800,0.9800,0.9800
710,0.9800,0.9800,0.9800,0.9800
711,0.9800,0.9800,0.9800,0.9800
712,0.9800,0.9800,0.9800,0.9800
713,0.9800,0.9800,0.9800,0.9800
714,0.9800,0.9800,0.9800,0.9800
715,0.9800,0.9800,0.9800,0.9800
716,0.9800,0.9800,0.9800,0.9800
717,0.9800,0.9800,0.9800,0.9800
718,0.9800,0.9800,0.9800,0.9800
719,0.9800,0.9800,0.9800,0.9800
720,0.9800,0.9800,0.9800,0.9800
721,0.9800,0.9800,0.9800,0.9800
722,0.9800,0.9800,0.9800,0.9800
723,0.9800,0.9800,0.9800,0.9800
724,0.9800,0.9800,0.9800,0.9800
725,0.9800,0.9800,0.9800,0.9800
726,0.9800,0.9800,0.9800,0.9800
727,0.9800,0.9800,0.9800,0.9800
728,0.9800,0.9800,0.9800,0.9800
729,0.9800,0.9800,0.9800,0.9800
730,0.9800,0.9800,0.9800,0.9800
731,0.9800,0.9800,0.9800,0.9800
732,0.9800,0.9800,0.9800,0.9800
733,0.9800,0.9800,0.9800,0.9800
734,0.9800,0.9800,0.9800,0.9800
735,0.9800,0.9800,0.9800,0.9800
736,0.9800,0.9800,0.9800,0.9800
737,0.9800,0.9800,0.9800,0.9800
738,0.9800,0.9800,0.9800,0.9800
739,0.9800,0.9800,0.9800,0.9800
740,0.9800,0.9800,0.9800,0.9800
741,0.9800,0.9800,0.9800,0.9800
742,0.9800,0.9800,0.9800,0.9800
743,0.9800,0.9800,0.9800,0.9800
744,0.9800,0.9800,0.9800,0.9800
745,0.9800,0.9800,0.9800,0.9800
746,0.9800,0.9800,0.9800,0.9800
747,0.9800,0.9800,0.9800,0.9800
748,0.9800,0.9800,0.9800,0.9800
749,0.9800,0.9800,0.9800,0.9800
750,0.9800,0.9800,0.9800,0.9800
751,0.9800,0.9800,0.9800,0.9800
752,0.9800,0.9800,0.9800,0.9800
753,0.9800,0.9800,0.9800,0.9800
754,0.9800,0.9800,0.9800,0.9800
755,0.9800,0.9800,0.9800,0.9800
756,0.9800,0.9800,0.9800,0.9800
757,0.9800,0.9800,0.9800,0.9800
758,0.9800,0.9800,0.9800,0.9800
759,0.9800,0.9800,0.9800,0.9800
760,0.9800,0.9800,0.9800,0.9800
761,0.9800,0.9800,0.9800,0.9800
762,0.9800,0.9800,0.9800,0.9800
763,0.9800,0.9800,0.9800,0.9800
764,0.9800,0.9800,0.9800,0.9800
765,0.9800,0.9800,0.9800,0.9800
766,0.9800,0.9800,0.9800,0.9800
767,0.9800,0.9800,0.9800,0.9800
768,0.9800,0.9800,0.9800,0.9800
769,0.9800,0.9800,0.9800,0.9800
770,0.9800,0.9800,0.9800,0.9800
771,0.9800,0.9800,0.9800,0.9800
772,0.9800,0.9800,0.9800,0.9800
773,0.9800,0.9800,0.9800,0.9800
774,0.9800,0.9800,0.9800,0.9800
775,0.9800,0.9800,0.9800,0.9800
776,0.9800,0.9800,0.9800,0.9800
777,0.9800,0.9800,0.9800,0.9800
778,0.9800,0.9800,0.9800,0.9800
779,0.9800,0.9800,0.9800,0.9800
780,0.9800,0.9800,0.9800,0.9800
781,0.9800,0.9800,0.9800,0.9800
782,0.9800,0.9800,0.9800,0.9800
783,0.9800,0.9800,0.9800,0.9800
784,0.9800,0.9800,0.9800,0.9800
785,0.9800,0.9800,0.9800,0.9800
786,0.9800,0.9800,0.9800,0.9800
787,0.9800,0.9800,0.9800,0.9800
788,0.9800,0.9800,0.9800,0.9800
789,0.9800,0.9800,0.9800,0.9800
790,0.9800,0.9800,0.9800,0.9800
791,0.9800,0.9800,0.9800,0.9800
792,0.9800,0.9800,0.9800,0.9800
793,0.9800,0.9800,0.9800,0.9800
794,0.9800,0.9800,0.9800,0.9800
795,0.9800,0.9800,0.9800,0.9800
796,0.9800,0.9800,0.9800,0.9800
797,0.9800,0.9800,0.9800,0.9800
798,0.9800,0.9800,0.9800,0.9800
799,0.9800,0.9800,0.9800,0.9800
800,0.9800,0.9800,0.9800,0.9800
801,0.9800,0.9800,0.9800,0.9800
802,0.9800,0.9800,0.9800,0.9800
803,0.9800,0.9800,0.9800,0.9800
804,0.9800,0.9800,0.9800,0.9800
805,0.9800,0.9800,0.9800,0.9800
806,0.9800,0.9800,0.9800,0.9800
807,0.9800,0.9800,0.9800,0.9800
808,0.9800,0.9800,0.9800,0.9800
809,0.9800,0.9800,0.9800,0.9800
810,0.9800,0.9800,0.9800,0.9800
811,0.9800,0.9800,0.9800,0.9800
812,0.9800,0.9800,0.9800,0.9800
813,0.9800,0.9800,0.9800,0.9800
814,0.9800,0.9800,0.9800,0.9800
815,0.9800,0.9800,0.9800,0.9800
816,0.9800,0.9800,0.9800,0.9800
817,0.9800,0.9800,0.9800,0.9800
818,0.9800,0.9800,0.9800,0.9800
819,0.9800,0.9800,0.9800,0.9800
820,0.9800,0.9800,0.9800,0.9800
821,0.9800,0.9800,0.9800,0.9800
822,0.9800,0.9800,0.9800,0.9800
823,0.9800,0.9800,0.9800,0.9800
824,0.9800,0.9800,0.9800,0.9800
825,0.9800,0.9800,0.9800,0.9800
826,0.9800,0.9800,0.9800,0.9800
827,0.9800,0.9800,0.9800,0.9800
828,0.9800,0.9800,0.9800,0.9800
829,0.9800,0.9800,0.9800,0.9800
830,0.9800,0.9800,0.9800,0.9800
831,0.9800,0.9800,0.9800,0.9800
832,0.9800,0.9800,0.9800,0.9800
833,0.9800,0.9800,0.9800,0.9800
834,0.9800,0.9800,0.9800,0.9800
835,0.9800,0.9800,0.9800,0.9800
836,0.9800,0.9800,0.9800,0.9800
837,0.9800,0.9800,0.9800,0.9800
838,0.9800,0.9800,0.9800,0.9800
839,0.9800,0.9800,0.9800,0.9800
840,0.9800,0.9800,0.9800,0.9800
841,0.9800,0.9800,0.9800,0.9800
842,0.9800,0.9800,0.9800,0.9800
843,0.9800,0.9800,0.9800,0.9800
844,0.9800,0.9800,0.9800,0.9800
845,0.9800,0.9800,0.9800,0.9800
846,0.9800,0.9800,0.9800,0.9800
847,0.9800,0.9800,0.9800,0.9800
848,0.9800,0.9800,0.9800,0.9800
849,0.9800,0.9800,0.9800,0.9800
850,0.9800,0.9800,0.9800,0.9800
851,0.9800,0.9800,0.9800,0.9800
852,0.9800,0.9800,0.9800,0.9800
853,0.9800,0.9800,0.9800,0.9800
854,0.9800,0.9800,0.9800,0.9800
855,0.9800,0.9800,0.9800,0.9800
856,0.9800,0.9800,0.9800,0.9800
857,0.9800,0.9800,0.9800,0.9800
858,0.9800,0.9800,0.9800,0.9800
859,0.9800,0.9800,0.9800,0.9800
860,0.9800,0.9800,0.9800,0.9800
861,0.9800,0.9800,0.9800,0.9800
862,0.9800,0.9800,0.9800,0.9800
863,0.9800,0.9800,0.9800,0.9800
864,0.9800,0.9800,0.9800,0.9800
865,0.9800,0.9800,0.9800,0.9800
866,0.9800,0.9800,0.9800,0.9800
867,0.9800,0.9800,0.9800,0.9800
868,0.9800,0.9800,0.9800,0.9800
869,0.9800,0.9800,0.9800,0.9800
870,0.9800,0.9800,0.9800,0.9800
871,0.9800,0.9800,0.9800,0.9800
872,0.9800,0.9800,0.9800,0.9800
873,0.9800,0.9800,0.9800,0.9800
874,0.9800,0.9800,0.9800,0.9800
875,0.9800,0.9800,0.9800,0.9800
876,0.9800,0.9800,0.9800,0.9800
877,0.9800,0.9800,0.9800,0.9800
878,0.9800,0.9800,0.9800,0.9800
879,0.9800,0.9800,0.9800,0.9800
880,0.9800,0.9800,0.9800,0.9800
881,0.9800,0.9800,0.9800,0.9800
882,0.9800,0.9800,0.9800,0.9800
883,0.9800,0.9800,0.9800,0.9800
884,0.9800,0.9800,0.9800,0.9800
885,0.9800,0.9800,0.9800,0.9800
886,0.9800,0.9800,0.9800,0.9800
887,0.9800,0.9800,0.9800,0.9800
888,0.9800,0.9800,0.9800,0.9800
889,0.9800,0.9800,0.9800,0.9800
890,0.9800,0.9800,0.9800,0.9800
891,0.9800,0.9800,0.9800,0.9800
892,0.9800,0.9800,0.9800,0.9800
893,0.9800,0.9800,0.9800,0.9800
894,0.9800,0.9800,0.9800,0.9800
895,0.9800,0.9800,0.9800,0.9800
896,0.9800,0.9800,0.9800,0.9800
897,0.9800,0.9800,0.9800,0.9800
898,0.9800,0.9800,0.9800,0.9800
899,0.9800,0.9800,0.9800,0.9800
900,0.9800,0.9800,0.9800,0.9800
901,0.9800,0.9800,0.9800,0.9800
902,0.9800,0.9800,0.9800,0.9800
903,0.9800,0.9800,0.9800,0.9800
904,0.9800,0.9800,0.9800,0.9800
905,0.9800,0.9800,0.9800,0.9800
906,0.9800,0.9800,0.9800,0.9800
907,0.9800,0.9800,0.9800,0.9800
908,0.9800,0.9800,0.9800,0.9800
909,0.9800,0.9800,0.9800,0.9800
910,0.9800,0.9800,0.9800,0.9800
911,0.9800,0.9800,0.9800,0.9800
912,0.9800,0.9800,0.9800,0.9800
913,0.9800,0.9800,0.9800,0.9800
914,0.9800,0.9800,0.9800,0.9800
915,0.9800,0.9800,0.9800,0.9800
916,0.9800,0.9800,0.9800,0.9800
917,0.9800,0.9800,0.9800,0.9800
918,0.9800,0.9800,0.9800,0.9800
919,0.9800,0.9800,0.9800,0.9800
920,0.9800,0.9800,0.9800,0.9800
921,0.9800,0.9800,0.9800,0.9800
922,0.9800,0.9800,0.9800,0.9800
923,0.9800,0.9800,0.9800,0.9800
924,0.9800,0.9800,0.9800,0.9800
925,0.9800,0.9800,0.9800,0.9800
926,0.9800,0.9800,0.9800,0.9800
927,0.9800,0.9800,0.9800,0.9800
928,0.9800,0.9800,0.9800,0.9800
929,0.9800,0.9800,0.9800,0.9800
930,0.9800,0.9800,0.9800,0.9800
931,0.9800,0.9800,0.9800,0.9800
932,0.9800,0.9800,0.9800,0.9800
933,0.9800,0.9800,0.9800,0.9800
934,0.9800,0.9800,0.9800,0.9800
935,0.9800,0.9800,0.9800,0.9800
936,0.9800,0.9800,0.9800,0.9800
937,0.9800,0.9800,0.9800,0.9800
938,0.9800,0.9800,0.9800,0.9800
939,0.9800,0.9800,0.9800,0.9800
940,0.9800,0.9800,0.9800,0.9800
941,0.9800,0.9800,0.9800,0.9800
942,0.9800,0.9800,0.9800,0.9800
943,0.9800,0.9800,0.9800,0.9800
944,0.9800,0.9800,0.9800,0.9800
945,0.9800,0.9800,0.9800,0.9800
946,0.9800,0.9800,0.9800,0.9800
947,0.9800,0.9800,0.9800,0.9800
948,0.9800,0.9800,0.9800,0.9800
949,0.9800,0.9800,0.9800,0.9800
950,0.9800,0.9800,0.9800,0.9800
951,0.9800,0.9800,0.9800,0.9800
952,0.9800,0.9800,0.9800,0.9800
953,0.9800,0.9800,0.9800,0.9800
954,0.9800,0.9800,0.9800,0.9800
955,0.9800,0.9800,0.9800,0.9800
956,0.9800,0.9800,0.9800,0.9800
957,0.9800,0.9800,0.9800,0.9800
958,0.9800,0.9800,0.9800,0.9800
959,0.9800,0.9800,0.9800,0.9800
960,0.9800,0.9800,0.9800,0.9800
961,0.9800,0.9800,0.9800,0.9800
962,0.9800,0.9800,0.9800,0.9800
963,0.9800,0.9800,0.9800,0.9800
964,0.9800,0.9800,0.9800,0.9800
965,0.9800,0.9800,0.9800,0.9800
966,0.9800,0.9800,0.9800,0.9800
967,0.9800,0.9800,0.9800,0.9800
968,0.9800,0.9800,0.9800,0.9800
969,0.9800,0.9800,0.9800,0.9800
970,0.9800,0.9800,0.9800,0.9800
971,0.9800,0.9800,0.9800,0.9800
972,0.9800,0.9800,0.9800,0.9800
973,0.9800,0.9800,0.9800,0.9800
974,0.9800,0.9800,0.9800,0.9800
975,0.9800,0.9800,0.9800,0.9800
976,0.9800,0.9800,0.9800,0.9800
977,0.9800,0.9800,0.9800,0.9800
978,0.9800,0.9800,0.9800,0.9800
979,0.9800,0.9800,0.9800,0.9800
980,0.9800,0.9800,0.9800,0.9800
981,0.9800,0.9800,0.9800,0.9800
982,0.9800,0.9800,0.9800,0.9800
983,0.9800,0.9800,0.9800,0.9800
984,0.9800,0.9800,0.9800,0.9800
985,0.9800,0.9800,0.9800,0.9800
986,0.9800,0.9800,0.9800,0.9800
987,0.9800,0.9800,0.9800,0.9800
988,0.9800,0.9800,0.9800,0.9800
989,0.9800,0.9800,0.9800,0.9800
990,0.9800,0.9800,0.9800,0.9800
991,0.9800,0.9800,0.9800,0.9800
992,0.9800,0.9800,0.9800,0.9800
993,0.9800,0.9800,0.9800,0.9800
994,0.9800,0.9800,0.9800,0.9800
995,0.9800,0.9800,0.9800,0.9800
996,0.9800,0.9800,0.9800,0.9800
997,0.9800,0.9800,0.9800,0.9800
998,0.9800,0.9800,0.9800,0.9800
999,0.9800,0.9800,0.9800,0.9800
1000,0.9800,0.9800,0.9800,0.9800
1001,0.9800,0.9800,0.9800,0.9800
1002,0.9800,0.9800,0.9800,0.9800
1003,0.9800,0.9800,0.9800,0.9800
1004,0.9800,0.9800,0.9800,0.9800
1005,0.9800,0.9800,0.9800,0.9800
1006,0.9800,0.9800,0.9800,0.9800
1007,0.9800,0.9800,0.9800,0.9800
1008,0.9800,0.9800,0.9800,0.9800
1009,0.9800,0.9800,0.9800,0.9800
1010,0.9800,0.9800,0.9800,0.9800
1011,0.9800,0.9800,0.9800,0.9800
1012,0.9800,0.9800,0.9800,0.9800
1013,0.9800,0.9800,0.9800,0.9800
1014,0.9800,0.9800,0.9800,0.9800
1015,0.9800,0.9800,0.9800,0.9800
1016,0.9800,0.9800,0.9800,0.9800
1017,0.9800,0.9800,0.9800,0.9800
1018,0.9800,0.9800,0.9800,0.9800
1019,0.9800,0.9800,0.9800,0.9800
1020,0.9800,0.9800,0.9800,0.9800
1021,0.9800,0.9800,0.9800,0.9800
1022,0.9800,0.9800,0.9800,0.9800
1023,0.9800,0.9800,0.9800,0.9800
1024,0.9800,0.9800,0.9800,0.9800
1025,0.9800,0.9800,0.9800,0.9800
1026,0.9800,0.9800,0.9800,0.9800
1027,0.9800,0.9800,0.9800,0.9800
1028,0.9800,0.9800,0.9800,0.9800
1029,0.9800,0.9800,0.9800,0.9800
1030,0.9800,0.9800,0.9800,0.9800
1031,0.9800,0.9800,0.9800,0.9800
1032,0.9800,0.9800,0.9800,0.9800
1033,0.9800,0.9800,0.9800,0.9800
1034,0.9800,0.9800,0.9800,0.9800
1035,0.9800,0.9800,0.9800,0.9800
1036,0.9800,0.9800,0.9800,0.9800
1037,0.9800,0.9800,0.9800,0.9800
1038,0.9800,0.9800,0.9800,0.9800
1039,0.9800,0.9800,0.9800,0.9800
1040,0.9800,0.9800,0.9800,0.9800
1041,0.9800,0.9800,0.9800,0.9800
1042,0.9800,0.9800,0.9800,0.9800
1043,0.9800,0.9800,0.9800,0.9800
1044,0.9800,0.9800,0.9800,0.9800
1045,0.9800,0.9800,0.9800,0.9800
1046,0.9800,0.9800,0.9800,0.9800
1047,0.9800,0.9800,0.9800,0.9800
1048,0.9800,0.9800,0.9800,0.9800
1049,0.9800,0.9800,0.9800,0.9800
1050,0.9800,0.9800,0.9800,0.9800
1051,0.9800,0.9800,0.9800,0.9800
1052,0.9800,0.9800,0.9800,0.9800
1053,0.9800,0.9800,0.9800,0.9800
1054,0.9800,0.9800,0.9800,0.9800
1055,0.9800,0.9800,0.9800,0.9800
1056,0.9800,0.9800,0.9800,0.9800
1057,0.9800,0.9800,0.9800,0.9800
1058,0.9800,0.9800,0.9800,0.9800
1059,0.9800,0.9800,0.9800,0.9800
1060,0.9800,0.9800,0.9800,0.9800
1061,0.9800,0.9800,0.9800,0.9800
1062,0.9800,0.9800,0.9800,0.9800
1063,0.9800,0.9800,0.9800,0.9800
1064,0.9800,0.9800,0.9800,0.9800
1065,0.9800,0.9800,0.9800,0.9800
1066,0.9800,0.9800,0.9800,0.9800
1067,0.9800,0.9800,0.9800,0.9800
1068,0.9800,0.9800,0.9800,0.9800
1069,0.9800,0.9800,0.9800,0.9800
1070,0.9800,0.9800,0.9800,0.9800
1071,0.9800,0.9800,0.9800,0.9800
1072,0.9800,0.9800,0.9800,0.9800
1073,0.9800,0.9800,0.9800,0.9800
1074,0.9800,0.9800,0.9800,0.9800
1075,0.9800,0.9800,0.9800,0.9800
1076,0.9800,0.9800,0.9800,0.9800
1077,0.9800,0.9800,0.9800,0.9800
1078,0.9800,0.9800,0.9800,0.9800
1079,0.9800,0.9800,0.9800,0.9800
1080,0.9800,0.9800,0.9800,0.9800
1081,0.9800,0.9800,0.9800,0.9800
1082,0.9800,0.9800,0.9800,0.9800
1083,0.9800,0.9800,0.9800,0.9800
1084,0.9800,0.9800,0.9800,0.9800
1085,0.9800,0.9800,0.9800,0.9800
1086,0.9800,0.9800,0.9800,0.9800
1087,0.9800,0.9800,0.9800,0.9800
1088,0.9800,0.9800,0.9800,0.9800
1089,0.9800,0.9800,0.9800,0.9800
1090,0.9800,0.9800,0.9800,0.9800
1091,0.9800,0.9800,0.9800,0.9800
1092,0.9800,0.9800,0.9800,0.9800
1093,0.9800,0.9800,0.9800,0.9800
1094,0.9800,0.9800,0.9800,0.9800
1095,0.9800,0.9800,0.9800,0.9800
1096,0.9800,0.9800,0.9800,0.9800
1097,0.9800,0.9800,0.9800,0.9800
1098,0.9800,0.9800,0.9800,0.9800
1099,0.9800,0.9800,0.9800,0.9800
1100,0.9800,0.9800,0.9800,0.9800
1101,0.9800,0.9800,0.9800,0.9800
1102,0.9800,0.9800,0.9800,0.9800
1103,0.9800,0.9800,0.9800,0.9800
1104,0.9800,0.9800,0.9800,0.9800
1105,0.9800,0.9800,0.9800,0.9800
1106,0.9800,0.9800,0.9800,0.9800
1107,0.9800,0.9800,0.9800,0.9800
1108,0.9800,0.9800,0.9800,0.9800
1109,0.9800,0.9800,0.9800,0.9800
1110,0.9800,0.9800,0.9800,0.9800
1111,0.9800,0.9800,0.9800,0.9800
1112,0.9800,0.9800,0.9800,0.9800
1113,0.9800,0.9800,0.9800,0.9800
1114,0.9800,0.9800,0.9800,0.9800
1115,0.9800,0.9800,0.9800,0.9800
1116,0.9800,0.9800,0.9800,0.9800
1117,0.9800,0.9800,0.9800,0.9800
1118,0.9800,0.9800,0.9800,0.9800
1119,0.9800,0.9800,0.9800,0.9800
1120,0.9800,0.9800,0.9800,0.9800
1121,0.9800,0.9800,0.9800,0.9800
1122,0.9800,0.9800,0.9800,0.9800
1123,0.9800,0.9800,0.9800,0.9800
1124,0.9800,0.9800,0.9800,0.9800
1125,0.9800,0.9800,0.9800,0.9800
1126,0.9800,0.9800,0.9800,0.9800
1127,0.9800,0.9800,0.9800,0.9800
1128,0.9800,0.9800,0.9800,0.9800
1129,0.9800,0.9800,0.9800,0.9800
1130,0.9800,0.9800,0.9800,0.9800
1131,0.9800,0.9800,0.9800,0.9800
1132,0.9800,0.9800,0.9800,0.9800
1133,0.9800,0.9800,0.9800,0.9800
1134,0.9800,0.9800,0.9800,0.9800
1135,0.9800,0.9800,0.9800,0.9800
1136,0.9800,0.9800,0.9800,0.9800
1137,0.9800,0.9800,0.9800,0.9800
1138,0.9800,0.9800,0.9800,0.9800
1139,0.9800,0.9800,0.9800,0.9800
1140,0.9800,0.9800,0.9800,0.9800
1141,0.9800,0.9800,0.9800,0.9800
1142,0.9800,0.9800,0.9800,0.9800
1143,0.9800,0.9800,0.9800,0.9800
1144,0.9800,0.9800,0.9800,0.9800
1145,0.9800,0.9800,0.9800,0.9800
1146,0.9800,0.9800,0.9800,0.9800
1147,0.9800,0.9800,0.9800,0.9800
1148,0.9800,0.9800,0.9800,0.9800
1149,0.9800,0.9800,0.9800,0.9800
1150,0.9800,0.9800,0.9800,0.9800
1151,0.9800,0.9800,0.9800,0.9800
1152,0.9800,0.9800,0.9800,0.9800
1153,0.9800,0.9800,0.9800,0.9800
1154,0.9800,0.9800,0.9800,0.9800
1155,0.9800,0.9800,0.9800,0.9800
1156,0.9800,0.9800,0.9800,0.9800
1157,0.9800,0.9800,0.9800,0.9800
1158,0.9800,0.9800,0.9800,0.9800
1159,0.9800,0.9800,0.9800,0.9800
1160,0.9800,0.9800,0.9800,0.9800
1161,0.9800,0.9800,0.9800,0.9800
1162,0.9800,0.9800,0.9800,0.9800
1163,0.9800,0.9800,0.9800,0.9800
1164,0.9800,0.9800,0.9800,0.9800
1165,0.9800,0.9800,0.9800,0.9800
1166,0.9800,0.9800,0.9800,0.9800
1167,0.9800,0.9800,0.9800,0.9800
1168,0.9800,0.9800,0.9800,0.9800
1169,0.9800,0.9800,0.9800,0.9800
1170,0.9800,0.9800,0.9800,0.9800
1171,0.9800,0.9800,0.9800,0.9800
1172,0.9800,0.9800,0.9800,0.9800
1173,0.9800,0.9800,0.9800,0.9800
1174,0.9800,0.9800,0.9800,0.9800
1175,0.9800,0.9800,0.9800,0.9800
1176,0.9800,0.9800,0.9800,0.9800
1177,0.9800,0.9800,0.9800,0.9800
1178,0.9800,0.9800,0.9800,0.9800
1179,0.9800,0.9800,0.9800,0.9800
1180,0.9800,0.9800,0.9800,0.9800
1181,0.9800,0.9800,0.9800,0.9800
1182,0.9800,0.9800,0.9800,0.9800
1183,0.9800,0.9800,0.9800,0.9800
1184,0.9800,0.9800,0.9800,0.9800
1185,0.9800,0.9800,0.9800,0.9800
1186,0.9800,0.9800,0.9800,0.9800
1187,0.9800,0.9800,0.9800,0.9800
1188,0.9800,0.9800,0.9800,0.9800
1189,0.9800,0.9800,0.9800,0.9800
1190,0.9800,0.9800,0.9800,0.9800
1191,0.9800,0.9800,0.9800,0.9800
1192,0.9800,0.9800,0.9800,0.9800
1193,0.9800,0.9800,0.9800,0.9800
1194,0.9800,0.9800,0.9800,0.9800
1195,0.9800,0.9800,0.9800,0.9800
1196,0.9800,0.9800,0.9800,0.9800
1197,0.9800,0.9800,0.9800,0.9800
1198,0.9800,0.9800,0.9800,0.9800
1199,0.9800,0.9800,0.9800,0.9800
1200,0.9800,0.9800,0.9800,0.9800
1201,0.9800,0.9800,0.9800,0.9800
1202,0.9800,0.9800,0.9800,0.9800
1203,0.9800,0.9800,0.9800,0.9800
1204,0.9800,0.9800,0.9800,0.9800
1205,0.9800,0.9800,0.9800,0.9800
1206,0.9800,0.9800,0.9800,0.9800
1207,0.9800,0.9800,0.9800,0.9800
1208,0.9800,0.9800,0.9800,0.9800
1209,0.9800,0.9800,0.9800,0.9800
1210,0.9800,0.9800,0.9800,0.9800
1211,0.9800,0.9800,0.9800,0.9800
1212,0.9800,0.9800,0.9800,0.9800
1213,0.9800,0.9800,0.9800,0.9800
1214,0.9800,0.9800,0.9800,0.9800
1215,0.9800,0.9800,0.9800,0.9800
1216,0.9800,0.9800,0.9800,0.9800
1217,0.9800,0.9800,0.9800,0.9800
1218,0.9800,0.9800,0.9800,0.9800
1219,0.9800,0.9800,0.9800,0.9800
1220,0.9800,0.9800,0.9800,0.9800
1221,0.9800,0.9800,0.9800,0.9800
1222,0.9800,0.9800,0.9800,0.9800
1223,0.9800,0.9800,0.9800,0.9800
1224,0.9800,0.9800,0.9800,0.9800
1225,0.9800,0.9800,0.9800,0.9800
1226,0.9800,0.9800,0.9800,0.9800
1227,0.9800,0.9800,0.9800,0.9800
1228,0.9800,0.9800,0.9800,0.9800
1229,0.9800,0.9800,0.9800,0.9800
1230,0.9800,0.9800,0.9800,0.9800
1231,0.9800,0.9800,0.9800,0.9800
1232,0.9800,0.9800,0.9800,0.9800
1233,0.9800,0.9800,0.9800,0.9800
1234,0.9800,0.9800,0.9800,0.9800
1235,0.9800,0.9800,0.9800,0.9800
1236,0.9800,0.9800,0.9800,0.9800
1237,0.9800,0.9800,0.9800,0.9800
1238,0.9800,0.9800,0.9800,0.9800
1239,0.9800,0.9800,0.9800,0.9800
1240,0.9800,0.9800,0.9800,0.9800
1241,0.9800,0.9800,0.9800,0.9800
1242,0.9800,0.9800,0.9800,0.9800
1243,0.9800,0.9800,0.9800,0.9800
1244,0.9800,0.9800,0.9800,0.9800
1245,0.9800,0.9800,0.9800,0.9800
1246,0.9800,0.9800,0.9800,0.9800
1247,0.9800,0.9800,0.9800,0.9800
1248,0.9800,0.9800,0.9800,0.9800
1249,0.9800,0.9800,0.9800,0.9800
1250,0.9800,0.9800,0.9800,0.9800
1251,0.9800,0.9800,0.9800,0.9800
1252,0.9800,0.9800,0.9800,0.9800
1253,0.9800,0.9800,0.9800,0.9800
1254,0.9800,0.9800,0.9800,0.9800
1255,0.9800,0.9800,0.9800,0.9800
1256,0.9800,0.9800,0.9800,0.9800
1257,0.9800,0.9800,0.9800,0.9800
1258,0.9800,0.9800,0.9800,0.9800
1259,0.9800,0.9800,0.9800,0.9800
1260,0.9800,0.9800,0.9800,0.9800
1261,0.9800,0.9800,0.9800,0.9800
1262,0.9800,0.9800,0.9800,0.9800
1263,0.9800,0.9800,0.9800,0.9800
1264,0.9800,0.9800,0.9800,0.9800
1265,0.9800,0.9800,0.9800,0.9800
1266,0.9800,0.9800,0.9800,0.9800
1267,0.9800,0.9800,0.9800,0.9800
1268,0.9800,0.9800,0.9800,0.9800
1269,0.9800,0.9800,0.9800,0.9800
1270,0.9800,0.9800,0.9800,0.9800
1271,0.9800,0.9800,0.9800,0.9800
1272,0.9800,0.9800,0.9800,0.9800
1273,0.9800,0.9800,0.9800,0.9800
1274,0.9800,0.9800,0.9800,0.9800
1275,0.9800,0.9800,0.9800,0.9800
1276,0.9800,0.9800,0.9800,0.9800
1277,0.9800,0.9800,0.9800,0.9800
1278,0.9800,0.9800,0.9800,0.9800
1279,0.9800,0.9800,0.9800,0.9800
1280,0.9800,0.9800,0.9800,0.9800
1281,0.9800,0.9800,0.9800,0.9800
1282,0.9800,0.9800,0.9800,0.9800
1283,0.9800,0.9800,0.9800,0.9800
1284,0.9800,0.9800,0.9800,0.9800
1285,0.9800,0.9800,0.9800,0.9800
1286,0.9800,0.9800,0.9800,0.9800
1287,0.9800,0.9800,0.9800,0.9800
1288,0.9800,0.9800,0.9800,0.9800
1289,0.9800,0.9800,0.9800,0.9800
1290,0.9800,0.9800,0.9800,0.9800
1291,0.9800,0.9800,0.9800,0.9800
1292,0.9800,0.9800,0.9800,0.9800
1293,0.9800,0.9800,0.9800,0.9800
1294,0.9800,0.9800,0.9800,0.9800
1295,0.9800,0.9800,0.9800,0.9800
1296,0.9800,0.9800,0.9800,0.9800
1297,0.9800,0.9800,0.9800,0.9800
1298,0.9800,0.9800,0.9800,0.9800
1299,0.9800,0.9800,0.9800,0.9800
1300,0.9800,0.9800,0.9800,0.9800
1301,0.9800,0.9800,0.9800,0.9800
1302,0.9800,0.9800,0.9800,0.9800
1303,0.9800,0.9800,0.9800,0.9800
1304,0.9800,0.9800,0.9800,0.9800
1305,0.9800,0.9800,0.9800,0.9800
1306,0.9800,0.9800,0.9800,0.9800
1307,0.9800,0.9800,0.9800,0.9800
1308,0.9800,0.9800,0.9800,0.9800
1309,0.9800,0.9800,0.9800,0.9800
1310,0.9800,0.9800,0.9800,0.9800
1311,0.9800,0.9800,0.9800,0.9800
1312,0.9800,0.9800,0.9800,0.9800
1313,0.9800,0.9800,0.9800,0.9800
1314,0.9800,0.9800,0.9800,0.9800
1315,0.9800,0.9800,0.9800,0.9800
1316,0.9800,0.9800,0.9800,0.9800
1317,0.9800,0.9800,0.9800,0.9800
1318,0.9800,0.9800,0.9800,0.9800
1319,0.9800,0.9800,0.9800,0.9800
1320,0.9800,0.9800,0.9800,0.9800
1321,0.9800,0.9800,0.9800,0.9800
1322,0.9800,0.9800,0.9800,0.9800
1323,0.9800,0.9800,0.9800,0.9800
1324,0.9800,0.9800,0.9800,0.9800
1325,0.9800,0.9800,0.9800,0.9800
1326,0.9800,0.9800,0.9800,0.9800
1327,0.9800,0.9800,0.9800,0.9800
1328,0.9800,0.9800,0.9800,0.9800
1329,0.9800,0.9800,0.9800,0.9800
1330,0.9800,0.9800,0.9800,0.9800
1331,0.9800,0.9800,0.9800,0.9800
1332,0.9800,0.9800,0.9800,0.9800
1333,0.9800,0.9800,0.9800,0.9800
1334,0.9800,0.9800,0.9800,0.9800
1335,0.9800,0.9800,0.9800,0.9800
1336,0.9800,0.9800,0.9800,0.9800
1337,0.9800,0.9800,0.9800,0.9800
1338,0.9800,0.9800,0.9800,0.9800
1339,0.9800,0.9800,0.9800,0.9800
1340,0.9800,0.9800,0.9800,0.9800
1341,0.9800,0.9800,0.9800,0.9800
1342,0.9800,0.9800,0.9800,0.9800
1343,0.9800,0.9800,0.9800,0.9800
1344,0.9800,0.9800,0.9800,0.9800
1345,0.9800,0.9800,0.9800,0.9800
1346,0.9800,0.9800,0.9800,0.9800
1347,0.9800,0.9800,0.9800,0.9800
1348,0.9800,0.9800,0.9800,0.9800
1349,0.9800,0.9800,0.9800,0.9800
1350,0.9800,0.9800,0.9800,0.9800
1351,0.9800,0.9800,0.9800,0.9800
1352,0.9800,0.9800,0.9800,0.9800
1353,0.9800,0.9800,0.9800,0.9800
1354,0.9800,0.9800,0.9800,0.9800
1355,0.9800,0.9800,0.9800,0.9800
1356,0.9800,0.9800,0.9800,0.9800
1357,0.9800,0.9800,0.9800,0.9800
1358,0.9800,0.9800,0.9800,0.9800
1359,0.9800,0.9800,0.9800,0.9800
1360,0.9800,0.9800,0.9800,0.9800
1361,0.9800,0.9800,0.9800,0.9800
1362,0.9800,0.9800,0.9800,0.9800
1363,0.9800,0.9800,0.9800,0.9800
1364,0.9800,0.9800,0.9800,0.9800
1365,0.9800,0.9800,0.9800,0.9800
1366,0.9800,0.9800,0.9800,0.9800
1367,0.9800,0.9800,0.9800,0.9800
1368,0.9800,0.9800,0.9800,0.9800
1369,0.9800,0.9800,0.9800,0.9800
1370,0.9800,0.9800,0.9800,0.9800
1371,0.9800,0.9800,0.9800,0.9800
1372,0.9800,0.9800,0.9800,0.9800
1373,0.9800,0.9800,0.9800,0.9800
1374,0.9800,0.9800,0.9800,0.9800
1375,0.9800,0.9800,0.9800,0.9800
1376,0.9800,0.9800,0.9800,0.9800
1377,0.9800,0.9800,0.9800,0.9800
1378,0.9800,0.9800,0.9800,0.9800
1379,0.9800,0.9800,0.9800,0.9800
1380,0.9800,0.9800,0.9800,0.9800
1381,0.9800,0.9800,0.9800,0.9800
1382,0.9800,0.9800,0.9800,0.9800
1383,0.9800,0.9800,0.9800,0.9800
1384,0.9800,0.9800,0.9800,0.9800
1385,0.9800,0.9800,0.9800,0.9800
1386,0.9800,0.9800,0.9800,0.9800
1387,0.9800,0.9800,0.9800,0.9800
1388,0.9800,0.9800,0.9800,0.9800
1389,0.9800,0.9800,0.9800,0.9800
1390,0.9800,0.9800,0.9800,0.9800
1391,0.9800,0.9800,0.9800,0.9800
1392,0.9800,0.9800,0.9800,0.9800
1393,0.9800,0.9800,0.9800,0.9800
1394,0.9800,0.9800,0.9800,0.9800
1395,0.9800,0.9800,0.9800,0.9800
1396,0.9800,0.9800,0.9800,0.9800
1397,0.9800,0.9800,0.9800,0.9800
1398,0.9800,0.9800,0.9800,0.9800
1399,0.9800,0.9800,0.9800,0.9800
1400,0.9800,0.9800,0.9800,0.9800
1401,0.9800,0.9800,0.9800,0.9800
1402,0.9800,0.9800,0.9800,0.9800
1403,0.9800,0.9800,0.9800,0.9800
1404,0.9800,0.9800,0.9800,0.9800
1405,0.9800,0.9800,0.9800,0.9800
1406,0.9800,0.9800,0.9800,0.9800
1407,0.9800,0.9800,0.9800,0.9800
1408,0.9800,0.9800,0.9800,0.9800
1409,0.9800,0.9800,0.9800,0.9800
1410,0.9800,0.9800,0.9800,0.9800
1411,0.9800,0.9800,0.9800,0.9800
1412,0.9800,0.9800,0.9800,0.9800
1413,0.9800,0.9800,0.9800,0.9800
1414,0.9800,0.9800,0.9800,0.9800
1415,0.9800,0.9800,0.9800,0.9800
1416,0.9800,0.9800,0.9800,0.9800
1417,0.9800,0.9800,0.9800,0.9800
1418,0.9800,0.9800,0.9800,0.9800
1419,0.9800,0.9800,0.9800,0.9800
1420,0.9800,0.9800,0.9800,0.9800
1421,0.9800,0.9800,0.9800,0.9800
1422,0.9800,0.9800,0.9800,0.9800
1423,0.9800,0.9800,0.9800,0.9800
1424,0.9800,0.9800,0.9800,0.9800
1425,0.9800,0.9800,0.9800,0.9800
1426,0.9800,0.9800,0.9800,0.9800
1427,0.9800,0.9800,0.9800,0.9800
1428,0.9800,0.9800,0.9800,0.9800
1429,0.9800,0.9800,0.9800,0.9800
1430,0.9800,0.9800,0.9800,0.9800
1431,0.9800,0.9800,0.9800,0.9800
1432,0.9800,0.9800,0.9800,0.9800
1433,0.9800,0.9800,0.9800,0.9800
1434,0.9800,0.9800,0.9800,0.9800
1435,0.9800,0.9800,0.9800,0.9800
1436,0.9800,0.9800,0.9800,0.9800
1437,0.9800,0.9800,0.9800,0.9800
1438,0.9800,0.9800,0.9800,0.9800
1439,0.9800,0.9800,0.9800,0.9800
1440,0.9800,0.9800,0.9800,0.9800
1441,0.9800,0.9800,0.9800,0.9800
1442,0.9800,0.9800,0.9800,0.9800
1443,0.9800,0.9800,0.9800,0.9800
1444,0.9800,0.9800,0.9800,0.9800
1445,0.9800,0.9800,0.9800,0.9800
1446,0.9800,0.9800,0.9800,0.9800
1447,0.9800,0.9800,0.9800,0.9800
1448,0.9800,0.9800,0.9800,0.9800
1449,0.9800,0.9800,0.9800,0.9800
1450,0.9800,0.9800,0.9800,0.9800
1451,0.9800,0.9800,0.9800,0.9800
1452,0.9800,0.9800,0.9800,0.9800
1453,0.9800,0.9800,0.9800,0.9800
1454,0.9800,0.9800,0.9800,0.9800
1455,0.9800,0.9800,0.9800,0.9800
1456,0.9800,0.9800,0.9800,0.9800
1457,0.9800,0.9800,0.9800,0.9800
1458,0.9800,0.9800,0.9800,0.9800
1459,0.9800,0.9800,0.9800,0.9800
1460,0.9800,0.9800,0.9800,0.9800
1461,0.9800,0.9800,0.9800,0.9800
1462,0.9800,0.9800,0.9800,0.9800
1463,0.9800,0.9800,0.9800,0.9800
1464,0.9800,0.9800,0.9800,0.9800
1465,0.9800,0.9800,0.9800,0.9800
1466,0.9800,0.9800,0.9800,0.9800
1467,0.9800,0.9800,0.9800,0.9800
1468,0.9800,0.9800,0.9800,0.9800
1469,0.9800,0.9800,0.9800,0.9800
1470,0.9800,0.9800,0.9800,0.9800
1471,0.9800,0.9800,0.9800,0.9800
1472,0.9800,0.9800,0.9800,0.9800
1473,0.9800,0.9800,0.9800,0.9800
1474,0.9800,0.9800,0.9800,0.9800
1475,0.9800,0.9800,0.9800,0.9800
1476,0.9800,0.9800,0.9800,0.9800
1477,0.9800,0.9800,0.9800,0.9800
1478,0.9800,0.9800,0.9800,0.9800
1479,0.9800,0.9800,0.9800,0.9800
1480,0.9800,0.9800,0.9800,0.9800
1481,0.9800,0.9800,0.9800,0.9800
1482,0.9800,0.9800,0.9800,0.9800
1483,0.9800,0.9800,0.9800,0.9800
1484,0.9800,0.9800,0.9800,0.9800
1485,0.9800,0.9800,0.9800,0.9800
1486,0.9800,0.9800,0.9800,0.9800
1487,0.9800,0.9800,0.9800,0.9800
1488,0.9800,0.9800,0.9800,0.9800
1489,0.9800,0.9800,0.9800,0.9800
1490,0.9800,0.9800,0.9800,0.9800
1491,0.9800,0.9800,0.9800,0.9800
1492,0.9800,0.9800,0.9800,0.9800
1493,0.9800,0.9800,0.9800,0.9800
1494,0.9800,0.9800,0.9800,0.9800
1495,0.9800,0.9800,0.9800,0.9800
1496,0.9800,0.9800,0.9800,0.9800
1497,0.9800,0.9800,0.9800,0.9800
1498,0.9800,0.9800,0.9800,0.9800
1499,0.9800,0.9800,0.9800,0.9800
1500,0.9800,0.9800,0.9800,0.9800
1501,0.9800,0.9800,0.9800,0.9800
1502,0.9800,0.9800,0.9800,0.9800
1503,0.9800,0.9800,0.9800,0.9800
1504,0.9800,0.9800,0.9800,0.9800
1505,0.9800,0.9800,0.9800,0.9800
1506,0.9800,0.9800,0.9800,0.9800
1507,0.9800,0.9800,0.9800,0.9800
1508,0.9800,0.9800,0.9800,0.9800
1509,0.9800,0.9800,0.9800,0.9800
1510,0.9800,0.9800,0.9800,0.9800
1511,0.9800,0.9800,0.9800,0.9800
1512,0.9800,0.9800,0.9800,0.9800
1513,0.9800,0.9800,0.9800,0.9800
1514,0.9800,0.9800,0.9800,0.9800
1515,0.9800,0.9800,0.9800,0.9800
1516,0.9800,0.9800,0.9800,0.9800
1517,0.9800,0.9800,0.9800,0.9800
1518,0.9800,0.9800,0.9800,0.9800
1519,0.9800,0.9800,0.9800,0.9800
1520,0.9800,0.9800,0.9800,0.9800
1521,0.9800,0.9800,0.9800,0.9800
1522,0.9800,0.9800,0.9800,0.9800
1523,0.9800,0.9800,0.9800,0.9800
1524,0.9800,0.9800,0.9800,0.9800
1525,0.9800,0.9800,0.9800,0.9800
1526,0.9800,0.9800,0.9800,0.9800
1527,0.9800,0.9800,0.9800,0.9800
1528,0.9800,0.9800,0.9800,0.9800
1529,0.9800,0.9800,0.9800,0.9800
1530,0.9800,0.9800,0.9800,0.9800
1531,0.9800,0.9800,0.9800,0.9800
1532,0.9800,0.9800,0.9800,0.9800
1533,0.9800,0.9800,0.9800,0.9800
1534,0.9800,0.9800,0.9800,0.9800
1535,0.9800,0.9800,0.9800,0.9800
1536,0.9800,0.9800,0.9800,0.9800
1537,0.9800,0.9800,0.9800,0.9800
1538,0.9800,0.9800,0.9800,0.9800
1539,0.9800,0.9800,0.9800,0.9800
1540,0.9800,0.9800,0.9800,0.9800
1541,0.9800,0.9800,0.9800,0.9800
1542,0.9800,0.9800,0.9800,0.9800
1543,0.9800,0.9800,0.9800,0.9800
1544,0.9800,0.9800,0.9800,0.9800
1545,0.9800,0.9800,0.9800,0.9800
1546,0.9800,0.9800,0.9800,0.9800
1547,0.9800,0.9800,0.9800,0.9800
1548,0.9800,0.9800,0.9800,0.9800
1549,0.9800,0.9800,0.9800,0.9800
1550,0.9800,0.9800,0.9800,0.9800
1551,0.9800,0.9800,0.9800,0.9800
1552,0.9800,0.9800,0.9800,0.9800
1553,0.9800,0.9800,0.9800,0.9800
1554,0.9800,0.9800,0.9800,0.9800
1555,0.9800,0.9800,0.9800,0.9800
1556,0.9800,0.9800,0.9800,0.9800
1557,0.9800,0.9800,0.9800,0.9800
1558,0.9800,0.9800,0.9800,0.9800
1559,0.9800,0.9800,0.9800,0.9800
1560,0.9800,0.9800,0.9800,0.9800
1561,0.9800,0.9800,0.9800,0.9800
1562,0.9800,0.9800,0.9800,0.9800
1563,0.9800,0.9800,0.9800,0.9800
1564,0.9800,0.9800,0.9800,0.9800
1565,0.9800,0.9800,0.9800,0.9800
1566,0.9800,0.9800,0.9800,0.9800
1567,0.9800,0.9800,0.9800,0.9800
1568,0.9800,0.9800,0.9800,0.9800
1569,0.9800,0.9800,0.9800,0.9800
1570,0.9800,0.9800,0.9800,0.9800
1571,0.9800,0.9800,0.9800,0.9800
1572,0.9800,0.9800,0.9800,0.9800
1573,0.9800,0.9800,0.9800,0.9800
1574,0.9800,0.9800,0.9800,0.9800
1575,0.9800,0.9800,0.9800,0.9800
1576,0.9800,0.9800,0.9800,0.9800
1577,0.9800,0.9800,0.9800,0.9800
1578,0.9800,0.9800,0.9800,0.9800
1579,0.9800,0.9800,0.9800,0.9800
1580,0.9800,0.9800,0.9800,0.9800
1581,0.9800,0.9800,0.9800,0.9800
1582,0.9800,0.9800,0.9800,0.9800
1583,0.9800,0.9800,0.9800,0.9800
1584,0.9800,0.9800,0.9800,0.9800
1585,0.9800,0.9800,0.9800,0.9800
1586,0.9800,0.9800,0.9800,0.9800
1587,0.9800,0.9800,0.9800,0.9800
1588,0.9800,0.9800,0.9800,0.9800
1589,0.9800,0.9800,0.9800,0.9800
1590,0.9800,0.9800,0.9800,0.9800
1591,0.9800,0.9800,0.9800,0.9800
1592,0.9800,0.9800,0.9800,0.9800
1593,0.9800,0.9800,0.9800,0.9800
1594,0.9800,0.9800,0.9800,0.9800
1595,0.9800,0.9800,0.9800,0.9800
1596,0.9800,0.9800,0.9800,0.9800
1597,0.9800,0.9800,0.9800,0.9800
1598,0.9800,0.9800,0.9800,0.9800
1599,0.9800,0.9800,0.9800,0.9800
1600,0.9800,0.9800,0.9800,0.9800
1601,0.9800,0.9800,0.9800,0.9800
1602,0.9800,0.9800,0.9800,0.9800
1603,0.9800,0.9800,0.9800,0.9800
1604,0.9800,0.9800,0.9800,0.9800
1605,0.9800,0.9800,0.9800,0.9800
1606,0.9800,0.9800,0.9800,0.9800
1607,0.9800,0.9800,0.9800,0.9800
1608,0.9800,0.9800,0.9800,0.9800
1609,0.9800,0.9800,0.9800,0.9800
1610,0.9800,0.9800,0.9800,0.9800
1611,0.9800,0.9800,0.9800,0.9800
1612,0.9800,0.9800,0.9800,0.9800
1613,0.9800,0.9800,0.9800,0.9800
1614,0.9800,0.9800,0.9800,0.9800
1615,0.9800,0.9800,0.9800,0.9800
1616,0.9800,0.9800,0.9800,0.9800
1617,0.9800,0.9800,0.9800,0.9800
1618,0.9800,0.9800,0.9800,0.9800
1619,0.9800,0.9800,0.9800,0.9800
1620,0.9800,0.9800,0.9800,0.9800
1621,0.9800,0.9800,0.9800,0.9800
1622,0.9800,0.9800,0.9800,0.9800
1623,0.9800,0.9800,0.9800,0.9800
1624,0.9800,0.9800,0.9800,0.9800
1625,0.9800,0.9800,0.9800,0.9800
1626,0.9800,0.9800,0.9800,0.9800
1627,0.9800,0.9800,0.9800,0.9800
1628,0.9800,0.9800,0.9800,0.9800
1629,0.9800,0.9800,0.9800,0.9800
1630,0.9800,0.9800,0.9800,0.9800
1631,0.9800,0.9800,0.9800,0.9800
1632,0.9800,0.9800,0.9800,0.9800
1633,0.9800,0.9800,0.9800,0.9800
1634,0.9800,0.9800,0.9800,0.9800
1635,0.9800,0.9800,0.9800,0.9800
1636,0.9800,0.9800,0.9800,0.9800
1637,0.9800,0.9800,0.9800,0.9800
1638,0.9800,0.9800,0.9800,0.9800
1639,0.9800,0.9800,0.9800,0.9800
1640,0.9800,0.9800,0.9800,0.9800
1641,0.9800,0.9800,0.9800,0.9800
1642,0.9800,0.9800,0.9800,0.9800
1643,0.9800,0.9800,0.9800,0.9800
1644,0.9800,0.9800,0.9800,0.9800
1645,0.9800,0.9800,0.9800,0.9800
1646,0.9800,0.9800,0.9800,0.9800
1647,0.9800,0.9800,0.9800,0.9800
1648,0.9800,0.9800,0.9800,0.9800
1649,0.9800,0.9800,0.9800,0.9800
1650,0.9800,0.9800,0.9800,0.9800
1651,0.9800,0.9800,0.9800,0.9800
1652,0.9800,0.9800,0.9800,0.9800
1653,0.9800,0.9800,0.9800,0.9800
1654,0.9800,0.9800,0.9800,0.9800
1655,0.9800,0.9800,0.9800,0.9800
1656,0.9800,0.9800,0.9800,0.9800
1657,0.9800,0.9800,0.9800,0.9800
1658,0.9800,0.9800,0.9800,0.9800
1659,0.9800,0.9800,0.9800,0.9800
1660,0.9800,0.9800,0.9800,0.9800
1661,0.9800,0.9800,0.9800,0.9800
1662,0.9800,0.9800,0.9800,0.9800
1663,0.9800,0.9800,0.9800,0.9800
1664,0.9800,0.9800,0.9800,0.9800
1665,0.9800,0.9800,0.9800,0.9800
1666,0.9800,0.9800,0.9800,0.9800
1667,0.9800,0.9800,0.9800,0.9800
1668,0.9800,0.9800,0.9800,0.9800
1669,0.9800,0.9800,0.9800,0.9800
1670,0.9800,0.9800,0.9800,0.9800
1671,0.9800,0.9800,0.9800,0.9800
1672,0.9800,0.9800,0.9800,0.9800
1673,0.9800,0.9800,0.9800,0.9800
1674,0.9800,0.9800,0.9800,0.9800
1675,0.9800,0.9800,0.9800,0.9800
1676,0.9800,0.9800,0.9800,0.9800
1677,0.9800,0.9800,0.9800,0.9800
1678,0.9800,0.9800,0.9800,0.9800
1679,0.9800,0.9800,0.9800,0.9800
1680,0.9800,0.9800,0.9800,0.9800
1681,0.9800,0.9800,0.9800,0.9800
1682,0.9800,0.9800,0.9800,0.9800
1683,0.9800,0.9800,0.9800,0.9800
1684,0.9800,0.9800,0.9800,0.9800
1685,0.9800,0.9800,0.9800,0.9800
1686,0.9800,0.9800,0.9800,0.9800
1687,0.9800,0.9800,0.9800,0.9800
1688,0.9800,0.9800,0.9800,0.9800
1689,0.9800,0.9800,0.9800,0.9800
1690,0.9800,0.9800,0.9800,0.9800
1691,0.9800,0.9800,0.9800,0.9800
1692,0.9800,0.9800,0.9800,0.9800
1693,0.9800,0.9800,0.9800,0.9800
1694,0.9800,0.9800,0.9800,0.9800
1695,0.9800,0.9800,0.9800,0.9800
1696,0.9800,0.9800,0.9800,0.9800
1697,0.9800,0.9800,0.9800,0.9800
1698,0.9800,0.9800,0.9800,0.9800
1699,0.9800,0.9800,0.9800,0.9800
1700,0.9800,0.9800,0.9800,0.9800
1701,0.9800,0.9800,0.9800,0.9800
1702,0.9800,0.9800,0.9800,0.9800
1703,0.9800,0.9800,0.9800,0.9800
1704,0.9800,0.9800,0.9800,0.9800
1705,0.9800,0.9800,0.9800,0.9800
1706,0.9800,0.9800,0.9800,0.9800
1707,0.9800,0.9800,0.9800,0.9800
1708,0.9800,0.9800,0.9800,0.9800
1709,0.9800,0.9800,0.9800,0.9800
1710,0.9800,0.9800,0.9800,0.9800
1711,0.9800,0.9800,0.9800,0.9800
1712,0.9800,0.9800,0.9800,0.9800
1713,0.9800,0.9800,0.9800,0.9800
1714,0.9800,0.9800,0.9800,0.9800
1715,0.9800,0.9800,0.9800,0.9800
1716,0.9800,0.9800,0.9800,0.9800
1717,0.9800,0.9800,0.9800,0.9800
1718,0.9800,0.9800,0.9800,0.9800
1719,0.9800,0.9800,0.9800,0.9800
1720,0.9800,0.9800,0.9800,0.9800
1721,0.9800,0.9800,0.9800,0.9800
1722,0.9800,0.9800,0.9800,0.9800
1723,0.9800,0.9800,0.9800,0.9800
1724,0.9800,0.9800,0.9800,0.9800
1725,0.9800,0.9800,0.9800,0.9800
1726,0.9800,0.9800,0.9800,0.9800
1727,0.9800,0.9800,0.9800,0.9800
1728,0.9800,0.9800,0.9800,0.9800
1729,0.9800,0.9800,0.9800,0.9800
1730,0.9800,0.9800,0.9800,0.9800
1731,0.9800,0.9800,0.9800,0.9800
1732,0.9800,0.9800,0.9800,0.9800
1733,0.9800,0.9800,0.9800,0.9800
1734,0.9800,0.9800,0.9800,0.9800
1735,0.9800,0.9800,0.9800,0.9800
1736,0.9800,0.9800,0.9800,0.9800
1737,0.9800,0.9800,0.9800,0.9800
1738,0.9800,0.9800,0.9800,0.9800
1739,0.9800,0.9800,0.9800,0.9800
1740,0.9800,0.9800,0.9800,0.9800
1741,0.9800,0.9800,0.9800,0.9800
1742,0.9800,0.9800,0.9800,0.9800
1743,0.9800,0.9800,0.9800,0.9800
1744,0.9800,0.9800,0.9800,0.9800
1745,0.9800,0.9800,0.9800,0.9800
1746,0.9800,0.9800,0.9800,0.9800
1747,0.9800,0.9800,0.9800,0.9800
1748,0.9800,0.9800,0.9800,0.9800
1749,0.9800,0.9800,0.9800,0.9800
1750,0.9800,0.9800,0.9800,0.9800
1751,0.9800,0.9800,0.9800,0.9800
1752,0.9800,0.9800,0.9800,0.9800
1753,0.9800,0.9800,0.9800,0.9800
1754,0.9800,0.9800,0.9800,0.9800
1755,0.9800,0.9800,0.9800,0.9800
1756,0.9800,0.9800,0.9800,0.9800
1757,0.9800,0.9800,0.9800,0.9800
1758,0.9800,0.9800,0.9800,0.9800
1759,0.9800,0.9800,0.9800,0.9800
1760,0.9800,0.9800,0.9800,0.9800
1761,0.9800,0.9800,0.9800,0.9800
1762,0.9800,0.9800,0.9800,0.9800
1763,0.9800,0.9800,0.9800,0.9800
1764,0.9800,0.9800,0.9800,0.9800
1765,0.9800,0.9800,0.9800,0.9800
1766,0.9800,0.9800,0.9800,0.9800
1767,0.9800,0.9800,0.9800,0.9800
1768,0.9800,0.9800,0.9800,0.9800
1769,0.9800,0.9800,0.9800,0.9800
1770,0.9800,0.9800,0.9800,0.9800
1771,0.9800,0.9800,0.9800,0.9800
1772,0.9800,0.9800,0.9800,0.9800
1773,0.9800,0.9800,0.9800,0.9800
1774,0.9800,0.9800,0.9800,0.9800
1775,0.9800,0.9800,0.9800,0.9800
1776,0.9800,0.9800,0.9800,0.9800
1777,0.9800,0.9800,0.9800,0.9800
1778,0.9800,0.9800,0.9800,0.9800
1779,0.9800,0.9800,0.9800,0.9800
1780,0.9800,0.9800,0.9800,0.9800
1781,0.9800,0.9800,0.9800,0.9800
1782,0.9800,0.9800,0.9800,0.9800
1783,0.9800,0.9800,0.9800,0.9800
1784,0.9800,0.9800,0.9800,0.9800
1785,0.9800,0.9800,0.9800,0.9800
1786,0.9800,0.9800,0.9800,0.9800
1787,0.9800,0.9800,0.9800,0.9800
1788,0.9800,0.9800,0.9800,0.9800
1789,0.9800,0.9800,0.9800,0.9800
1790,0.9800,0.9800,0.9800,0.9800
1791,0.9800,0.9800,0.9800,0.9800
1792,0.9800,0.9800,0.9800,0.9800
1793,0.9800,0.9800,0.9800,0.9800
1794,0.9800,0.9800,0.9800,0.9800
1795,0.9800,0.9800,0.9800,0.9800
1796,0.9800,0.9800,0.9800,0.9800
1797,0.9800,0.9800,0.9800,0.9800
1798,0.9800,0.9800,0.9800,0.9800
1799,0.9800,0.9800,0.9800,0.9800
1800,0.9800,0.9800,0.9800,0.9800
1801,0.9800,0.9800,0.9800,0.9800
1802,0.9800,0.9800,0.9800,0.9800
1803,0.9800,0.9800,0.9800,0.9800
1804,0.9800,0.9800,0.9800,0.9800
1805,0.9800,0.9800,0.9800,0.9800
1806,0.9800,0.9800,0.9800,0.9800
1807,0.9800,0.9800,0.9800,0.9800
1808,0.9800,0.9800,0.9800,0.9800
1809,0.9800,0.9800,0.9800,0.9800
1810,0.9800,0.9800,0.9800,0.9800
1811,0.9800,0.9800,0.9800,0.9800
1812,0.9800,0.9800,0.9800,0.9800
1813,0.9800,0.9800,0.9800,0.9800
1814,0.9800,0.9800,0.9800,0.9800
1815,0.9800,0.9800,0.9800,0.9800
1816,0.9800,0.9800,0.9800,0.9800
1817,0.9800,0.9800,0.9800,0.9800
1818,0.9800,0.9800,0.9800,0.9800
1819,0.9800,0.9800,0.9800,0.9800
1820,0.9800,0.9800,0.9800,0.9800
1821,0.9800,0.9800,0.9800,0.9800
1822,0.9800,0.9800,0.9800,0.9800
1823,0.9800,0.9800,0.9800,0.9800
1824,0.9800,0.9800,0.9800,0.9800
1825,0.9800,0.9800,0.9800,0.9800
1826,0.9800,0.9800,0.9800,0.9800
1827,0.9800,0.9800,0.9800,0.9800
1828,0.9800,0.9800,0.9800,0.9800
1829,0.9800,0.9800,0.9800,0.9800
1830,0.9800,0.9800,0.9800,0.9800
1831,0.9800,0.9800,0.9800,0.9800
1832,0.9800,0.9800,0.9800,0.9800
1833,0.9800,0.9800,0.9800,0.9800
1834,0.9800,0.9800,0.9800,0.9800
1835,0.9800,0.9800,0.9800,0.9800
1836,0.9800,0.9800,0.9800,0.9800
1837,0.9800,0.9800,0.9800,0.9800
1838,0.9800,0.9800,0.9800,0.9800
1839,0.9800,0.9800,0.9800,0.9800
1840,0.9800,0.9800,0.9800,0.9800
1841,0.9800,0.9800,0.9800,0.9800
1842,0.9800,0.9800,0.9800,0.9800
1843,0.9800,0.9800,0.9800,0.9800
1844,0.9800,0.9800,0.9800,0.9800
1845,0.9800,0.9800,0.9800,0.9800
1846,0.9800,0.9800,0.9800,0.9800
1847,0.9800,0.9800,0.9800,0.9800
1848,0.9800,0.9800,0.9800,0.9800
1849,0.9800,0.9800,0.9800,0.9800
1850,0.9800,0.9800,0.9800,0.9800
1851,0.9800,0.9800,0.9800,0.9800
1852,0.9800,0.9800,0.9800,0.9800
1853,0.9800,0.9800,0.9800,0.9800
1854,0.9800,0.9800,0.9800,0.9800
1855,0.9800,0.9800,0.9800,0.9800
1856,0.9800,0.9800,0.9800,0.9800
1857,0.9800,0.9800,0.9800,0.9800
1858,0.9800,0.9800,0.9800,0.9800
1859,0.9800,0.9800,0.9800,0.9800
1860,0.9800,0.9800,0.9800,0.9800
1861,0.9800,0.9800,0.9800,0.9800
1862,0.9800,0.9800,0.9800,0.9800
1863,0.9800,0.9800,0.9800,0.9800
1864,0.9800,0.9800,0.9800,0.9800
1865,0.9800,0.9800,0.9800,0.9800
1866,0.9800,0.9800,0.9800,0.9800
1867,0.9800,0.9800,0.9800,0.9800
1868,0.9800,0.9800,0.9800,0.9800
1869,0.9800,0.9800,0.9800,0.9800
1870,0.9800,0.9800,0.9800,0.9800
1871,0.9800,0.9800,0.9800,0.9800
1872,0.9800,0.9800,0.9800,0.9800
1873,0.9800,0.9800,0.9800,0.9800
1874,0.9800,0.9800,0.9800,0.9800
1875,0.9800,0.9800,0.9800,0.9800
1876,0.9800,0.9800,0.9800,0.9800
1877,0.9800,0.9800,0.9800,0.9800
1878,0.9800,0.9800,0.9800,0.9800
1879,0.9800,0.9800,0.9800,0.9800
1880,0.9800,0.9800,0.9800,0.9800
1881,0.9800,0.9800,0.9800,0.9800
1882,0.9800,0.9800,0.9800,0.9800
1883,0.9800,0.9800,0.9800,0.9800
1884,0.9800,0.9800,0.9800,0.9800
1885,0.9800,0.9800,0.9800,0.9800
1886,0.9800,0.9800,0.9800,0.9800
1887,0.9800,0.9800,0.9800,0.9800
1888,0.9800,0.9800,0.9800,0.9800
1889,0.9800,0.9800,0.9800,0.9800
1890,0.9800,0.9800,0.9800,0.9800
1891,0.9800,0.9800,0.9800,0.9800
1892,0.9800,0.9800,0.9800,0.9800
1893,0.9800,0.9800,0.9800,0.9800
1894,0.9800,0.9800,0.9800,0.9800
1895,0.9800,0.9800,0.9800,0.9800
1896,0.9800,0.9800,0.9800,0.9800
1897,0.9800,0.9800,0.9800,0.9800
1898,0.9800,0.9800,0.9800,0.9800
1899,0.9800,0.9800,0.9800,0.9800
1900,0.9800,0.9800,0.9800,0.9800
1901,0.9800,0.9800,0.9800,0.9800
1902,0.9800,0.9800,0.9800,0.9800
1903,0.9800,0.9800,0.9800,0.9800
1904,0.9800,0.9800,0.9800,0.9800
1905,0.9800,0.9800,0.9800,0.9800
1906,0.9800,0.9800,0.9800,0.9800
1907,0.9800,0.9800,0.9800,0.9800
1908,0.9800,0.9800,0.9800,0.9800
1909,0.9800,0.9800,0.9800,0.9800
1910,0.9800,0.9800,0.9800,0.9800
1911,0.9800,0.9800,0.9800,0.9800
1912,0.9800,0.9800,0.9800,0.9800
1913,0.9800,0.9800,0.9800,0.9800
1914,0.9800,0.9800,0.9800,0.9800
1915,0.9800,0.9800,0.9800,0.9800
1916,0.9800,0.9800,0.9800,0.9800
1917,0.9800,0.9800,0.9800,0.9800
1918,0.9800,0.9800,0.9800,0.9800
1919,0.9800,0.9800,0.9800,0.9800
1920,0.9800,0.9800,0.9800,0.9800
1921,0.9800,0.9800,0.9800,0.9800
1922,0.9800,0.9800,0.9800,0.9800
1923,0.9800,0.9800,0.9800,0.9800
1924,0.9800,0.9800,0.9800,0.9800
1925,0.9800,0.9800,0.9800,0.9800
1926,0.9800,0.9800,0.9800,0.9800
1927,0.9800,0.9800,0.9800,0.9800
1928,0.9800,0.9800,0.9800,0.9800
1929,0.9800,0.9800,0.9800,0.9800
1930,0.9800,0.9800,0.9800,0.9800
1931,0.9800,0.9800,0.9800,0.9800
1932,0.9800,0.9800,0.9800,0.9800
1933,0.9800,0.9800,0.9800,0.9800
1934,0.9800,0.9800,0.9800,0.9800
1935,0.9800,0.9800,0.9800,0.9800
1936,0.9800,0.9800,0.9800,0.9800
1937,0.9800,0.9800,0.9800,0.9800
1938,0.9800,0.9800,0.9800,0.9800
1939,0.9800,0.9800,0.9800,0.9800
1940,0.9800,0.9800,0.9800,0.9800
1941,0.9800,0.9800,0.9800,0.9800
1942,0.9800,0.9800,0.9800,0.9800
1943,0.9800,0.9800,0.9800,0.9800
1944,0.9800,0.9800,0.9800,0.9800
1945,0.9800,0.9800,0.9800,0.9800
1946,0.9800,0.9800,0.9800,0.9800
1947,0.9800,0.9800,0.9800,0.9800
1948,0.9800,0.9800,0.9800,0.9800
1949,0.9800,0.9800,0.9800,0.9800
1950,0.9800,0.9800,0.9800,0.9800
1951,0.9800,0.9800,0.9800,0.9800
1952,0.9800,0.9800,0.9800,0.9800
1953,0.9800,0.9800,0.9800,0.9800
1954,0.9800,0.9800,0.9800,0.9800
1955,0.9800,0.9800,0.9800,0.9800
1956,0.9800,0.9800,0.9800,0.9800
1957,0.9800,0.9800,0.9800,0.9800
1958,0.9800,0.9800,0.9800,0.9800
1959,0.9800,0.9800,0.9800,0.9800
1960,0.9800,0.9800,0.9800,0.9800
1961,0.9800,0.9800,0.9800,0.9800
1962,0.9800,0.9800,0.9800,0.9800
1963,0.9800,0.9800,0.9800,0.9800
1964,0.9800,0.9800,0.9800,0.9800
1965,0.9800,0.9800,0.9800,0.9800
1966,0.9800,0.9800,0.9800,0.9800
1967,0.9800,0.9800,0.9800,0.9800
1968,0.9800,0.9800,0.9800,0.9800
1969,0.9800,0.9800,0.9800,0.9800
1970,0.9800,0.9800,0.9800,0.9800
1971,0.9800,0.9800,0.9800,0.9800
1972,0.9800,0.9800,0.9800,0.9800
1973,0.9800,0.9800,0.9800,0.9800
1974,0.9800,0.9800,0.9800,0.9800
1975,0.9800,0.9800,0.9800,0.9800
1976,0.9800,0.9800,0.9800,0.9800
1977,0.9800,0.9800,0.9800,0.9800
1978,0.9800,0.9800,0.9800,0.9800
1979,0.9800,0.9800,0.9800,0.9800
1980,0.9800,0.9800,0.9800,0.9800
1981,0.9800,0.9800,0.9800,0.9800
1982,0.9800,0.9800,0.9800,0.9800
1983,0.9800,0.9800,0.9800,0.9800
1984,0.9800,0.9800,0.9800,0.9800
1985,0.9800,0.9800,0.9800,0.9800
1986,0.9800,0.9800,0.9800,0.9800
1987,0.9800,0.9800,0.9800,0.9800
1988,0.9800,0.9800,0.9800,0.9800
1989,0.9800,0.9800,0.9800,0.9800
1990,0.9800,0.9800,0.9800,0.9800
1991,0.9800,0.9800,0.9800,0.9800
1992,0.9800,0.9800,0.9800,0.9800
1993,0.9800,0.9800,0.9800,0.9800
1994,0.9800,0.9800,0.9800,0.9800
1995,0.9800,0.9800,0.9800,0.9800
1996,0.9800,0.9800,0.9800,0.9800
1997,0.9800,0.9800,0.9800,0.9800
1998,0.9800,0.9800,0.9800,0.9800
1999,0.9800,0.9800,0.9800,0.9800
2000,0.9800,0.9800,0.9800,0.9800
2001,0.9800,0.9800,0.9800,0.9800
2002,0.9800,0.9800,0.9800,0.9800
2003,0.9800,0.9800,0.9800,0.9800
2004,0.9800,0.9800,0.9800,0.9800
2005,0.9800,0.9800,0.9800,0.9800
2006,0.9800,0.9800,0.9800,0.9800
2007,0.9800,0.9800,0.9800,0.9800
2008,0.9800,0.9800,0.9800,0.9800
2009,0.9800,0.9800,0.9800,0.9800
2010,0.9800,0.9800,0.9800,0.9800
2011,0.9800,0.9800,0.9800,0.9800
2012,0.9800,0.9800,0.9800,0.9800
2013,0.9800,0.9800,0.9800,0.9800
2014,0.9800,0.9800,0.9800,0.9800
2015,0.9800,0.9800,0.9800,0.9800
2016,0.9800,0.9800,0.9800,0.9800
2017,0.9800,0.9800,0.9800,0.9800
2018,0.9800,0.9800,0.9800,0.9800
2019,0.9800,0.9800,0.9800,0.9800
2020,0.9800,0.9800,0.9800,0.9800
2021,0.9800,0.9800,0.9800,0.9800
2022,0.9800,0.9800,0.9800,0.9800
2023,0.9800,0.9800,0.9800,0.9800
2024,0.9800,0.9800,0.9800,0.9800
2025,0.9800,0.9800,0.9800,0.9800
2026,0.9800,0.9800,0.9800,0.9800
2027,0.9800,0.9800,0.9800,0.9800
2028,0.9800,0.9800,0.9800,0.9800
2029,0.9800,0.9800,0.9800,0.9800
2030,0.9800,0.9800,0.9800,0.9800
2031,0.9800,0.9800,0.9800,0.9800
2032,0.9800,0.9800,0.9800,0.9800
2033,0.9800,0.9800,0.9800,0.9800
2034,0.9800,0.9800,0.9800,0.9800
2035,0.9800,0.9800,0.9800,0.9800
2036,0.9800,0.9800,0.9800,0.9800
2037,0.9800,0.9800,0.9800,0.9800
2038,0.9800,0.9800,0.9800,0.9800
2039,0.9800,0.9800,0.9800,0.9800
2040,0.9800,0.9800,0.9800,0.9800
2041,0.9800,0.9800,0.9800,0.9800
2042,0.9800,0.9800,0.9800,0.9800
2043,0.9800,0.9800,0.9800,0.9800
2044,0.9800,0.9800,0.9800,0.9800
2045,0.9800,0.9800,0.9800,0.9800
2046,0.9800,0.9800,0.9800,0.9800
2047,0.9800,0.9800,0.9800,0.9800
2048,0.9800,0.9800,0.9800,0.9800
2049,0.9800,0.9800,0.9800,0.9800
2050,0.9800,0.9800,0.9800,0.9800
2051,0.9800,0.9800,0.9800,0.9800
2052,0.9800,0.9800,0.9800,0.9800
2053,0.9800,0.9800,0.9800,0.9800
2054,0.9800,0.9800,0.9800,0.9800
2055,0.9800,0.9800,0.9800,0.9800
2056,0.9800,0.9800,0.9800,0.9800
2057,0.9800,0.9800,0.9800,0.9800
2058,0.9800,0.9800,0.9800,0.9800
2059,0.9800,0.9800,0.9800,0.9800
2060,0.9800,0.9800,0.9800,0.9800
2061,0.9800,0.9800,0.9800,0.9800
2062,0.9800,0.9800,0.9800,0.9800
2063,0.9800,0.9800,0.9800,0.9800
2064,0.9800,0.9800,0.9800,0.9800
2065,0.9800,0.9800,0.9800,0.9800
2066,0.9800,0.9800,0.9800,0.9800
2067,0.9800,0.9800,0.9800,0.9800
2068,0.9800,0.9800,0.9800,0.9800
2069,0.9800,0.9800,0.9800,0.9800
2070,0.9800,0.9800,0.9800,0.9800
2071,0.9800,0.9800,0.9800,0.9800
2072,0.9800,0.9800,0.9800,0.9800
2073,0.9800,0.9800,0.9800,0.9800
2074,0.9800,0.9800,0.9800,0.9800
2075,0.9800,0.9800,0.9800,0.9800
2076,0.9800,0.9800,0.9800,0.9800
2077,0.9800,0.9800,0.9800,0.9800
2078,0.9800,0.9800,0.9800,0.9800
2079,0.9800,0.9800,0.9800,0.9800
2080,0.9800,0.9800,0.9800,0.9800
2081,0.9800,0.9800,0.9800,0.9800
2082,0.9800,0.9800,0.9800,0.9800
2083,0.9800,0.9800,0.9800,0.9800
2084,0.9800,0.9800,0.9800,0.9800
2085,0.9800,0.9800,0.9800,0.9800
2086,0.9800,0.9800,0.9800,0.9800
2087,0.9800,0.9800,0.9800,0.9800
2088,0.9800,0.9800,0.9800,0.9800
2089,0.9800,0.9800,0.9800,0.9800
2090,0.9800,0.9800,0.9800,0.9800
2091,0.9800,0.9800,0.9800,0.9800
2092,0.9800,0.9800,0.9800,0.9800
2093,0.9800,0.9800,0.9800,0.9800
2094,0.9800,0.9800,0.9800,0.9800
2095,0.9800,0.9800,0.9800,0.9800
2096,0.9800,0.9800,0.9800,0.9800
2097,0.9800,0.9800,0.9800,0.9800
2098,0.9800,0.9800,0.9800,0.9800
2099,0.9800,0.9800,0.9800,0.9800
2100,0.9800,0.9800,0.9800,0.9800
2101,0.9800,0.9800,0.9800,0.9800
2102,0.9800,0.9800,0.9800,0.9800
2103,0.9800,0.9800,0.9800,0.9800
2104,0.9800,0.9800,0.9800,0.9800
2105,0.9800,0.9800,0.9800,0.9800
2106,0.9800,0.9800,0.9800,0.9800
2107,0.9800,0.9800,0.9800,0.9800
2108,0.9800,0.9800,0.9800,0.9800
2109,0.9800,0.9800,0.9800,0.9800
2110,0.9800,0.9800,0.9800,0.9800
2111,0.9800,0.9800,0.9800,0.9800
2112,0.9800,0.9800,0.9800,0.9800
2113,0.9800,0.9800,0.9800,0.9800
2114,0.9800,0.9800,0.9800,0.9800
2115,0.9800,0.9800,0.9800,0.9800
2116,0.9800,0.9800,0.9800,0.9800
2117,0.9800,0.9800,0.9800,0.9800
2118,0.9800,0.9800,0.9800,0.9800
2119,0.9800,0.9800,0.9800,0.9800
2120,0.9800,0.9800,0.9800,0.9800
2121,0.9800,0.9800,0.9800,0.9800
2122,0.9800,0.9800,0.9800,0.9800
2123,0.9800,0.9800,0.9800,0.9800
2124,0.9800,0.9800,0.9800,0.9800
2125,0.9800,0.9800,0.9800,0.9800
2126,0.9800,0.9800,0.9800,0.9800
2127,0.9800,0.9800,0.9800,0.9800
2128,0.9800,0.9800,0.9800,0.9800
2129,0.9800,0.9800,0.9800,0.9800
2130,0.9800,0.9800,0.9800,0.9800
2131,0.9800,0.9800,0.9800,0.9800
2132,0.9800,0.9800,0.9800,0.9800
2133,0.9800,0.9800,0.9800,0.9800
2134,0.9800,0.9800,0.9800,0.9800
2135,0.9800,0.9800,0.9800,0.9800
2136,0.9800,0.9800,0.9800,0.9800
2137,0.9800,0.9800,0.9800,0.9800
2138,0.9800,0.9800,0.9800,0.9800
2139,0.9800,0.9800,0.9800,0.9800
2140,0.9800,0.9800,0.9800,0.9800
2141,0.9800,0.9800,0.9800,0.9800
2142,0.9800,0.9800,0.9800,0.9800
2143,0.9800,0.9800,0.9800,0.9800
2144,0.9800,0.9800,0.9800,0.9800
2145,0.9800,0.9800,0.9800,0.9800
2146,0.9800,0.9800,0.9800,0.9800
2147,0.9800,0.9800,0.9800,0.9800
2148,0.9800,0.9800,0.9800,0.9800
2149,0.9800,0.9800,0.9800,0.9800
2150,0.9800,0.9800,0.9800,0.9800
2151,0.9800,0.9800,0.9800,0.9800
2152,0.9800,0.9800,0.9800,0.9800
2153,0.9800,0.9800,0.9800,0.9800
2154,0.9800,0.9800,0.9800,0.9800
2155,0.9800,0.9800,0.9800,0.9800
2156,0.9800,0.9800,0.9800,0.9800
2157,0.9800,0.9800,0.9800,0.9800
2158,0.9800,0.9800,0.9800,0.9800
2159,0.9800,0.9800,0.9800,0.9800
2160,0.9800,0.9800,0.9800,0.9800
2161,0.9800,0.9800,0.9800,0.9800
2162,0.9800,0.9800,0.9800,0.9800
2163,0.9800,0.9800,0.9800,0.9800
2164,0.9800,0.9800,0.9800,0.9800
2165,0.9800,0.9800,0.9800,0.9800
2166,0.9800,0.9800,0.9800,0.9800
2167,0.9800,0.9800,0.9800,0.9800
2168,0.9800,0.9800,0.9800,0.9800
2169,0.9800,0.9800,0.9800,0.9800
2170,0.9800,0.9800,0.9800,0.9800
2171,0.9800,0.9800,0.9800,0.9800
2172,0.9800,0.9800,0.9800,0.9800
2173,0.9800,0.9800,0.9800,0.9800
2174,0.9800,0.9800,0.9800,0.9800
2175,0.9800,0.9800,0.9800,0.9800
2176,0.9800,0.9800,0.9800,0.9800
2177,0.9800,0.9800,0.9800,0.9800
2178,0.9800,0.9800,0.9800,0.9800
2179,0.9800,0.9800,0.9800,0.9800
2180,0.9800,0.9800,0.9800,0.9800
2181,0.9800,0.9800,0.9800,0.9800
2182,0.9800,0.9800,0.9800,0.9800
2183,0.9800,0.9800,0.9800,0.9800
2184,0.9800,0.9800,0.9800,0.9800
2185,0.9800,0.9800,0.9800,0.9800
2186,0.9800,0.9800,0.9800,0.9800
2187,0.9800,0.9800,0.9800,0.9800
2188,0.9800,0.9800,0.9800,0.9800
2189,0.9800,0.9800,0.9800,0.9800
2190,0.9800,0.9800,0.9800,0.9800
2191,0.9800,0.9800,0.9800,0.9800
2192,0.9800,0.9800,0.9800,0.9800
2193,0.9800,0.9800,0.9800,0.9800
2194,0.9800,0.9800,0.9800,0.9800
2195,0.9800,0.9800,0.9800,0.9800
2196,0.9800,0.9800,0.9800,0.9800
2197,0.9800,0.9800,0.9800,0.9800
2198,0.9800,0.9800,0.9800,0.9800
2199,0.9800,0.9800,0.9800,0.9800
2200,0.9800,0.9800,0.9800,0.9800
2201,0.9800,0.9800,0.9800,0.9800
2202,0.9800,0.9800,0.9800,0.9800
2203,0.9800,0.9800,0.9800,0.9800
2204,0.9800,0.9800,0.9800,0.9800
2205,0.9800,0.9800,0.9800,0.9800
2206,0.9800,0.9800,0.9800,0.9800
2207,0.9800,0.9800,0.9800,0.9800
2208,0.9800,0.9800,0.9800,0.9800
2209,0.9800,0.9800,0.9800,0.9800
2210,0.9800,0.9800,0.9800,0.9800
2211,0.9800,0.9800,0.9800,0.9800
2212,0.9800,0.9800,0.9800,0.9800
2213,0.9800,0.9800,0.9800,0.9800
2214,0.9800,0.9800,0.9800,0.9800
2215,0.9800,0.9800,0.9800,0.9800
2216,0.9800,0.9800,0.9800,0.9800
2217,0.9800,0.9800,0.9800,0.9800
2218,0.9800,0.9800,0.9800,0.9800
2219,0.9800,0.9800,0.9800,0.9800
2220,0.9800,0.9800,0.9800,0.9800
2221,0.9800,0.9800,0.9800,0.9800
2222,0.9800,0.9800,0.9800,0.9800
2223,0.9800,0.9800,0.9800,0.9800
2224,0.9800,0.9800,0.9800,0.9800
2225,0.9800,0.9800,0.9800,0.9800
2226,0.9800,0.9800,0.9800,0.9800
2227,0.9800,0.9800,0.9800,0.9800
2228,0.9800,0.9800,0.9800,0.9800
2229,0.9800,0.9800,0.9800,0.9800
2230,0.9800,0.9800,0.9800,0.9800
2231,0.9800,0.9800,0.9800,0.9800
2232,0.9800,0.9800,0.9800,0.9800
2233,0.9800,0.9800,0.9800,0.9800
2234,0.9800,0.9800,0.9800,0.9800
2235,0.9800,0.9800,0.9800,0.9800
2236,0.9800,0.9800,0.9800,0.9800
2237,0.9800,0.9800,0.9800,0.9800
2238,0.9800,0.9800,0.9800,0.9800
2239,0.9800,0.9800,0.9800,0.9800
2240,0.9800,0.9800,0.9800,0.9800
2241,0.9800,0.9800,0.9800,0.9800
2242,0.9800,0.9800,0.9800,0.9800
2243,0.9800,0.9800,0.9800,0.9800
2244,0.9800,0.9800,0.9800,0.9800
2245,0.9800,0.9800,0.9800,0.9800
2246,0.9800,0.9800,0.9800,0.9800
2247,0.9800,0.9800,0.9800,0.9800
2248,0.9800,0.9800,0.9800,0.9800
2249,0.9800,0.9800,0.9800,0.9800
2250,0.9800,0.9800,0.9800,0.9800
2251,0.9800,0.9800,0.9800,0.9800
2252,0.9800,0.9800,0.9800,0.9800
2253,0.9800,0.9800,0.9800,0.9800
2254,0.9800,0.9800,0.9800,0.9800
2255,0.9800,0.9800,0.9800,0.9800
2256,0.9800,0.9800,0.9800,0.9800
2257,0.9800,0.9800,0.9800,0.9800
2258,0.9800,0.9800,0.9800,0.9800
2259,0.9800,0.9800,0.9800,0.9800
2260,0.9800,0.9800,0.9800,0.9800
2261,0.9800,0.9800,0.9800,0.9800
2262,0.9800,0.9800,0.9800,0.9800
2263,0.9800,0.9800,0.9800,0.9800
2264,0.9800,0.9800,0.9800,0.9800
2265,0.9800,0.9800,0.9800,0.9800
2266,0.9800,0.9800,0.7850,0.6258
2267,0.9800,0.9800,0.7337,0.6895
2268,0.9800,0.9800,0.6772,0.7641
2269,0.9800,0.9800,0.7140,0.5663
2270,0.9800,0.9800,0.8171,0.8345
2271,0.9800,0.9800,0.7605,0.8121
2272,0.9800,0.9800,0.8166,0.5816
2273,0.9800,0.9800,0.7148,0.7692
2274,0.9800,0.9800,0.8037,0.7847
2275,0.9800,0.9800,0.6555,0.6140
2276,0.9800,0.9800,0.6275,0.5674
2277,0.9800,0.9800,0.8174,0.7801
2278,0.9800,0.9800,0.8314,0.5755
2279,0.9800,0.9800,0.6277,0.5647
2280,0.9800,0.9800,0.8273,0.6827
2281,0.9800,0.9800,0.5915,0.5921
2282,0.9800,0.9800,0.9800,0.9800
2283,0.9800,0.9800,0.9800,0.9800
2284,0.9800,0.9800,0.9800,0.9800
2285,0.9800,0.9800,0.9800,0.9800
2286,0.9800,0.9800,0.9800,0.9800
2287,0.9800,0.9800,0.9800,0.9800
2288,0.9800,0.9800,0.9800,0.9800
2289,0.9800,0.9800,0.9800,0.9800
2290,0.9800,0.9800,0.9800,0.9800
2291,0.9800,0.9800,0.9800,0.9800
2292,0.9800,0.9800,0.9800,0.9800
2293,0.9800,0.9800,0.9800,0.9800
2294,0.9800,0.9800,0.9800,0.9800
2295,0.9800,0.9800,0.9800,0.9800
2296,0.9800,0.9800,0.9800,0.9800
2297,0.9800,0.9800,0.9800,0.9800
2298,0.9800,0.9800,0.9800,0.9800
2299,0.9800,0.9800,0.9800,0.9800
2300,0.9800,0.9800,0.9800,0.9800
2301,0.9800,0.9800,0.9800,0.9800
2302,0.9800,0.9800,0.9800,0.9800
2303,0.9800,0.9800,0.9800,0.9800
2304,0.9800,0.9800,0.9800,0.9800
2305,0.9800,0.9800,0.9800,0.9800
2306,0.9800,0.9800,0.9800,0.9800
2307,0.9800,0.9800,0.9800,0.9800
2308,0.9800,0.9800,0.9800,0.9800
2309,0.9800,0.9800,0.9800,0.9800
2310,0.9800,0.9800,0.9800,0.9800
2311,0.9800,0.9800,0.9800,0.9800
2312,0.9800,0.9800,0.9800,0.9800
2313,0.9800,0.9800,0.9800,0.9800
2314,0.9800,0.9800,0.9800,0.9800
2315,0.9800,0.9800,0.9800,0.9800
2316,0.9800,0.9800,0.9800,0.9800
2317,0.9800,0.9800,0.9800,0.9800
2318,0.9800,0.9800,0.9800,0.9800
2319,0.9800,0.9800,0.9800,0.9800
2320,0.9800,0.9800,0.9800,0.9800
2321,0.9800,0.9800,0.9800,0.9800
2322,0.9800,0.9800,0.9800,0.9800
2323,0.9800,0.9800,0.9800,0.9800
2324,0.9800,0.9800,0.9800,0.9800
2325,0.9800,0.9800,0.9800,0.9800
2326,0.9800,0.9800,0.9800,0.9800
2327,0.9800,0.9800,0.9800,0.9800
2328,0.9800,0.9800,0.9800,0.9800
2329,0.9800,0.9800,0.9800,0.9800
2330,0.9800,0.9800,0.9800,0.9800
2331,0.9800,0.9800,0.9800,0.9800
2332,0.9800,0.9800,0.9800,0.9800
2333,0.9800,0.9800,0.9800,0.9800
2334,0.9800,0.9800,0.9800,0.9800
2335,0.9800,0.9800,0.9800,0.9800
2336,0.9800,0.9800,0.9800,0.9800
2337,0.9800,0.9800,0.9800,0.9800
2338,0.9800,0.9800,0.9800,0.9800
2339,0.9800,0.9800,0.9800,0.9800
2340,0.9800,0.9800,0.9800,0.9800
2341,0.9800,0.9800,0.9800,0.9800
2342,0.9800,0.9800,0.9800,0.9800
2343,0.9800,0.9800,0.9800,0.9800
2344,0.9800,0.9800,0.9800,0.9800
2345,0.9800,0.9800,0.9800,0.9800
2346,0.9800,0.9800,0.9800,0.9800
2347,0.9800,0.9800,0.9800,0.9800
2348,0.9800,0.9800,0.9800,0.9800
2349,0.9800,0.9800,0.9800,0.9800
2350,0.9800,0.9800,0.9800,0.9800
2351,0.9800,0.9800,0.9800,0.9800
2352,0.9800,0.9800,0.9800,0.9800
2353,0.9800,0.9800,0.9800,0.9800
2354,0.9800,0.9800,0.9800,0.9800
2355,0.9800,0.9800,0.9800,0.9800
2356,0.9800,0.9800,0.9800,0.9800
2357,0.9800,0.9800,0.9800,0.9800
2358,0.9800,0.9800,0.9800,0.9800
2359,0.9800,0.9800,0.9800,0.9800
2360,0.9800,0.9800,0.9800,0.9800
2361,0.9800,0.9800,0.9800,0.9800
2362,0.9800,0.9800,0.9800,0.9800
2363,0.9800,0.9800,0.9800,0.9800
2364,0.9800,0.9800,0.9800,0.9800
2365,0.9800,0.9800,0.9800,0.9800
2366,0.9800,0.9800,0.9800,0.9800
2367,0.9800,0.9800,0.9800,0.9800
2368,0.9800,0.9800,0.9800,0.9800
2369,0.9800,0.9800,0.9800,0.9800
2370,0.9800,0.9800,0.9800,0.9800
2371,0.9800,0.9800,0.9800,0.9800
2372,0.9800,0.9800,0.9800,0.9800
2373,0.9800,0.9800,0.9800,0.9800
2374,0.9800,0.9800,0.9800,0.9800
2375,0.9800,0.9800,0.9800,0.9800
2376,0.9800,0.9800,0.9800,0.9800
2377,0.9800,0.9800,0.9800,0.9800
2378,0.9800,0.9800,0.9800,0.9800
2379,0.9800,0.9800,0.9800,0.9800
2380,0.9800,0.9800,0.9800,0.9800
2381,0.9800,0.9800,0.9800,0.9800
2382,0.9800,0.9800,0.9800,0.9800
2383,0.9800,0.9800,0.9800,0.9800
2384,0.9800,0.9800,0.9800,0.9800
2385,0.9800,0.9800,0.9800,0.9800
2386,0.9800,0.9800,0.9800,0.9800
2387,0.9800,0.9800,0.9800,0.9800
2388,0.9800,0.9800,0.9800,0.9800
2389,0.9800,0.9800,0.9800,0.9800
2390,0.9800,0.9800,0.9800,0.9800
2391,0.9800,0.9800,0.9800,0.9800
2392,0.9800,0.9800,0.9800,0.9800
2393,0.9800,0.9800,0.9800,0.9800
2394,0.9800,0.9800,0.9800,0.9800
2395,0.9800,0.9800,0.9800,0.9800
2396,0.9800,0.9800,0.9800,0.9800
2397,0.9800,0.9800,0.9800,0.9800
2398,0.9800,0.9800,0.9800,0.9800
2399,0.9800,0.9800,0.9800,0.9800
2400,0.9800,0.9800,0.9800,0.9800
2401,0.9800,0.9800,0.9800,0.9800
2402,0.9800,0.9800,0.9800,0.9800
2403,0.9800,0.9800,0.9800,0.9800
2404,0.9800,0.9800,0.9800,0.9800
2405,0.9800,0.9800,0.9800,0.9800
2406,0.9800,0.9800,0.9800,0.9800
2407,0.9800,0.9800,0.9800,0.9800
2408,0.9800,0.9800,0.9800,0.9800
2409,0.9800,0.9800,0.9800,0.9800
2410,0.9800,0.9800,0.9800,0.9800
2411,0.9800,0.9800,0.9800,0.9800
2412,0.9800,0.9800,0.9800,0.9800
2413,0.9800,0.9800,0.9800,0.9800
2414,0.9800,0.9800,0.9800,0.9800
2415,0.9800,0.9800,0.9800,0.9800
2416,0.9800,0.9800,0.9800,0.9800
2417,0.9800,0.9800,0.9800,0.9800
2418,0.9800,0.9800,0.9800,0.9800
2419,0.9800,0.9800,0.9800,0.9800
2420,0.9800,0.9800,0.9800,0.9800
2421,0.9800,0.9800,0.9800,0.9800
2422,0.9800,0.9800,0.9800,0.9800
2423,0.9800,0.9800,0.9800,0.9800
2424,0.9800,0.9800,0.9800,0.9800
2425,0.9800,0.9800,0.9800,0.9800
2426,0.9800,0.9800,0.9800,0.9800
2427,0.9800,0.9800,0.9800,0.9800
2428,0.9800,0.9800,0.9800,0.9800
2429,0.9800,0.9800,0.9800,0.9800
2430,0.9800,0.9800,0.9800,0.9800
2431,0.9800,0.9800,0.9800,0.9800
2432,0.9800,0.9800,0.9800,0.9800
2433,0.9800,0.9800,0.9800,0.9800
2434,0.9800,0.9800,0.9800,0.9800
2435,0.9800,0.9800,0.9800,0.9800
2436,0.9800,0.9800,0.9800,0.9800
2437,0.9800,0.9800,0.9800,0.9800
2438,0.9800,0.9800,0.9800,0.9800
2439,0.9800,0.9800,0.9800,0.9800
2440,0.9800,0.9800,0.9800,0.9800
2441,0.9800,0.9800,0.9800,0.9800
2442,0.9800,0.9800,0.9800,0.9800
2443,0.9800,0.9800,0.9800,0.9800
2444,0.9800,0.9800,0.9800,0.9800
2445,0.9800,0.9800,0.9800,0.9800
2446,0.9800,0.9800,0.9800,0.9800
2447,0.9800,0.9800,0.9800,0.9800
2448,0.9800,0.9800,0.9800,0.9800
2449,0.9800,0.9800,0.9800,0.9800
2450,0.9800,0.9800,0.9800,0.9800
2451,0.9800,0.9800,0.9800,0.9800
2452,0.9800,0.9800,0.9800,0.9800
2453,0.9800,0.9800,0.9800,0.9800
2454,0.9800,0.9800,0.9800,0.9800
2455,0.9800,0.9800,0.9800,0.9800
2456,0.9800,0.9800,0.9800,0.9800
2457,0.9800,0.9800,0.9800,0.9800
2458,0.9800,0.9800,0.9800,0.9800
2459,0.9800,0.9800,0.6888,0.7572
2460,0.9800,0.9800,0.7687,0.6412
2461,0.9800,0.9800,0.7467,0.6416
2462,0.9800,0.9800,0.7935,0.6057
2463,0.9800,0.9800,0.6602,0.5521
2464,0.9800,0.9800,0.7981,0.8016
2465,0.9800,0.9800,0.7793,0.5587
2466,0.9800,0.9800,0.7115,0.7746
2467,0.9800,0.9800,0.8068,0.7195
2468,0.9800,0.9800,0.7462,0.5738
2469,0.9800,0.9800,0.6163,0.6622
2470,0.9800,0.9800,0.6363,0.7342
2471,0.9800,0.9800,0.6296,0.8040
2472,0.9800,0.9800,0.8425,0.7767
2473,0.9800,0.9800,0.5556,0.6526
2474,0.9800,0.9800,0.6188,0.8108
2475,0.9800,0.9800,0.8207,0.7682
2476,0.9800,0.9800,0.5580,0.8370
2477,0.9800,0.9800,0.6657,0.8395
2478,0.9800,0.9800,0.8176,0.6374
2479,0.9800,0.9800,0.8459,0.8423
2480,0.9800,0.9800,0.8306,0.7611
2481,0.9800,0.9800,0.6557,0.8416
2482,0.9800,0.9800,0.8353,0.6802
2483,0.9800,0.9800,0.6928,0.6846
2484,0.9800,0.9800,0.6531,0.8383
2485,0.9800,0.9800,0.6235,0.8218
2486,0.9800,0.9800,0.6745,0.8487
2487,0.9800,0.9800,0.6994,0.8135
2488,0.9800,0.9800,0.7544,0.6326
2489,0.9800,0.9800,0.5891,0.6295
2490,0.9800,0.9800,0.6421,0.7996
2491,0.9800,0.9800,0.7620,0.5685
2492,0.9800,0.9800,0.6390,0.7538
2493,0.9800,0.9800,0.6022,0.7450
2494,0.9800,0.9800,0.6333,0.5615
2495,0.9800,0.9800,0.6417,0.6324
2496,0.9800,0.9800,0.7317,0.7158
2497,0.9800,0.9800,0.5503,0.6626
2498,0.9800,0.9800,0.8462,0.5890
2499,0.9800,0.9800,0.6107,0.7703
2500,0.9800,0.9800,0.6471,0.7337
2501,0.9800,0.9800,0.7333,0.7222
2502,0.9800,0.9800,0.8198,0.8342
2503,0.9800,0.9800,0.7941,0.5634
2504,0.9800,0.9800,0.6558,0.6047
2505,0.9800,0.9800,0.5778,0.6803
2506,0.9800,0.9800,0.6490,0.8053
2507,0.9800,0.9800,0.6877,0.7567
2508,0.9800,0.9800,0.8033,0.7049
2509,0.9800,0.9800,0.7938,0.8365
2510,0.9800,0.9800,0.5855,0.8491
2511,0.9800,0.9800,0.6458,0.6104
2512,0.9800,0.9800,0.8314,0.7827
2513,0.9800,0.9800,0.6905,0.7658
2514,0.9800,0.9800,0.6497,0.5954
2515,0.9800,0.9800,0.5547,0.7431
2516,0.9800,0.9800,0.8257,0.7760
2517,0.9800,0.9800,0.5827,0.6026
2518,0.9800,0.9800,0.6860,0.5578
2519,0.9800,0.9800,0.7809,0.6142
2520,0.9800,0.9800,0.5501,0.7709
2521,0.9800,0.9800,0.7040,0.8385
2522,0.9800,0.9800,0.6704,0.7051
2523,0.9800,0.9800,0.6838,0.7101
2524,0.9800,0.9800,0.8241,0.8477
2525,0.9800,0.9800,0.6588,0.6094
2526,0.9800,0.9800,0.7087,0.7309
2527,0.9800,0.9800,0.5861,0.8232
2528,0.9800,0.9800,0.6732,0.7325
2529,0.9800,0.9800,0.6642,0.6340
2530,0.9800,0.9800,0.5730,0.7411
2531,0.9800,0.9800,0.7783,0.6654
2532,0.9800,0.9800,0.8007,0.7836
2533,0.9800,0.9800,0.8152,0.6637
2534,0.9800,0.9800,0.5803,0.8154
2535,0.9800,0.9800,0.6255,0.6917
2536,0.9800,0.9800,0.8239,0.6519
2537,0.9800,0.9800,0.7437,0.7321
2538,0.9800,0.9800,0.7330,0.7650
2539,0.9800,0.9800,0.8065,0.6121
2540,0.9800,0.9800,0.8204,0.8180
2541,0.9800,0.9800,0.7908,0.6134
2542,0.9800,0.9800,0.5548,0.7535
2543,0.9800,0.9800,0.8146,0.6603
2544,0.9800,0.9800,0.7811,0.6961
2545,0.9800,0.9800,0.6087,0.5645
2546,0.9800,0.9800,0.6883,0.6050
2547,0.9800,0.9800,0.7736,0.7291
2548,0.9800,0.9800,0.6102,0.7535
2549,0.9800,0.9800,0.7832,0.6250
2550,0.9800,0.9800,0.8102,0.5914
2551,0.9800,0.9800,0.6322,0.6147
2552,0.9800,0.9800,0.6321,0.5936
2553,0.9800,0.9800,0.6923,0.8014
2554,0.9800,0.9800,0.7583,0.5681
2555,0.9800,0.9800,0.7457,0.7157
2556,0.9800,0.9800,0.6974,0.7118
2557,0.9800,0.9800,0.6928,0.7975
2558,0.9800,0.9800,0.7818,0.6796
2559,0.9800,0.9800,0.7538,0.5762
2560,0.9800,0.9800,0.7962,0.8249
2561,0.9800,0.9800,0.8172,0.6458
2562,0.9800,0.9800,0.6263,0.7500
2563,0.9800,0.9800,0.8205,0.8207
2564,0.9800,0.9800,0.8379,0.6373
2565,0.9800,0.9800,0.7067,0.7620
2566,0.9800,0.9800,0.5799,0.6485
2567,0.9800,0.9800,0.7217,0.8288
2568,0.9800,0.9800,0.6918,0.8110
2569,0.9800,0.9800,0.5687,0.7400
2570,0.9800,0.9800,0.5713,0.8253
2571,0.9800,0.9800,0.5594,0.5710
2572,0.9800,0.9800,0.8457,0.7247
2573,0.9800,0.9800,0.6404,0.6662
2574,0.9800,0.9800,0.7871,0.6027
2575,0.9800,0.9800,0.6227,0.6818
2576,0.9800,0.9800,0.7388,0.7697
2577,0.9800,0.9800,0.5628,0.8064
2578,0.9800,0.9800,0.6095,0.8381
2579,0.9800,0.9800,0.7687,0.7059
2580,0.9800,0.9800,0.7144,0.6139
2581,0.9800,0.9800,0.7997,0.7908
2582,0.9800,0.9800,0.6452,0.5982
2583,0.9800,0.9800,0.5668,0.8049
2584,0.9800,0.9800,0.7386,0.6856
2585,0.9800,0.9800,0.7602,0.6831
2586,0.9800,0.9800,0.7537,0.6349
2587,0.9800,0.9800,0.7896,0.6442
2588,0.9800,0.9800,0.5543,0.5932
2589,0.9800,0.9800,0.6914,0.7692
2590,0.9800,0.9800,0.7602,0.6618
2591,0.9800,0.9800,0.6715,0.7891
2592,0.9800,0.9800,0.6663,0.8293
2593,0.9800,0.9800,0.5672,0.7624
2594,0.9800,0.9800,0.8256,0.6993
2595,0.9800,0.9800,0.6455,0.6722
2596,0.9800,0.9800,0.5848,0.6824
2597,0.9800,0.9800,0.6885,0.7277
2598,0.9800,0.9800,0.7151,0.6337
2599,0.9800,0.9800,0.8442,0.7378
2600,0.9800,0.9800,0.6283,0.5528
2601,0.9800,0.9800,0.6382,0.7823
2602,0.9800,0.9800,0.8401,0.7423
2603,0.9800,0.9800,0.6098,0.7223
2604,0.9800,0.9800,0.8124,0.5959
2605,0.9800,0.9800,0.6729,0.7812
2606,0.9800,0.9800,0.7654,0.6142
2607,0.9800,0.9800,0.7102,0.7699
2608,0.9800,0.9800,0.7226,0.5502
2609,0.9800,0.9800,0.6482,0.5998
2610,0.9800,0.9800,0.6206,0.6442
2611,0.9800,0.9800,0.7551,0.6030
2612,0.9800,0.9800,0.5641,0.7867
2613,0.9800,0.9800,0.8118,0.5890
2614,0.9800,0.9800,0.6780,0.7576
2615,0.9800,0.9800,0.6678,0.7830
2616,0.9800,0.9800,0.7820,0.7037
2617,0.9800,0.9800,0.9800,0.9800
2618,0.9800,0.9800,0.9800,0.9800
2619,0.9800,0.9800,0.9800,0.9800
2620,0.9800,0.9800,0.9800,0.9800
2621,0.9800,0.9800,0.9800,0.9800
2622,0.9800,0.9800,0.9800,0.9800
2623,0.9800,0.9800,0.9800,0.9800
2624,0.9800,0.9800,0.9800,0.9800
2625,0.9800,0.9800,0.9800,0.9800
2626,0.9800,0.9800,0.9800,0.9800
2627,0.9800,0.9800,0.9800,0.9800
2628,0.9800,0.9800,0.9800,0.9800
2629,0.9800,0.9800,0.9800,0.9800
2630,0.9800,0.9800,0.9800,0.9800
2631,0.9800,0.9800,0.9800,0.9800
2632,0.9800,0.9800,0.9800,0.9800
2633,0.9800,0.9800,0.9800,0.9800
2634,0.9800,0.9800,0.9800,0.9800
2635,0.9800,0.9800,0.9800,0.9800
2636,0.9800,0.9800,0.9800,0.9800
2637,0.9800,0.9800,0.9800,0.9800
2638,0.9800,0.9800,0.9800,0.9800
2639,0.9800,0.9800,0.9800,0.9800
2640,0.9800,0.9800,0.9800,0.9800
2641,0.9800,0.9800,0.9800,0.9800
2642,0.9800,0.9800,0.9800,0.9800
2643,0.9800,0.9800,0.9800,0.9800
2644,0.9800,0.9800,0.9800,0.9800
2645,0.9800,0.9800,0.9800,0.9800
2646,0.9800,0.9800,0.9800,0.9800
2647,0.9800,0.9800,0.9800,0.9800
2648,0.9800,0.9800,0.9800,0.9800
2649,0.9800,0.9800,0.9800,0.9800
2650,0.9800,0.9800,0.9800,0.9800
2651,0.9800,0.9800,0.9800,0.9800
2652,0.9800,0.9800,0.9800,0.9800
2653,0.9800,0.9800,0.9800,0.9800
2654,0.9800,0.9800,0.9800,0.9800
2655,0.9800,0.9800,0.9800,0.9800
2656,0.9800,0.9800,0.9800,0.9800
2657,0.9800,0.9800,0.9800,0.9800
2658,0.9800,0.9800,0.9800,0.9800
2659,0.9800,0.9800,0.9800,0.9800
2660,0.9800,0.9800,0.9800,0.9800
2661,0.9800,0.9800,0.9800,0.9800
2662,0.9800,0.9800,0.9800,0.9800
2663,0.9800,0.9800,0.9800,0.9800
2664,0.9800,0.9800,0.9800,0.9800
2665,0.9800,0.9800,0.9800,0.9800
2666,0.9800,0.9800,0.9800,0.9800
2667,0.9800,0.9800,0.9800,0.9800
2668,0.9800,0.9800,0.9800,0.9800
2669,0.9800,0.9800,0.9800,0.9800
2670,0.9800,0.9800,0.9800,0.9800
2671,0.9800,0.9800,0.9800,0.9800
2672,0.9800,0.9800,0.9800,0.9800
2673,0.9800,0.9800,0.9800,0.9800
2674,0.9800,0.9800,0.9800,0.9800
2675,0.9800,0.9800,0.9800,0.9800
2676,0.9800,0.9800,0.9800,0.9800
2677,0.9800,0.9800,0.9800,0.9800
2678,0.9800,0.9800,0.9800,0.9800
2679,0.9800,0.9800,0.9800,0.9800
2680,0.9800,0.9800,0.9800,0.9800
2681,0.9800,0.9800,0.9800,0.9800
2682,0.9800,0.9800,0.9800,0.9800
2683,0.9800,0.9800,0.9800,0.9800
2684,0.9800,0.9800,0.9800,0.9800
2685,0.9800,0.9800,0.9800,0.9800
2686,0.9800,0.9800,0.9800,0.9800
2687,0.9800,0.9800,0.9800,0.9800
2688,0.9800,0.9800,0.9800,0.9800
2689,0.9800,0.9800,0.9800,0.9800
2690,0.9800,0.9800,0.9800,0.9800
2691,0.9800,0.9800,0.9800,0.9800
2692,0.9800,0.9800,0.9800,0.9800
2693,0.9800,0.9800,0.9800,0.9800
2694,0.9800,0.9800,0.9800,0.9800
2695,0.9800,0.9800,0.9800,0.9800
2696,0.9800,0.9800,0.9800,0.9800
2697,0.9800,0.9800,0.9800,0.9800
2698,0.9800,0.9800,0.9800,0.9800
2699,0.9800,0.9800,0.9800,0.9800
2700,0.9800,0.9800,0.9800,0.9800
2701,0.9800,0.9800,0.9800,0.9800
2702,0.9800,0.9800,0.9800,0.9800
2703,0.9800,0.9800,0.9800,0.9800
2704,0.9800,0.9800,0.9800,0.9800
2705,0.9800,0.9800,0.9800,0.9800
2706,0.9800,0.9800,0.9800,0.9800
2707,0.9800,0.9800,0.9800,0.9800
2708,0.9800,0.9800,0.9800,0.9800
2709,0.9800,0.9800,0.9800,0.9800
2710,0.9800,0.9800,0.9800,0.9800
2711,0.9800,0.9800,0.9800,0.9800
2712,0.9800,0.9800,0.9800,0.9800
2713,0.9800,0.9800,0.9800,0.9800
2714,0.9800,0.9800,0.9800,0.9800
2715,0.9800,0.9800,0.9800,0.9800
2716,0.9800,0.9800,0.9800,0.9800
2717,0.9800,0.9800,0.9800,0.9800
2718,0.9800,0.9800,0.9800,0.9800
2719,0.9800,0.9800,0.9800,0.9800
2720,0.9800,0.9800,0.9800,0.9800
2721,0.9800,0.9800,0.9800,0.9800
2722,0.9800,0.9800,0.9800,0.9800
2723,0.9800,0.9800,0.9800,0.9800
2724,0.9800,0.9800,0.9800,0.9800
2725,0.9800,0.9800,0.9800,0.9800
2726,0.9800,0.9800,0.9800,0.9800
2727,0.9800,0.9800,0.9800,0.9800
2728,0.9800,0.9800,0.9800,0.9800
2729,0.9800,0.9800,0.9800,0.9800
2730,0.9800,0.9800,0.9800,0.9800
2731,0.9800,0.9800,0.9800,0.9800
2732,0.9800,0.9800,0.9800,0.9800
2733,0.9800,0.9800,0.9800,0.9800
2734,0.9800,0.9800,0.9800,0.9800
2735,0.9800,0.9800,0.9800,0.9800
2736,0.9800,0.9800,0.9800,0.9800
2737,0.9800,0.9800,0.9800,0.9800
2738,0.9800,0.9800,0.9800,0.9800
2739,0.9800,0.9800,0.9800,0.9800
2740,0.9800,0.9800,0.9800,0.9800
2741,0.9800,0.9800,0.9800,0.9800
2742,0.9800,0.9800,0.9800,0.9800
2743,0.9800,0.9800,0.9800,0.9800
2744,0.9800,0.9800,0.9800,0.9800
2745,0.9800,0.9800,0.9800,0.9800
2746,0.9800,0.9800,0.9800,0.9800
2747,0.9800,0.9800,0.9800,0.9800
2748,0.9800,0.9800,0.9800,0.9800
2749,0.9800,0.9800,0.9800,0.9800
2750,0.9800,0.9800,0.9800,0.9800
2751,0.9800,0.9800,0.9800,0.9800
2752,0.9800,0.9800,0.9800,0.9800
2753,0.9800,0.9800,0.9800,0.9800
2754,0.9800,0.9800,0.9800,0.9800
2755,0.9800,0.9800,0.9800,0.9800
2756,0.9800,0.9800,0.9800,0.9800
2757,0.9800,0.9800,0.9800,0.9800
2758,0.9800,0.9800,0.9800,0.9800
2759,0.9800,0.9800,0.9800,0.9800
2760,0.9800,0.9800,0.9800,0.9800
2761,0.9800,0.9800,0.9800,0.9800
2762,0.9800,0.9800,0.9800,0.9800
2763,0.9800,0.9800,0.9800,0.9800
2764,0.9800,0.9800,0.9800,0.9800
2765,0.9800,0.9800,0.9800,0.9800
2766,0.9800,0.9800,0.9800,0.9800
2767,0.9800,0.9800,0.9800,0.9800
2768,0.9800,0.9800,0.9800,0.9800
2769,0.9800,0.9800,0.9800,0.9800
2770,0.9800,0.9800,0.9800,0.9800
2771,0.9800,0.9800,0.9800,0.9800
2772,0.9800,0.9800,0.9800,0.9800
2773,0.9800,0.9800,0.9800,0.9800
2774,0.9800,0.9800,0.9800,0.9800
2775,0.9800,0.9800,0.9800,0.9800
2776,0.9800,0.9800,0.9800,0.9800
2777,0.9800,0.9800,0.9800,0.9800
2778,0.9800,0.9800,0.9800,0.9800
2779,0.9800,0.9800,0.9800,0.9800
2780,0.9800,0.9800,0.9800,0.9800
2781,0.9800,0.9800,0.9800,0.9800
2782,0.9800,0.9800,0.9800,0.9800
2783,0.9800,0.9800,0.9800,0.9800
2784,0.9800,0.9800,0.9800,0.9800
2785,0.9800,0.9800,0.9800,0.9800
2786,0.9800,0.9800,0.9800,0.9800
2787,0.9800,0.9800,0.9800,0.9800
2788,0.9800,0.9800,0.9800,0.9800
2789,0.9800,0.9800,0.9800,0.9800
2790,0.9800,0.9800,0.9800,0.9800
2791,0.9800,0.9800,0.9800,0.9800
2792,0.9800,0.9800,0.9800,0.9800
2793,0.9800,0.9800,0.9800,0.9800
2794,0.9800,0.9800,0.9800,0.9800
2795,0.9800,0.9800,0.9800,0.9800
2796,0.9800,0.9800,0.9800,0.9800
2797,0.9800,0.9800,0.9800,0.9800
2798,0.9800,0.9800,0.9800,0.9800
2799,0.9800,0.9800,0.9800,0.9800
2800,0.9800,0.9800,0.9800,0.9800
2801,0.9800,0.9800,0.9800,0.9800
2802,0.9800,0.9800,0.9800,0.9800
2803,0.9800,0.9800,0.9800,0.9800
2804,0.9800,0.9800,0.9800,0.9800
2805,0.9800,0.9800,0.9800,0.9800
2806,0.9800,0.9800,0.9800,0.9800
2807,0.9800,0.9800,0.9800,0.9800
2808,0.9800,0.9800,0.9800,0.9800
2809,0.9800,0.9800,0.9800,0.9800
2810,0.9800,0.9800,0.9800,0.9800
2811,0.9800,0.9800,0.9800,0.9800
2812,0.9800,0.9800,0.9800,0.9800
2813,0.9800,0.9800,0.9800,0.9800
2814,0.9800,0.9800,0.9800,0.9800
2815,0.9800,0.9800,0.9800,0.9800
2816,0.9800,0.9800,0.9800,0.9800
2817,0.9800,0.9800,0.9800,0.9800
2818,0.9800,0.9800,0.9800,0.9800
2819,0.9800,0.9800,0.9800,0.9800
2820,0.9800,0.9800,0.9800,0.9800
2821,0.9800,0.9800,0.9800,0.9800
2822,0.9800,0.9800,0.9800,0.9800
2823,0.9800,0.9800,0.9800,0.9800
2824,0.9800,0.9800,0.9800,0.9800
2825,0.9800,0.9800,0.9800,0.9800
2826,0.9800,0.9800,0.9800,0.9800
2827,0.9800,0.9800,0.9800,0.9800
2828,0.9800,0.9800,0.9800,0.9800
2829,0.9800,0.9800,0.9800,0.9800
2830,0.9800,0.9800,0.9800,0.9800
2831,0.9800,0.9800,0.5837,0.6629
2832,0.9800,0.9800,0.8171,0.8162
2833,0.9800,0.9800,0.7015,0.6132
2834,0.9800,0.9800,0.8330,0.8183
2835,0.9800,0.9800,0.7009,0.8274
2836,0.9800,0.9800,0.7794,0.7411
2837,0.9800,0.9800,0.6923,0.7424
2838,0.9800,0.9800,0.6846,0.6672
2839,0.9800,0.9800,0.5857,0.7310
2840,0.9800,0.9800,0.5935,0.8457
2841,0.9800,0.9800,0.7698,0.7797
2842,0.9800,0.9800,0.7689,0.7562
2843,0.9800,0.9800,0.5530,0.6308
2844,0.9800,0.9800,0.8374,0.7830
2845,0.9800,0.9800,0.5567,0.8222
2846,0.9800,0.9800,0.8024,0.6484
2847,0.9800,0.9800,0.5806,0.5745
2848,0.9800,0.9800,0.7373,0.8020
2849,0.9800,0.9800,0.7850,0.7369
2850,0.9800,0.9800,0.5884,0.6583
2851,0.9800,0.9800,0.5936,0.5780
2852,0.9800,0.9800,0.5710,0.6096
2853,0.9800,0.9800,0.8439,0.6176
2854,0.9800,0.9800,0.8164,0.6269
2855,0.9800,0.9800,0.8111,0.6106
2856,0.9800,0.9800,0.5887,0.5903
2857,0.9800,0.9800,0.7418,0.6559
2858,0.9800,0.9800,0.6235,0.6860
2859,0.9800,0.9800,0.8048,0.8106
2860,0.9800,0.9800,0.7576,0.7059
2861,0.9800,0.9800,0.5711,0.7148
2862,0.9800,0.9800,0.7448,0.7321
2863,0.9800,0.9800,0.7832,0.6674
2864,0.9800,0.9800,0.6389,0.7173
2865,0.9800,0.9800,0.7266,0.6642
2866,0.9800,0.9800,0.6723,0.6733
2867,0.9800,0.9800,0.8290,0.8083
2868,0.9800,0.9800,0.8180,0.6152
2869,0.9800,0.9800,0.6776,0.7420
2870,0.9800,0.9800,0.7431,0.7775
2871,0.9800,0.9800,0.6851,0.5904
2872,0.9800,0.9800,0.7772,0.7219
2873,0.9800,0.9800,0.7895,0.7155
2874,0.9800,0.9800,0.7163,0.7247
2875,0.9800,0.9800,0.6140,0.5958
2876,0.9800,0.9800,0.7319,0.8292
2877,0.9800,0.9800,0.6541,0.6279
2878,0.9800,0.9800,0.7189,0.8403
2879,0.9800,0.9800,0.5713,0.5973
2880,0.9800,0.9800,0.8360,0.6770
2881,0.9800,0.9800,0.7949,0.8079
2882,0.9800,0.9800,0.6951,0.6366
2883,0.9800,0.9800,0.7425,0.8294
2884,0.9800,0.9800,0.8043,0.5681
2885,0.9800,0.9800,0.6344,0.5802
2886,0.9800,0.9800,0.8406,0.8003
2887,0.9800,0.9800,0.6062,0.5769
2888,0.9800,0.9800,0.5522,0.6685
2889,0.9800,0.9800,0.7972,0.8494
2890,0.9800,0.9800,0.5686,0.7549
2891,0.9800,0.9800,0.8433,0.7260
2892,0.9800,0.9800,0.8363,0.7330
2893,0.9800,0.9800,0.8486,0.7699
2894,0.9800,0.9800,0.6144,0.6356
2895,0.9800,0.9800,0.6008,0.6789
2896,0.9800,0.9800,0.6864,0.7381
2897,0.9800,0.9800,0.5748,0.6587
2898,0.9800,0.9800,0.6026,0.6390
2899,0.9800,0.9800,0.5929,0.7481
2900,0.9800,0.9800,0.7441,0.6761
2901,0.9800,0.9800,0.7696,0.8074
2902,0.9800,0.9800,0.8353,0.6276
2903,0.9800,0.9800,0.7337,0.5939
2904,0.9800,0.9800,0.7058,0.7451
2905,0.9800,0.9800,0.7065,0.6542
2906,0.9800,0.9800,0.5843,0.5509
2907,0.9800,0.9800,0.7659,0.6236
2908,0.9800,0.9800,0.6158,0.6334
2909,0.9800,0.9800,0.8430,0.7495
2910,0.9800,0.9800,0.5755,0.6492
2911,0.9800,0.9800,0.7466,0.6319
2912,0.9800,0.9800,0.8478,0.7958
2913,0.9800,0.9800,0.5692,0.6953
2914,0.9800,0.9800,0.7395,0.7227
2915,0.9800,0.9800,0.8021,0.7288
2916,0.9800,0.9800,0.7899,0.8420
2917,0.9800,0.9800,0.9800,0.9800
2918,0.9800,0.9800,0.9800,0.9800
2919,0.9800,0.9800,0.9800,0.9800
2920,0.9800,0.9800,0.9800,0.9800
2921,0.9800,0.9800,0.9800,0.9800
2922,0.9800,0.9800,0.9800,0.9800
2923,0.9800,0.9800,0.9800,0.9800
2924,0.9800,0.9800,0.9800,0.9800
2925,0.9800,0.9800,0.9800,0.9800
2926,0.9800,0.9800,0.9800,0.9800
2927,0.9800,0.9800,0.9800,0.9800
2928,0.9800,0.9800,0.9800,0.9800
2929,0.9800,0.9800,0.9800,0.9800
2930,0.9800,0.9800,0.9800,0.9800
2931,0.9800,0.9800,0.9800,0.9800
2932,0.9800,0.9800,0.9800,0.9800
2933,0.9800,0.9800,0.9800,0.9800
2934,0.9800,0.9800,0.9800,0.9800
2935,0.9800,0.9800,0.9800,0.9800
2936,0.9800,0.9800,0.9800,0.9800
2937,0.9800,0.9800,0.9800,0.9800
2938,0.9800,0.9800,0.9800,0.9800
2939,0.9800,0.9800,0.9800,0.9800
2940,0.9800,0.9800,0.9800,0.9800
2941,0.9800,0.9800,0.9800,0.9800
2942,0.9800,0.9800,0.9800,0.9800
2943,0.9800,0.9800,0.9800,0.9800
2944,0.9800,0.9800,0.9800,0.9800
2945,0.9800,0.9800,0.9800,0.9800
2946,0.9800,0.9800,0.9800,0.9800
2947,0.9800,0.9800,0.9800,0.9800
2948,0.9800,0.9800,0.9800,0.9800
2949,0.9800,0.9800,0.9800,0.9800
2950,0.9800,0.9800,0.9800,0.9800
2951,0.9800,0.9800,0.9800,0.9800
2952,0.9800,0.9800,0.9800,0.9800
2953,0.9800,0.9800,0.9800,0.9800
2954,0.9800,0.9800,0.9800,0.9800
2955,0.9800,0.9800,0.9800,0.9800
2956,0.9800,0.9800,0.9800,0.9800
2957,0.9800,0.9800,0.9800,0.9800
2958,0.9800,0.9800,0.9800,0.9800
2959,0.9800,0.9800,0.9800,0.9800
2960,0.9800,0.9800,0.9800,0.9800
2961,0.9800,0.9800,0.9800,0.9800
2962,0.9800,0.9800,0.9800,0.9800
2963,0.9800,0.9800,0.9800,0.9800
2964,0.9800,0.9800,0.9800,0.9800
2965,0.9800,0.9800,0.9800,0.9800
2966,0.9800,0.9800,0.9800,0.9800
2967,0.9800,0.9800,0.9800,0.9800
2968,0.9800,0.9800,0.9800,0.9800
2969,0.9800,0.9800,0.9800,0.9800
2970,0.9800,0.9800,0.9800,0.9800
2971,0.9800,0.9800,0.9800,0.9800
2972,0.9800,0.9800,0.9800,0.9800
2973,0.9800,0.9800,0.9800,0.9800
2974,0.9800,0.9800,0.9800,0.9800
2975,0.9800,0.9800,0.9800,0.9800
2976,0.9800,0.9800,0.9800,0.9800
2977,0.9800,0.9800,0.9800,0.9800
2978,0.9800,0.9800,0.9800,0.9800
2979,0.9800,0.9800,0.9800,0.9800
2980,0.9800,0.9800,0.9800,0.9800
2981,0.9800,0.9800,0.9800,0.9800
2982,0.9800,0.9800,0.9800,0.9800
2983,0.9800,0.9800,0.9800,0.9800
2984,0.9800,0.9800,0.9800,0.9800
2985,0.9800,0.9800,0.9800,0.9800
2986,0.9800,0.9800,0.9800,0.9800
2987,0.9800,0.9800,0.9800,0.9800
2988,0.9800,0.9800,0.9800,0.9800
2989,0.9800,0.9800,0.9800,0.9800
2990,0.9800,0.9800,0.9800,0.9800
2991,0.9800,0.9800,0.9800,0.9800
2992,0.9800,0.9800,0.9800,0.9800
2993,0.9800,0.9800,0.9800,0.9800
2994,0.9800,0.9800,0.9800,0.9800
2995,0.9800,0.9800,0.9800,0.9800
2996,0.9800,0.9800,0.9800,0.9800
2997,0.9800,0.9800,0.9800,0.9800
2998,0.9800,0.9800,0.9800,0.9800
2999,0.9800,0.9800,0.9800,0.9800
3000,0.9800,0.9800,0.9800,0.9800
3001,0.9800,0.9800,0.9800,0.9800
3002,0.9800,0.9800,0.9800,0.9800
3003,0.9800,0.9800,0.9800,0.9800
3004,0.9800,0.9800,0.9800,0.9800
3005,0.9800,0.9800,0.9800,0.9800
3006,0.9800,0.9800,0.9800,0.9800
3007,0.9800,0.9800,0.9800,0.9800
3008,0.9800,0.9800,0.9800,0.9800
3009,0.9800,0.9800,0.9800,0.9800
3010,0.9800,0.9800,0.9800,0.9800
3011,0.9800,0.9800,0.9800,0.9800
3012,0.9800,0.9800,0.9800,0.9800
3013,0.9800,0.9800,0.9800,0.9800
3014,0.9800,0.9800,0.9800,0.9800
3015,0.9800,0.9800,0.9800,0.9800
3016,0.9800,0.9800,0.9800,0.9800
3017,0.9800,0.9800,0.9800,0.9800
3018,0.9800,0.9800,0.9800,0.9800
3019,0.9800,0.9800,0.9800,0.9800
3020,0.9800,0.9800,0.9800,0.9800
3021,0.9800,0.9800,0.9800,0.9800
3022,0.9800,0.9800,0.9800,0.9800
3023,0.9800,0.9800,0.9800,0.9800
3024,0.9800,0.9800,0.9800,0.9800
3025,0.9800,0.9800,0.9800,0.9800
3026,0.9800,0.9800,0.9800,0.9800
3027,0.9800,0.9800,0.9800,0.9800
3028,0.9800,0.9800,0.9800,0.9800
3029,0.9800,0.9800,0.8242,0.6097
3030,0.9800,0.9800,0.5658,0.6087
3031,0.9800,0.9800,0.8470,0.6723
3032,0.9800,0.9800,0.6852,0.6243
3033,0.9800,0.9800,0.5828,0.5807
3034,0.9800,0.9800,0.6153,0.5761
3035,0.9800,0.9800,0.6975,0.8348
3036,0.9800,0.9800,0.8425,0.6554
3037,0.9800,0.9800,0.5590,0.5925
3038,0.9800,0.9800,0.5826,0.7564
3039,0.9800,0.9800,0.7875,0.6163
3040,0.9800,0.9800,0.7258,0.8270
3041,0.9800,0.9800,0.8390,0.6825
3042,0.9800,0.9800,0.6401,0.7166
3043,0.9800,0.9800,0.7527,0.6945
3044,0.9800,0.9800,0.6911,0.5783
3045,0.9800,0.9800,0.6267,0.6707
3046,0.9800,0.9800,0.5681,0.7635
3047,0.9800,0.9800,0.7007,0.7294
3048,0.9800,0.9800,0.6117,0.6270
3049,0.9800,0.9800,0.7174,0.5727
3050,0.9800,0.9800,0.5629,0.7275
3051,0.9800,0.9800,0.8049,0.8463
3052,0.9800,0.9800,0.6985,0.7276
3053,0.9800,0.9800,0.8230,0.5635
3054,0.9800,0.9800,0.6272,0.7211
3055,0.9800,0.9800,0.7339,0.7335
3056,0.9800,0.9800,0.6042,0.6971
3057,0.9800,0.9800,0.6132,0.7380
3058,0.9800,0.9800,0.8271,0.7364
3059,0.9800,0.9800,0.7887,0.6806
3060,0.9800,0.9800,0.7262,0.6577
3061,0.9800,0.9800,0.6045,0.7661
3062,0.9800,0.9800,0.6899,0.7187
3063,0.9800,0.9800,0.8362,0.8393
3064,0.9800,0.9800,0.5763,0.7952
3065,0.9800,0.9800,0.6027,0.8120
3066,0.9800,0.9800,0.7382,0.6746
3067,0.9800,0.9800,0.9800,0.9800
3068,0.9800,0.9800,0.9800,0.9800
3069,0.9800,0.9800,0.9800,0.9800
3070,0.9800,0.9800,0.9800,0.9800
3071,0.9800,0.9800,0.9800,0.9800
3072,0.9800,0.9800,0.9800,0.9800
3073,0.9800,0.9800,0.9800,0.9800
3074,0.9800,0.9800,0.9800,0.9800
3075,0.9800,0.9800,0.9800,0.9800
3076,0.9800,0.9800,0.9800,0.9800
3077,0.9800,0.9800,0.9800,0.9800
3078,0.9800,0.9800,0.9800,0.9800
3079,0.9800,0.9800,0.9800,0.9800
3080,0.9800,0.9800,0.9800,0.9800
3081,0.9800,0.9800,0.9800,0.9800
3082,0.9800,0.9800,0.9800,0.9800
3083,0.9800,0.9800,0.9800,0.9800
3084,0.9800,0.9800,0.9800,0.9800
3085,0.9800,0.9800,0.9800,0.9800
3086,0.9800,0.9800,0.9800,0.9800
3087,0.9800,0.9800,0.9800,0.9800
3088,0.9800,0.9800,0.9800,0.9800
3089,0.9800,0.9800,0.9800,0.9800
3090,0.9800,0.9800,0.9800,0.9800
3091,0.9800,0.9800,0.9800,0.9800
3092,0.9800,0.9800,0.9800,0.9800
3093,0.9800,0.9800,0.9800,0.9800
3094,0.9800,0.9800,0.9800,0.9800
3095,0.9800,0.9800,0.9800,0.9800
3096,0.9800,0.9800,0.9800,0.9800
3097,0.9800,0.9800,0.9800,0.9800
3098,0.9800,0.9800,0.9800,0.9800
3099,0.9800,0.9800,0.9800,0.9800
3100,0.9800,0.9800,0.9800,0.9800
3101,0.9800,0.9800,0.9800,0.9800
3102,0.9800,0.9800,0.9800,0.9800
3103,0.9800,0.9800,0.9800,0.9800
3104,0.9800,0.9800,0.9800,0.9800
3105,0.9800,0.9800,0.9800,0.9800
3106,0.9800,0.9800,0.9800,0.9800
3107,0.9800,0.9800,0.9800,0.9800
3108,0.9800,0.9800,0.9800,0.9800
3109,0.9800,0.9800,0.9800,0.9800
3110,0.9800,0.9800,0.9800,0.9800
3111,0.9800,0.9800,0.9800,0.9800
3112,0.9800,0.9800,0.9800,0.9800
3113,0.9800,0.9800,0.9800,0.9800
3114,0.9800,0.9800,0.9800,0.9800
3115,0.9800,0.9800,0.9800,0.9800
3116,0.9800,0.9800,0.9800,0.9800
3117,0.9800,0.9800,0.9800,0.9800
3118,0.9800,0.9800,0.9800,0.9800
3119,0.9800,0.9800,0.9800,0.9800
3120,0.9800,0.9800,0.9800,0.9800
3121,0.9800,0.9800,0.9800,0.9800
3122,0.9800,0.9800,0.9800,0.9800
3123,0.9800,0.9800,0.9800,0.9800
3124,0.9800,0.9800,0.9800,0.9800
3125,0.9800,0.9800,0.9800,0.9800
3126,0.9800,0.9800,0.9800,0.9800
3127,0.9800,0.9800,0.9800,0.9800
3128,0.9800,0.9800,0.9800,0.9800
3129,0.9800,0.9800,0.9800,0.9800
3130,0.9800,0.9800,0.9800,0.9800
3131,0.9800,0.9800,0.9800,0.9800
3132,0.9800,0.9800,0.9800,0.9800
3133,0.9800,0.9800,0.9800,0.9800
3134,0.9800,0.9800,0.9800,0.9800
3135,0.9800,0.9800,0.9800,0.9800
3136,0.9800,0.9800,0.9800,0.9800
3137,0.9800,0.9800,0.9800,0.9800
3138,0.9800,0.9800,0.9800,0.9800
3139,0.9800,0.9800,0.9800,0.9800
3140,0.9800,0.9800,0.9800,0.9800
3141,0.9800,0.9800,0.9800,0.9800
3142,0.9800,0.9800,0.9800,0.9800
3143,0.9800,0.9800,0.9800,0.9800
3144,0.9800,0.9800,0.9800,0.9800
3145,0.9800,0.9800,0.9800,0.9800
3146,0.9800,0.9800,0.9800,0.9800
3147,0.9800,0.9800,0.9800,0.9800
3148,0.9800,0.9800,0.9800,0.9800
3149,0.9800,0.9800,0.9800,0.9800
3150,0.9800,0.9800,0.9800,0.9800
3151,0.9800,0.9800,0.9800,0.9800
3152,0.9800,0.9800,0.9800,0.9800
3153,0.9800,0.9800,0.9800,0.9800
3154,0.9800,0.9800,0.9800,0.9800
3155,0.9800,0.9800,0.9800,0.9800
3156,0.9800,0.9800,0.9800,0.9800
3157,0.9800,0.9800,0.9800,0.9800
3158,0.9800,0.9800,0.9800,0.9800
3159,0.9800,0.9800,0.9800,0.9800
3160,0.9800,0.9800,0.9800,0.9800
3161,0.9800,0.9800,0.9800,0.9800
3162,0.9800,0.9800,0.9800,0.9800
3163,0.9800,0.9800,0.9800,0.9800
3164,0.9800,0.9800,0.9800,0.9800
3165,0.9800,0.9800,0.9800,0.9800
3166,0.9800,0.9800,0.9800,0.9800
3167,0.9800,0.9800,0.9800,0.9800
3168,0.9800,0.9800,0.9800,0.9800
3169,0.9800,0.9800,0.9800,0.9800
3170,0.9800,0.9800,0.9800,0.9800
3171,0.9800,0.9800,0.9800,0.9800
3172,0.9800,0.9800,0.9800,0.9800
3173,0.9800,0.9800,0.9800,0.9800
3174,0.9800,0.9800,0.9800,0.9800
3175,0.9800,0.9800,0.9800,0.9800
3176,0.9800,0.9800,0.9800,0.9800
3177,0.9800,0.9800,0.9800,0.9800
3178,0.9800,0.9800,0.9800,0.9800
3179,0.9800,0.9800,0.9800,0.9800
3180,0.9800,0.9800,0.9800,0.9800
3181,0.9800,0.9800,0.9800,0.9800
3182,0.9800,0.9800,0.9800,0.9800
3183,0.9800,0.9800,0.9800,0.9800
3184,0.9800,0.9800,0.9800,0.9800
3185,0.9800,0.9800,0.9800,0.9800
3186,0.9800,0.9800,0.9800,0.9800
3187,0.9800,0.9800,0.9800,0.9800
3188,0.9800,0.9800,0.9800,0.9800
3189,0.9800,0.9800,0.9800,0.9800
3190,0.9800,0.9800,0.9800,0.9800
3191,0.9800,0.9800,0.9800,0.9800
3192,0.9800,0.9800,0.9800,0.9800
3193,0.9800,0.9800,0.9800,0.9800
3194,0.9800,0.9800,0.9800,0.9800
3195,0.9800,0.9800,0.9800,0.9800
3196,0.9800,0.9800,0.9800,0.9800
3197,0.9800,0.9800,0.9800,0.9800
3198,0.9800,0.9800,0.9800,0.9800
3199,0.9800,0.9800,0.9800,0.9800
3200,0.9800,0.9800,0.9800,0.9800
3201,0.9800,0.9800,0.9800,0.9800
3202,0.9800,0.9800,0.9800,0.9800
3203,0.9800,0.9800,0.9800,0.9800
3204,0.9800,0.9800,0.9800,0.9800
3205,0.9800,0.9800,0.9800,0.9800
3206,0.9800,0.9800,0.9800,0.9800
3207,0.9800,0.9800,0.9800,0.9800
3208,0.9800,0.9800,0.9800,0.9800
3209,0.9800,0.9800,0.9800,0.9800
3210,0.9800,0.9800,0.9800,0.9800
3211,0.9800,0.9800,0.9800,0.9800
3212,0.9800,0.9800,0.9800,0.9800
3213,0.9800,0.9800,0.9800,0.9800
3214,0.9800,0.9800,0.9800,0.9800
3215,0.9800,0.9800,0.9800,0.9800
3216,0.9800,0.9800,0.9800,0.9800
3217,0.9800,0.9800,0.9800,0.9800
3218,0.9800,0.9800,0.9800,0.9800
3219,0.9800,0.9800,0.9800,0.9800
3220,0.9800,0.9800,0.9800,0.9800
3221,0.9800,0.9800,0.9800,0.9800
3222,0.9800,0.9800,0.9800,0.9800
3223,0.9800,0.9800,0.9800,0.9800
3224,0.9800,0.9800,0.9800,0.9800
3225,0.9800,0.9800,0.9800,0.9800
3226,0.9800,0.9800,0.9800,0.9800
3227,0.9800,0.9800,0.9800,0.9800
3228,0.9800,0.9800,0.9800,0.9800
3229,0.9800,0.9800,0.9800,0.9800
3230,0.9800,0.9800,0.9800,0.9800
3231,0.9800,0.9800,0.9800,0.9800
3232,0.9800,0.9800,0.9800,0.9800
3233,0.9800,0.9800,0.9800,0.9800
3234,0.9800,0.9800,0.9800,0.9800
3235,0.9800,0.9800,0.9800,0.9800
3236,0.9800,0.9800,0.9800,0.9800
3237,0.9800,0.9800,0.9800,0.9800
3238,0.9800,0.9800,0.9800,0.9800
3239,0.9800,0.9800,0.9800,0.9800
3240,0.9800,0.9800,0.9800,0.9800
3241,0.9800,0.9800,0.9800,0.9800
3242,0.9800,0.9800,0.9800,0.9800
3243,0.9800,0.9800,0.9800,0.9800
3244,0.9800,0.9800,0.9800,0.9800
3245,0.9800,0.9800,0.9800,0.9800
3246,0.9800,0.9800,0.9800,0.9800
3247,0.9800,0.9800,0.9800,0.9800
3248,0.9800,0.9800,0.9800,0.9800
3249,0.9800,0.9800,0.9800,0.9800
3250,0.9800,0.9800,0.9800,0.9800
3251,0.9800,0.9800,0.9800,0.9800
3252,0.9800,0.9800,0.9800,0.9800
3253,0.9800,0.9800,0.9800,0.9800
3254,0.9800,0.9800,0.9800,0.9800
3255,0.9800,0.9800,0.9800,0.9800
3256,0.9800,0.9800,0.9800,0.9800
3257,0.9800,0.9800,0.9800,0.9800
3258,0.9800,0.9800,0.9800,0.9800
3259,0.9800,0.9800,0.9800,0.9800
3260,0.9800,0.9800,0.9800,0.9800
3261,0.9800,0.9800,0.9800,0.9800
3262,0.9800,0.9800,0.9800,0.9800
3263,0.9800,0.9800,0.9800,0.9800
3264,0.9800,0.9800,0.9800,0.9800
3265,0.9800,0.9800,0.9800,0.9800
3266,0.9800,0.9800,0.9800,0.9800
3267,0.9800,0.9800,0.7168,0.6002
3268,0.9800,0.9800,0.7250,0.6370
3269,0.9800,0.9800,0.6031,0.6279
3270,0.9800,0.9800,0.7805,0.8058
3271,0.9800,0.9800,0.6496,0.7657
3272,0.9800,0.9800,0.6637,0.7578
3273,0.9800,0.9800,0.7707,0.7883
3274,0.9800,0.9800,0.5554,0.5661
3275,0.9800,0.9800,0.5757,0.7443
3276,0.9800,0.9800,0.7629,0.7375
3277,0.9800,0.9800,0.6342,0.6241
3278,0.9800,0.9800,0.6620,0.6361
3279,0.9800,0.9800,0.6764,0.6189
3280,0.9800,0.9800,0.8317,0.7799
3281,0.9800,0.9800,0.7943,0.8491
3282,0.9800,0.9800,0.7029,0.6340
3283,0.9800,0.9800,0.6325,0.6720
3284,0.9800,0.9800,0.8197,0.7728
3285,0.9800,0.9800,0.7804,0.7178
3286,0.9800,0.9800,0.7352,0.6261
3287,0.9800,0.9800,0.8378,0.7832
3288,0.9800,0.9800,0.5943,0.6300
3289,0.9800,0.9800,0.6252,0.7495
3290,0.9800,0.9800,0.6994,0.7933
3291,0.9800,0.9800,0.7875,0.6478
3292,0.9800,0.9800,0.7736,0.7725
3293,0.9800,0.9800,0.8318,0.6124
3294,0.9800,0.9800,0.6061,0.8215
3295,0.9800,0.9800,0.5929,0.7121
3296,0.9800,0.9800,0.7845,0.8479
3297,0.9800,0.9800,0.5759,0.7130
3298,0.9800,0.9800,0.5511,0.7122
3299,0.9800,0.9800,0.6757,0.7523
3300,0.9800,0.9800,0.5753,0.6897
3301,0.9800,0.9800,0.8318,0.8051
3302,0.9800,0.9800,0.8497,0.5992
3303,0.9800,0.9800,0.7152,0.8387
3304,0.9800,0.9800,0.8097,0.6814
3305,0.9800,0.9800,0.5761,0.7645
3306,0.9800,0.9800,0.8482,0.6130
3307,0.9800,0.9800,0.5632,0.6797
3308,0.9800,0.9800,0.7823,0.7763
3309,0.9800,0.9800,0.7586,0.5581
3310,0.9800,0.9800,0.5844,0.7389
3311,0.9800,0.9800,0.7579,0.8023
3312,0.9800,0.9800,0.8174,0.8384
3313,0.9800,0.9800,0.6130,0.6038
3314,0.9800,0.9800,0.7080,0.6525
3315,0.9800,0.9800,0.6420,0.7455
3316,0.9800,0.9800,0.7394,0.7097
3317,0.9800,0.9800,0.7767,0.5573
3318,0.9800,0.9800,0.8197,0.7912
3319,0.9800,0.9800,0.7439,0.6255
3320,0.9800,0.9800,0.7180,0.6021
3321,0.9800,0.9800,0.6598,0.5642
3322,0.9800,0.9800,0.7827,0.6629
3323,0.9800,0.9800,0.7723,0.7739
3324,0.9800,0.9800,0.8313,0.8148
3325,0.9800,0.9800,0.5797,0.6484
3326,0.9800,0.9800,0.6017,0.7428
3327,0.9800,0.9800,0.7108,0.7303
3328,0.9800,0.9800,0.7990,0.8234
3329,0.9800,0.9800,0.7448,0.6717
3330,0.9800,0.9800,0.7250,0.7466
3331,0.9800,0.9800,0.5866,0.7654
3332,0.9800,0.9800,0.7301,0.7414
3333,0.9800,0.9800,0.5720,0.6824
3334,0.9800,0.9800,0.6343,0.7777
3335,0.9800,0.9800,0.5780,0.6140
3336,0.9800,0.9800,0.8027,0.6045
3337,0.9800,0.9800,0.7958,0.8290
3338,0.9800,0.9800,0.6027,0.8292
3339,0.9800,0.9800,0.6612,0.7523
3340,0.9800,0.9800,0.6908,0.5815
3341,0.9800,0.9800,0.6040,0.5659
3342,0.9800,0.9800,0.6995,0.6990
3343,0.9800,0.9800,0.8091,0.8157
3344,0.9800,0.9800,0.7038,0.7081
3345,0.9800,0.9800,0.6277,0.8472
3346,0.9800,0.9800,0.6949,0.6288
3347,0.9800,0.9800,0.5723,0.8020
3348,0.9800,0.9800,0.8473,0.8313
3349,0.9800,0.9800,0.5695,0.7561
3350,0.9800,0.9800,0.6626,0.6707
3351,0.9800,0.9800,0.7773,0.7987
3352,0.9800,0.9800,0.7615,0.8463
3353,0.9800,0.9800,0.7056,0.5531
3354,0.9800,0.9800,0.6193,0.6172
3355,0.9800,0.9800,0.6562,0.7860
3356,0.9800,0.9800,0.7392,0.6054
3357,0.9800,0.9800,0.7302,0.7372
3358,0.9800,0.9800,0.8091,0.6255
3359,0.9800,0.9800,0.6206,0.5580
3360,0.9800,0.9800,0.8005,0.6001
3361,0.9800,0.9800,0.5845,0.8484
3362,0.9800,0.9800,0.6860,0.6059
3363,0.9800,0.9800,0.7208,0.8364
3364,0.9800,0.9800,0.7116,0.8411
3365,0.9800,0.9800,0.5706,0.8326
3366,0.9800,0.9800,0.6411,0.6716
3367,0.9800,0.9800,0.7222,0.7698
3368,0.9800,0.9800,0.7853,0.7464
3369,0.9800,0.9800,0.5589,0.5548
3370,0.9800,0.9800,0.6312,0.6588
3371,0.9800,0.9800,0.7336,0.6592
3372,0.9800,0.9800,0.7850,0.6446
3373,0.9800,0.9800,0.6228,0.7382
3374,0.9800,0.9800,0.6850,0.6023
3375,0.9800,0.9800,0.6331,0.8429
3376,0.9800,0.9800,0.8085,0.8496
3377,0.9800,0.9800,0.6420,0.7411
3378,0.9800,0.9800,0.7439,0.6226
3379,0.9800,0.9800,0.5867,0.7355
3380,0.9800,0.9800,0.6647,0.5858
3381,0.9800,0.9800,0.7374,0.6773
3382,0.9800,0.9800,0.8300,0.6662
3383,0.9800,0.9800,0.7432,0.8407
3384,0.9800,0.9800,0.7859,0.8129
3385,0.9800,0.9800,0.6279,0.7910
3386,0.9800,0.9800,0.7274,0.5703
3387,0.9800,0.9800,0.6810,0.7736
3388,0.9800,0.9800,0.8192,0.8457
3389,0.9800,0.9800,0.7249,0.6013
3390,0.9800,0.9800,0.6837,0.7551
3391,0.9800,0.9800,0.6270,0.6434
3392,0.9800,0.9800,0.6784,0.6149
3393,0.9800,0.9800,0.6195,0.6680
3394,0.9800,0.9800,0.8025,0.7461
3395,0.9800,0.9800,0.5719,0.6748
3396,0.9800,0.9800,0.5524,0.8027
3397,0.9800,0.9800,0.6949,0.7121
3398,0.9800,0.9800,0.7987,0.6189
3399,0.9800,0.9800,0.6770,0.7177
3400,0.9800,0.9800,0.6336,0.6192
3401,0.9800,0.9800,0.5898,0.6609
3402,0.9800,0.9800,0.6956,0.7921
3403,0.9800,0.9800,0.7717,0.5522
3404,0.9800,0.9800,0.5942,0.6490
3405,0.9800,0.9800,0.6729,0.6154
3406,0.9800,0.9800,0.7017,0.7023
3407,0.9800,0.9800,0.6501,0.5696
3408,0.9800,0.9800,0.5940,0.7485
3409,0.9800,0.9800,0.7053,0.7392
3410,0.9800,0.9800,0.6132,0.6364
3411,0.9800,0.9800,0.5561,0.7612
3412,0.9800,0.9800,0.5547,0.6717
3413,0.9800,0.9800,0.6945,0.6052
3414,0.9800,0.9800,0.6299,0.6034
3415,0.9800,0.9800,0.7477,0.5995
3416,0.9800,0.9800,0.5936,0.7328
3417,0.9800,0.9800,0.7687,0.5846
3418,0.9800,0.9800,0.6469,0.8063
3419,0.9800,0.9800,0.6003,0.7226
3420,0.9800,0.9800,0.7307,0.5789
3421,0.9800,0.9800,0.7019,0.6892
3422,0.9800,0.9800,0.5977,0.7356
3423,0.9800,0.9800,0.6459,0.7934
3424,0.9800,0.9800,0.6150,0.8021
3425,0.9800,0.9800,0.7970,0.7449
3426,0.9800,0.9800,0.6271,0.5937
3427,0.9800,0.9800,0.7467,0.7880
3428,0.9800,0.9800,0.6279,0.6497
3429,0.9800,0.9800,0.6317,0.7908
3430,0.9800,0.9800,0.7101,0.8171
3431,0.9800,0.9800,0.6325,0.5754
3432,0.9800,0.9800,0.8140,0.6791
3433,0.9800,0.9800,0.5983,0.6136
3434,0.9800,0.9800,0.5510,0.6074
3435,0.9800,0.9800,0.6127,0.5954
3436,0.9800,0.9800,0.8148,0.7285
3437,0.9800,0.9800,0.7623,0.6559
3438,0.9800,0.9800,0.6640,0.5816
3439,0.9800,0.9800,0.9800,0.9800
3440,0.9800,0.9800,0.9800,0.9800
3441,0.9800,0.9800,0.9800,0.9800
3442,0.9800,0.9800,0.9800,0.9800
3443,0.9800,0.9800,0.9800,0.9800
3444,0.9800,0.9800,0.9800,0.9800
3445,0.9800,0.9800,0.9800,0.9800
3446,0.9800,0.9800,0.9800,0.9800
3447,0.9800,0.9800,0.9800,0.9800
3448,0.9800,0.9800,0.9800,0.9800
3449,0.9800,0.9800,0.9800,0.9800
3450,0.9800,0.9800,0.9800,0.9800
3451,0.9800,0.9800,0.9800,0.9800
3452,0.9800,0.9800,0.9800,0.9800
3453,0.9800,0.9800,0.9800,0.9800
3454,0.9800,0.9800,0.9800,0.9800
3455,0.9800,0.9800,0.9800,0.9800
3456,0.9800,0.9800,0.9800,0.9800
3457,0.9800,0.9800,0.9800,0.9800
3458,0.9800,0.9800,0.9800,0.9800
3459,0.9800,0.9800,0.9800,0.9800
3460,0.9800,0.9800,0.9800,0.9800
3461,0.9800,0.9800,0.9800,0.9800
3462,0.9800,0.9800,0.9800,0.9800
3463,0.9800,0.9800,0.9800,0.9800
3464,0.9800,0.9800,0.9800,0.9800
3465,0.9800,0.9800,0.9800,0.9800
3466,0.9800,0.9800,0.9800,0.9800
3467,0.9800,0.9800,0.9800,0.9800
3468,0.9800,0.9800,0.9800,0.9800
3469,0.9800,0.9800,0.9800,0.9800
3470,0.9800,0.9800,0.9800,0.9800
3471,0.9800,0.9800,0.9800,0.9800
3472,0.9800,0.9800,0.9800,0.9800
3473,0.9800,0.9800,0.9800,0.9800
3474,0.9800,0.9800,0.9800,0.9800
3475,0.9800,0.9800,0.9800,0.9800
3476,0.9800,0.9800,0.9800,0.9800
3477,0.9800,0.9800,0.9800,0.9800
3478,0.9800,0.9800,0.9800,0.9800
3479,0.9800,0.9800,0.9800,0.9800
3480,0.9800,0.9800,0.9800,0.9800
3481,0.9800,0.9800,0.9800,0.9800
3482,0.9800,0.9800,0.9800,0.9800
3483,0.9800,0.9800,0.9800,0.9800
3484,0.9800,0.9800,0.9800,0.9800
3485,0.9800,0.9800,0.9800,0.9800
3486,0.9800,0.9800,0.9800,0.9800
3487,0.9800,0.9800,0.9800,0.9800
3488,0.9800,0.9800,0.9800,0.9800
3489,0.9800,0.9800,0.9800,0.9800
3490,0.9800,0.9800,0.9800,0.9800
3491,0.9800,0.9800,0.9800,0.9800
3492,0.9800,0.9800,0.9800,0.9800
3493,0.9800,0.9800,0.9800,0.9800
3494,0.9800,0.9800,0.9800,0.9800
3495,0.9800,0.9800,0.9800,0.9800
3496,0.9800,0.9800,0.9800,0.9800
3497,0.9800,0.9800,0.9800,0.9800
3498,0.9800,0.9800,0.9800,0.9800
3499,0.9800,0.9800,0.9800,0.9800
3500,0.9800,0.9800,0.9800,0.9800
3501,0.9800,0.9800,0.9800,0.9800
3502,0.9800,0.9800,0.9800,0.9800
3503,0.9800,0.9800,0.9800,0.9800
3504,0.9800,0.9800,0.9800,0.9800
3505,0.9800,0.9800,0.9800,0.9800
3506,0.9800,0.9800,0.9800,0.9800
3507,0.9800,0.9800,0.9800,0.9800
3508,0.9800,0.9800,0.9800,0.9800
3509,0.9800,0.9800,0.9800,0.9800
3510,0.9800,0.9800,0.9800,0.9800
3511,0.9800,0.9800,0.9800,0.9800
3512,0.9800,0.9800,0.9800,0.9800
3513,0.9800,0.9800,0.9800,0.9800
3514,0.9800,0.9800,0.9800,0.9800
3515,0.9800,0.9800,0.9800,0.9800
3516,0.9800,0.9800,0.9800,0.9800
3517,0.9800,0.9800,0.9800,0.9800
3518,0.9800,0.9800,0.9800,0.9800
3519,0.9800,0.9800,0.9800,0.9800
3520,0.9800,0.9800,0.9800,0.9800
3521,0.9800,0.9800,0.9800,0.9800
3522,0.9800,0.9800,0.9800,0.9800
3523,0.9800,0.9800,0.9800,0.9800
3524,0.9800,0.9800,0.9800,0.9800
3525,0.9800,0.9800,0.9800,0.9800
3526,0.9800,0.9800,0.9800,0.9800
3527,0.9800,0.9800,0.9800,0.9800
3528,0.9800,0.9800,0.9800,0.9800
3529,0.9800,0.9800,0.9800,0.9800
3530,0.9800,0.9800,0.9800,0.9800
3531,0.9800,0.9800,0.9800,0.9800
3532,0.9800,0.9800,0.9800,0.9800
3533,0.9800,0.9800,0.9800,0.9800
3534,0.9800,0.9800,0.9800,0.9800
3535,0.9800,0.9800,0.9800,0.9800
3536,0.9800,0.9800,0.9800,0.9800
3537,0.9800,0.9800,0.9800,0.9800
3538,0.9800,0.9800,0.9800,0.9800
3539,0.9800,0.9800,0.9800,0.9800
3540,0.9800,0.9800,0.9800,0.9800
3541,0.9800,0.9800,0.9800,0.9800
3542,0.9800,0.9800,0.9800,0.9800
3543,0.9800,0.9800,0.9800,0.9800
3544,0.9800,0.9800,0.9800,0.9800
3545,0.9800,0.9800,0.9800,0.9800
3546,0.9800,0.9800,0.9800,0.9800
3547,0.9800,0.9800,0.9800,0.9800
3548,0.9800,0.9800,0.9800,0.9800
3549,0.9800,0.9800,0.9800,0.9800
3550,0.9800,0.9800,0.9800,0.9800
3551,0.9800,0.9800,0.9800,0.9800
3552,0.9800,0.9800,0.9800,0.9800
3553,0.9800,0.9800,0.9800,0.9800
3554,0.9800,0.9800,0.9800,0.9800
3555,0.9800,0.9800,0.9800,0.9800
3556,0.9800,0.9800,0.9800,0.9800
3557,0.9800,0.9800,0.9800,0.9800
3558,0.9800,0.9800,0.9800,0.9800
3559,0.9800,0.9800,0.9800,0.9800
3560,0.9800,0.9800,0.9800,0.9800
3561,0.9800,0.9800,0.9800,0.9800
3562,0.9800,0.9800,0.9800,0.9800
3563,0.9800,0.9800,0.9800,0.9800
3564,0.9800,0.9800,0.9800,0.9800
3565,0.9800,0.9800,0.9800,0.9800
3566,0.9800,0.9800,0.9800,0.9800
3567,0.9800,0.9800,0.9800,0.9800
3568,0.9800,0.9800,0.9800,0.9800
3569,0.9800,0.9800,0.9800,0.9800
3570,0.9800,0.9800,0.9800,0.9800
3571,0.9800,0.9800,0.9800,0.9800
3572,0.9800,0.9800,0.9800,0.9800
3573,0.9800,0.9800,0.9800,0.9800
3574,0.9800,0.9800,0.9800,0.9800
3575,0.9800,0.9800,0.9800,0.9800
3576,0.9800,0.9800,0.9800,0.9800
3577,0.9800,0.9800,0.9800,0.9800
3578,0.9800,0.9800,0.9800,0.9800
3579,0.9800,0.9800,0.9800,0.9800
3580,0.9800,0.9800,0.9800,0.9800
3581,0.9800,0.9800,0.9800,0.9800
3582,0.9800,0.9800,0.9800,0.9800
3583,0.9800,0.9800,0.9800,0.9800
3584,0.9800,0.9800,0.9800,0.9800
3585,0.9800,0.9800,0.9800,0.9800
3586,0.9800,0.9800,0.9800,0.9800
3587,0.9800,0.9800,0.9800,0.9800
3588,0.9800,0.9800,0.9800,0.9800
3589,0.9800,0.9800,0.9800,0.9800
3590,0.9800,0.9800,0.9800,0.9800
3591,0.9800,0.9800,0.9800,0.9800
3592,0.9800,0.9800,0.9800,0.9800
3593,0.9800,0.9800,0.9800,0.9800
3594,0.9800,0.9800,0.9800,0.9800
3595,0.9800,0.9800,0.9800,0.9800
3596,0.9800,0.9800,0.9800,0.9800
3597,0.9800,0.9800,0.9800,0.9800
3598,0.9800,0.9800,0.9800,0.9800
3599,0.9800,0.9800,0.9800,0.9800
