frame,x1,y1,x2,y2,x3,y3,x4,y4
0,700.738,825.775,812.451,721.215,380.502,602.414,644.530,564.449
1,701.968,824.923,813.522,720.276,381.502,603.532,645.525,563.977
2,703.284,824.216,814.510,719.182,382.561,604.584,646.490,563.210
3,704.634,823.661,815.431,718.008,383.049,605.847,647.456,562.670
4,705.877,822.823,816.440,716.959,383.707,607.099,648.398,561.953
5,707.223,822.345,817.380,715.811,384.225,608.341,649.333,561.331
6,708.524,822.088,818.312,714.658,384.893,609.573,650.254,560.769
7,709.854,821.503,819.315,713.618,386.015,610.563,651.137,560.528
8,711.167,821.137,820.209,712.426,387.111,611.587,652.014,560.213
9,712.399,820.994,821.040,711.180,388.306,612.450,652.882,559.840
10,713.689,820.649,821.865,709.929,389.541,612.879,653.743,559.330
11,714.997,820.131,822.526,708.592,390.785,613.459,654.585,558.914
12,716.286,819.721,823.317,707.317,391.812,614.548,655.416,558.269
13,717.521,819.472,824.174,706.095,392.174,615.732,656.205,557.401
14,718.613,819.488,824.992,704.841,392.730,616.928,657.000,556.639
15,719.517,819.736,825.678,703.511,393.065,618.077,657.771,555.804
16,720.253,820.135,826.547,702.304,393.250,619.165,658.551,555.151
17,721.009,820.495,827.450,701.140,393.732,620.312,659.315,554.449
18,722.029,820.521,828.473,700.239,394.409,621.458,660.044,553.593
19,723.175,820.298,829.323,699.022,395.042,622.592,660.557,552.276
20,724.397,819.818,829.658,697.643,395.604,623.710,661.263,551.401
21,725.610,819.344,829.929,696.280,396.063,624.802,661.937,550.444
22,726.730,819.119,830.161,694.930,396.607,625.892,662.635,549.642
23,727.547,819.325,830.227,693.650,396.869,626.908,663.239,548.551
24,728.208,819.674,830.300,692.375,397.186,627.925,663.939,547.987
25,728.712,820.141,830.741,691.007,397.826,628.983,664.614,547.747
26,729.242,820.569,831.300,689.646,398.710,630.015,664.837,548.650
27,730.224,820.473,831.892,688.291,399.774,630.982,665.073,549.515
28,731.271,820.239,832.653,686.998,400.869,631.927,665.335,550.321
29,732.319,819.984,833.034,685.635,402.165,632.697,665.585,551.127
30,732.849,820.360,833.286,684.301,403.551,632.938,666.077,551.436
31,733.313,820.774,833.776,682.937,404.908,633.090,666.634,551.507
32,733.072,821.575,834.037,681.606,406.254,633.228,667.253,551.175
33,733.113,822.241,833.926,680.470,407.596,633.378,667.845,550.971
34,733.088,822.928,834.325,679.120,408.494,632.858,668.438,550.212
35,732.670,823.751,835.086,677.825,409.238,632.222,669.034,549.654
36,732.531,824.468,835.799,676.508,410.281,631.917,669.577,549.573
37,731.988,825.300,836.655,675.280,411.573,632.058,670.073,549.650
38,731.318,826.142,837.062,673.920,412.828,632.127,670.634,548.967
39,730.529,826.985,837.556,672.555,414.052,632.148,671.191,548.478
40,729.659,827.821,837.741,671.255,415.081,631.892,671.626,548.676
41,728.580,828.621,838.250,669.893,416.196,631.770,672.138,548.501
42,727.921,829.439,838.930,668.561,417.497,632.044,672.666,548.083
43,727.204,830.257,839.719,667.281,418.824,632.437,673.186,547.536
44,726.591,831.056,840.379,665.940,420.143,632.786,673.689,546.836
45,725.554,831.843,840.896,664.571,420.117,632.830,674.184,546.529
46,724.299,832.549,840.865,663.380,420.091,632.873,674.560,545.385
47,723.136,833.296,840.975,662.114,420.066,632.915,674.944,544.279
48,721.783,833.931,840.858,661.003,420.041,632.956,675.189,542.940
49,720.380,834.515,840.447,660.206,420.017,632.996,675.459,541.644
50,718.952,835.069,839.893,659.642,419.993,633.036,675.730,540.363
51,717.460,835.511,839.271,659.226,419.970,633.075,675.930,538.997
52,716.038,836.070,838.990,658.339,419.947,633.112,676.140,537.652
53,714.603,836.608,838.698,657.483,419.924,633.150,676.363,536.333
54,713.119,837.056,838.657,656.396,419.902,633.186,676.385,534.840
55,711.656,837.544,838.077,656.007,419.881,633.222,676.541,533.458
56,710.134,837.799,837.503,655.634,419.860,633.257,676.870,532.344
57,708.620,837.958,837.011,655.141,419.839,633.291,677.263,531.422
58,707.194,838.501,836.325,655.100,419.819,633.325,677.669,530.580
59,705.741,838.993,835.920,654.514,419.799,633.358,678.037,529.633
60,704.381,839.619,835.391,654.169,419.780,633.390,678.193,528.304
61,702.884,839.744,834.816,653.950,419.761,633.422,678.497,527.229
62,701.390,840.083,834.148,654.014,419.742,633.453,678.666,525.938
63,699.896,840.381,833.394,654.672,419.724,633.483,679.044,525.114
64,698.463,840.899,832.716,655.787,419.706,633.513,679.381,524.179
65,697.198,841.611,831.995,656.749,419.688,633.542,679.761,523.426
66,695.847,842.245,831.270,657.686,419.671,633.571,680.138,522.700
67,694.389,842.697,830.545,658.613,419.654,633.599,680.474,521.845
68,692.910,843.069,829.911,659.826,419.638,633.626,680.827,522.130
69,691.470,843.559,829.259,661.007,419.622,633.653,681.231,521.871
70,690.071,844.127,828.585,662.142,419.606,633.679,681.585,522.080
71,688.609,844.550,827.862,663.102,419.590,633.705,681.905,522.406
72,687.154,844.992,827.122,663.725,419.575,633.731,682.199,522.803
73,685.702,845.442,826.421,664.764,419.560,633.755,682.555,522.855
74,684.228,845.772,825.736,665.859,419.545,633.780,682.898,522.950
75,682.763,845.930,825.080,667.038,419.531,633.804,683.259,522.609
76,681.326,845.997,824.366,667.475,419.517,633.827,683.531,521.743
77,680.205,845.553,823.635,668.301,419.503,633.850,683.793,520.869
78,679.116,845.099,822.914,669.213,419.490,633.872,684.007,519.876
79,678.013,844.682,822.190,670.084,419.477,633.894,684.127,518.709
80,676.631,844.721,821.468,670.700,419.464,633.916,684.423,518.031
81,675.344,844.586,820.760,671.233,419.451,633.937,684.682,517.228
82,674.173,844.306,820.084,671.619,419.438,633.958,684.998,516.754
83,673.013,844.032,819.377,672.249,419.426,633.978,685.311,516.306
84,671.933,843.686,818.718,673.375,419.414,633.998,685.561,515.547
85,670.943,843.267,818.173,674.732,419.403,634.017,685.740,514.594
86,670.196,842.668,817.815,676.247,419.391,634.036,686.049,514.567
87,669.681,841.941,817.799,677.805,419.267,633.048,686.355,514.442
88,669.697,841.007,817.605,679.361,419.411,632.173,686.596,514.810
89,669.885,840.045,817.142,680.822,419.343,631.233,686.849,515.095
90,670.674,839.066,816.666,682.277,419.408,630.357,686.815,516.110
91,671.928,838.293,816.203,683.743,419.740,629.627,686.476,517.437
92,672.897,837.359,815.847,685.257,420.392,629.132,686.331,518.584
93,674.026,836.497,815.442,686.753,421.026,628.641,686.113,519.801
94,675.405,835.899,815.545,688.223,421.647,628.159,685.928,520.977
95,676.660,835.126,815.580,689.702,422.227,627.663,686.005,521.757
96,677.890,834.328,815.558,691.184,422.852,627.220,685.957,522.744
97,679.035,833.471,815.743,692.570,423.437,626.763,685.726,523.940
98,680.252,832.662,815.881,693.962,423.605,626.065,685.756,524.782
99,681.527,831.905,815.707,695.437,424.257,625.696,685.773,525.635
100,682.891,831.273,815.578,696.894,424.772,625.237,685.903,526.241
101,684.100,830.453,815.885,698.138,425.571,625.033,685.955,527.003
102,685.369,829.685,815.721,699.578,426.583,625.092,686.090,527.566
103,686.613,828.892,815.794,700.923,427.710,625.342,686.200,528.178
104,687.929,828.178,815.703,702.318,428.845,625.611,686.173,529.046
105,689.254,827.475,815.636,703.692,429.966,625.851,686.109,529.963
106,690.070,826.489,815.553,705.059,431.166,626.265,685.760,531.187
107,691.056,825.547,815.088,706.469,432.252,626.442,685.648,532.157
108,691.825,824.564,814.855,707.858,433.064,626.291,685.738,532.768
109,692.518,823.582,815.260,708.884,433.866,626.141,685.820,533.383
110,693.239,822.607,815.979,709.543,434.703,626.036,686.021,533.651
111,693.801,821.641,816.533,710.372,435.840,626.331,686.251,533.783
112,694.571,820.681,816.831,711.417,436.800,626.366,686.454,534.005
113,695.139,819.728,816.499,712.761,437.371,626.059,686.364,534.888
114,694.903,819.031,815.842,714.091,437.621,625.572,686.306,535.713
115,694.548,818.417,814.963,715.302,438.105,625.231,686.189,536.616
116,694.949,817.520,814.047,716.479,438.480,624.835,686.111,537.454
117,695.510,816.609,nan,nan,438.648,624.344,686.074,538.216
118,695.999,815.715,nan,nan,438.710,623.818,685.995,539.037
119,696.703,814.809,nan,nan,438.996,623.409,685.730,540.088
120,698.085,814.189,nan,nan,438.830,622.822,685.492,541.102
121,699.456,813.550,nan,nan,438.591,622.222,685.111,542.246
122,700.862,812.970,808.503,717.878,437.586,621.574,684.541,543.505
123,702.321,812.563,807.861,717.424,436.463,620.949,684.152,544.646
124,703.704,811.939,807.271,716.927,434.971,620.562,683.693,545.832
125,705.153,811.518,806.520,716.704,433.512,620.120,683.045,547.107
126,706.591,811.058,805.687,716.672,432.312,619.482,682.124,548.410
127,707.871,810.294,804.779,716.866,431.521,618.765,680.925,549.582
128,709.025,809.433,803.815,717.305,430.403,618.086,679.440,550.180
129,710.459,808.986,802.838,718.151,429.209,617.424,678.136,551.194
130,711.777,808.257,801.871,719.063,428.175,616.707,676.878,552.255
131,712.880,807.357,800.895,719.887,427.110,615.989,675.823,553.488
132,713.963,806.446,799.935,720.400,426.370,615.244,674.708,554.674
133,715.024,805.525,799.080,720.562,425.796,614.517,673.650,555.892
134,715.739,804.545,798.202,720.821,425.351,613.819,672.902,557.188
135,716.357,803.573,797.359,721.009,424.679,613.081,672.083,558.478
136,716.454,802.739,796.861,720.604,424.003,612.340,671.191,559.752
137,716.425,801.973,796.659,719.889,423.878,611.763,670.033,560.869
138,716.042,801.432,796.573,719.089,423.993,611.319,668.909,562.010
139,715.823,800.799,796.690,718.152,423.771,610.715,667.526,562.560
140,715.762,800.092,797.127,717.063,423.961,610.336,666.155,563.067
141,715.611,799.448,797.244,716.140,423.902,609.823,665.057,564.201
142,715.048,799.116,797.152,715.384,423.601,609.210,663.777,565.027
143,714.494,798.791,797.086,714.618,423.421,608.652,662.641,566.100
144,713.575,798.897,796.564,714.384,423.425,608.193,661.533,567.200
145,713.216,798.442,796.176,713.985,423.489,607.777,660.257,567.952
146,712.474,798.350,795.643,713.809,423.500,607.339,658.975,568.627
147,711.572,798.478,795.408,713.263,423.975,607.252,657.786,568.401
148,710.761,798.494,794.683,713.522,424.829,607.639,656.540,568.517
149,710.365,798.115,793.855,714.234,425.739,608.123,655.306,569.189
150,710.027,797.706,793.074,714.704,426.779,609.103,654.359,570.390
151,710.064,797.082,792.356,714.990,427.817,609.888,653.485,571.637
152,710.167,796.437,791.533,715.849,428.811,610.492,652.760,572.933
153,710.219,795.826,790.726,716.890,429.774,611.003,651.946,574.202
154,710.215,795.253,789.903,717.834,430.664,611.375,651.134,575.468
155,710.505,794.559,789.177,718.161,431.195,611.329,650.203,576.673
156,710.275,794.143,788.435,718.554,432.176,611.861,649.380,577.930
157,710.005,793.767,787.809,718.678,432.989,612.115,648.314,579.009
158,709.618,793.490,787.364,718.507,433.997,612.685,647.462,580.250
159,709.476,793.050,787.121,718.091,434.717,612.821,646.459,581.392
160,709.492,792.526,786.600,718.075,435.383,612.904,645.540,582.595
161,709.729,791.906,786.340,717.704,436.329,613.338,644.584,583.772
162,710.618,791.148,786.186,717.229,437.347,613.893,643.516,584.844
163,711.241,790.416,786.264,716.551,438.237,614.222,642.302,585.580
164,712.132,789.658,786.478,715.779,438.978,614.372,641.123,585.699
165,713.383,788.965,786.700,715.007,439.651,614.455,640.030,585.595
166,714.148,788.206,786.644,714.468,440.214,614.444,639.033,585.311
167,715.279,787.466,786.840,713.727,440.571,614.289,637.852,585.793
168,716.451,786.732,786.919,713.082,nan,nan,636.734,586.699
169,717.801,786.077,787.098,712.366,nan,nan,635.647,587.675
170,719.142,785.409,787.232,711.689,nan,nan,634.567,588.665
171,720.476,784.731,787.239,711.128,nan,nan,633.453,589.575
172,721.983,784.234,787.363,710.473,444.538,615.412,632.376,590.568
173,723.460,783.688,787.357,709.940,445.210,615.504,631.304,591.573
174,724.756,782.965,787.499,709.284,445.968,615.676,630.143,592.048
175,726.024,782.221,787.591,708.675,446.624,615.756,629.028,592.299
176,727.175,781.421,787.740,708.024,447.040,615.662,627.925,592.545
177,727.888,780.590,787.771,707.484,447.620,615.687,626.799,593.333
178,728.313,779.829,787.526,707.264,448.133,615.667,625.773,594.394
179,729.052,779.000,787.198,707.175,448.212,615.409,624.800,595.527
180,729.945,778.160,787.049,706.855,448.551,615.289,623.888,596.718
181,730.773,777.321,786.826,706.637,449.197,615.383,623.041,597.950
182,731.225,776.557,786.412,706.728,449.337,615.168,622.030,599.048
183,731.881,775.742,786.036,706.763,449.124,614.827,621.072,600.202
184,732.173,775.046,785.669,706.793,448.623,614.423,620.022,601.254
185,732.612,774.297,785.396,706.686,447.960,614.000,618.931,602.244
186,733.429,773.468,784.909,706.974,447.109,613.567,618.230,603.514
187,734.239,772.638,784.297,707.656,446.713,613.180,617.209,604.611
188,734.672,771.895,783.819,707.934,446.778,612.953,616.108,605.601
189,734.917,771.238,783.296,708.330,446.620,612.641,614.917,606.313
190,735.402,770.486,782.710,708.925,446.144,612.246,613.724,606.972
191,735.525,769.904,782.068,709.856,445.711,611.861,612.559,607.818
192,735.925,769.194,781.450,710.573,445.190,611.459,611.458,608.816
193,736.127,768.580,780.958,710.895,445.096,611.181,610.326,609.763
194,735.921,768.250,780.427,711.322,444.741,610.820,609.139,610.556
195,735.708,767.936,780.014,711.497,443.953,610.386,607.935,611.246
196,735.008,768.194,779.587,711.706,443.401,609.978,606.730,611.847
197,734.825,767.872,779.091,712.071,442.733,609.549,605.525,612.519
198,734.572,767.619,778.452,713.052,441.905,609.101,604.349,612.907
199,734.323,767.373,777.832,714.288,441.136,608.652,603.255,613.063
200,733.735,767.509,777.197,715.484,440.039,608.202,602.240,613.079
201,733.030,767.830,776.597,716.825,438.961,607.737,601.422,612.815
202,732.249,768.302,776.023,718.233,437.800,607.273,600.820,612.330
203,731.477,768.756,775.457,719.666,437.262,606.828,600.402,611.700
204,730.673,769.281,774.834,721.012,436.681,606.371,600.093,611.002
205,729.855,769.838,774.168,722.263,436.532,606.059,599.692,610.396
206,729.063,770.336,773.461,723.175,436.788,605.982,599.145,609.940
207,728.178,771.094,772.901,724.647,436.539,605.636,598.713,609.397
208,727.408,771.542,772.451,726.217,435.781,605.152,597.821,609.412
209,726.550,772.199,772.158,727.846,435.030,604.664,596.911,609.475
210,725.751,772.703,771.769,729.441,434.588,604.244,595.819,609.997
211,724.977,773.159,771.401,731.038,434.463,603.953,594.729,610.506
212,724.168,773.689,770.941,732.595,434.114,603.567,593.608,611.205
213,723.294,774.382,770.467,734.142,433.581,603.121,592.775,611.171
214,722.373,775.273,770.110,735.724,433.263,602.748,592.409,610.659
215,721.520,775.886,769.822,737.307,432.575,602.261,591.660,610.549
216,720.608,776.682,769.215,738.770,431.518,601.736,591.265,610.092
217,719.730,777.344,768.418,740.001,430.832,601.234,590.834,609.681
218,718.923,777.835,767.556,740.954,430.604,600.890,590.144,609.551
219,718.298,778.035,766.689,741.858,430.384,600.552,589.423,609.474
220,717.733,778.166,765.830,742.911,430.485,600.406,588.823,609.271
221,717.138,778.339,765.001,743.503,430.792,600.422,588.196,609.111
222,716.593,778.458,764.143,744.233,431.075,600.422,587.400,609.179
223,716.406,778.240,763.293,744.923,431.060,600.212,586.423,609.575
224,715.917,778.309,762.475,745.485,431.311,600.194,585.696,609.563
225,715.291,778.552,761.682,745.974,431.555,600.174,585.049,609.467
226,714.471,779.120,760.830,747.094,431.540,599.975,584.561,609.221
227,713.613,779.772,759.979,748.237,431.285,599.649,584.231,608.852
228,712.987,780.015,759.097,749.244,430.489,599.147,583.766,608.610
229,712.124,780.679,758.238,750.393,429.656,598.631,583.142,608.543
230,711.353,781.142,757.345,751.371,429.344,598.270,582.545,608.457
231,710.773,781.328,756.452,752.178,428.543,597.749,581.703,608.698
232,710.438,781.264,755.579,753.318,427.696,597.213,580.850,608.962
233,709.857,781.464,754.761,754.599,426.434,596.668,580.007,609.212
234,709.288,781.653,753.973,755.930,424.977,596.176,579.589,608.983
235,708.479,782.209,753.061,756.986,423.694,595.599,578.956,608.974
236,707.643,782.818,752.134,757.977,422.496,594.989,578.212,609.107
237,706.910,783.232,751.262,759.189,421.793,594.408,577.643,609.047
238,706.445,783.308,750.351,759.841,420.720,593.766,576.850,609.260
239,706.427,783.026,749.500,760.303,419.708,593.112,576.198,609.302
240,706.429,782.737,748.595,760.942,419.007,592.501,575.885,609.039
241,706.676,782.317,747.791,761.303,418.537,591.970,575.003,609.411
242,707.017,781.858,746.946,761.769,418.332,591.581,574.092,609.829
243,707.676,781.292,746.163,762.103,417.902,591.067,573.532,609.794
244,708.527,780.690,745.587,762.112,417.044,590.404,573.283,609.511
245,709.538,780.075,745.425,761.701,415.835,589.714,573.146,609.161
246,710.116,779.523,744.927,761.637,414.851,589.004,573.191,608.717
247,710.588,779.008,744.190,761.938,413.433,588.349,572.692,608.662
248,711.079,778.487,743.385,762.385,411.976,587.700,571.804,609.091
249,711.359,778.056,742.635,762.724,410.738,586.947,570.960,609.441
250,711.535,777.683,741.830,763.185,409.778,586.168,570.077,609.850
251,711.370,777.540,741.005,763.700,408.807,585.375,569.563,609.817
252,711.877,777.025,740.181,764.217,407.621,584.572,569.081,609.763
253,712.261,776.559,739.265,765.104,406.547,583.744,568.965,609.452
254,712.812,776.030,738.344,766.015,405.352,582.914,569.001,609.064
255,713.244,775.545,737.506,766.548,403.849,582.230,569.095,608.655
256,713.318,775.249,737.055,766.473,402.423,581.467,569.036,608.332
257,713.191,775.098,736.666,766.341,401.709,580.623,568.762,608.154
258,712.882,775.110,736.231,766.269,400.796,579.723,568.846,607.768
259,712.592,775.108,736.001,766.004,400.135,578.875,568.874,607.417
260,712.462,774.974,736.015,765.557,399.168,577.948,568.615,607.250
261,712.863,774.525,736.189,765.015,398.147,577.006,568.309,607.123
262,713.168,774.121,736.100,764.657,397.238,576.057,567.814,607.160
263,713.546,773.685,735.967,764.343,396.358,575.100,567.405,607.125
264,713.708,773.364,735.746,764.113,395.532,574.141,567.081,607.030
265,714.090,772.930,735.110,764.379,394.549,573.149,566.823,606.891
266,714.334,772.567,734.997,764.071,393.856,572.201,566.756,606.636
267,713.987,772.654,734.696,763.939,393.014,571.202,566.886,606.282
268,714.233,772.296,734.548,763.676,392.579,570.354,566.744,606.084
269,714.488,771.935,734.346,763.468,392.529,569.813,566.236,606.175
270,714.642,771.635,734.101,763.307,392.466,569.264,565.759,606.241
271,714.621,771.455,733.894,763.119,392.332,568.649,565.551,606.100
272,714.596,771.282,734.134,762.612,392.159,568.000,565.890,605.684
273,714.453,771.204,733.733,762.636,391.750,567.168,566.256,605.261
274,714.452,771.021,733.428,762.563,391.171,566.231,567.011,604.740
275,714.424,770.861,732.787,762.933,391.018,565.593,567.871,604.201
276,714.508,770.626,731.957,763.769,391.022,565.125,568.903,603.650
277,714.229,770.686,731.105,764.719,390.987,564.617,570.129,603.112
278,714.011,770.693,730.248,765.868,391.163,564.396,571.395,602.569
279,713.834,770.666,729.378,766.959,391.293,564.113,572.812,602.071
280,713.707,770.601,728.509,768.120,391.502,563.964,573.876,601.462
281,713.559,770.556,727.622,769.127,391.856,564.104,574.634,600.863
282,713.271,770.643,726.733,770.068,392.211,564.257,575.599,600.234
283,712.716,771.046,725.841,770.981,392.725,564.959,576.468,599.602
284,712.116,771.515,725.012,772.319,393.263,565.937,577.083,599.013
285,711.341,772.331,724.225,773.726,393.757,567.232,577.801,598.395
286,710.573,773.110,723.556,775.235,394.165,568.719,578.857,597.733
287,709.870,773.729,722.968,776.779,394.664,570.089,579.938,597.061
288,709.023,774.954,722.139,778.145,395.187,571.439,581.298,596.437
289,708.167,776.180,721.211,779.344,395.615,572.958,582.690,595.813
290,707.304,777.193,720.244,780.414,396.149,574.355,583.915,595.112
291,706.440,778.464,719.429,781.800,396.669,575.800,585.300,594.455
292,705.558,779.459,718.455,782.913,397.277,577.112,586.710,593.798
293,704.681,780.737,717.477,784.029,397.960,578.042,588.023,593.076
294,703.781,781.945,716.473,784.898,398.590,578.612,589.418,592.383
295,702.864,783.012,715.498,785.581,399.193,579.094,590.640,591.599
296,701.937,784.092,714.579,786.101,399.866,579.823,591.555,590.778
297,701.004,785.127,713.564,787.033,400.453,580.250,592.402,589.955
298,700.118,785.895,712.566,787.774,401.065,580.744,593.607,589.133
299,699.404,786.313,711.629,788.317,401.535,580.926,594.727,588.279
300,698.986,786.383,710.918,788.474,402.211,581.637,595.843,587.412
301,698.598,786.429,709.940,789.133,402.900,582.383,596.718,586.532
302,698.148,786.540,708.948,789.835,403.476,582.771,597.256,585.735
303,698.274,786.229,708.028,790.333,403.805,582.743,597.718,584.970
304,698.159,786.070,707.152,790.744,404.037,582.600,598.006,584.298
305,697.530,786.397,706.378,790.994,403.880,582.086,598.501,583.514
306,696.683,787.079,705.678,791.151,403.514,581.429,599.395,582.604
307,695.790,787.864,705.207,791.069,403.226,580.823,600.237,581.690
308,695.014,788.389,704.793,790.943,402.679,580.065,601.347,580.759
309,694.386,788.698,704.482,790.741,402.214,579.344,602.076,579.844
310,693.612,789.214,704.003,790.694,401.680,578.583,602.720,578.949
311,692.811,789.773,703.421,790.758,401.104,577.795,603.287,578.076
312,692.130,790.145,703.103,790.585,400.238,576.902,603.465,577.435
313,691.259,790.832,703.064,790.226,399.319,575.986,603.496,576.926
314,690.317,791.709,702.852,789.988,398.345,575.050,603.829,576.179
315,689.343,792.813,702.025,790.416,396.913,574.236,603.908,575.632
316,688.428,794.164,701.389,790.576,395.385,573.542,604.031,575.050
317,687.434,795.199,701.288,790.280,393.969,572.705,604.043,574.575
318,686.540,795.824,701.206,789.978,392.624,571.801,604.283,573.904
319,685.646,796.441,700.756,789.968,391.186,570.988,604.397,573.339
320,684.636,797.497,700.168,790.106,389.640,570.453,604.710,572.616
321,683.631,798.393,699.975,789.898,388.095,570.185,605.057,571.867
322,682.623,799.268,699.620,789.822,386.593,569.612,605.632,570.980
323,681.735,800.677,699.133,789.874,385.192,568.800,606.055,570.171
324,681.064,802.225,698.441,790.164,383.937,567.807,606.356,569.442
325,680.684,803.821,698.062,790.125,382.630,566.871,606.566,568.786
326,680.328,805.397,697.346,790.456,381.458,565.810,606.726,568.176
327,679.917,806.950,696.647,790.765,380.413,564.674,607.201,567.325
328,679.593,808.486,695.774,791.356,379.793,563.519,607.851,566.376
329,679.400,809.993,694.796,792.251,379.176,562.356,608.247,565.560
330,679.121,811.484,693.857,792.975,378.931,561.369,608.119,565.277
331,679.129,812.912,692.882,794.184,379.016,560.691,607.866,565.197
332,679.069,814.330,691.912,795.424,379.317,560.327,607.525,565.299
333,678.907,815.741,690.898,796.520,379.715,560.162,607.238,565.302
334,678.759,817.128,689.887,797.355,380.001,559.806,606.797,565.674
335,678.430,818.512,688.877,798.164,380.270,559.439,606.307,566.214
336,678.351,819.842,687.885,798.886,380.449,558.945,605.851,566.634
337,677.742,821.177,686.844,799.828,380.331,558.110,605.371,567.135
338,677.527,822.491,685.806,800.685,380.358,557.432,604.820,568.064
339,677.658,823.703,684.751,801.650,380.825,557.558,604.280,569.261
340,677.735,824.908,683.690,802.612,381.385,558.102,603.835,570.727
341,678.288,825.888,682.622,803.591,381.889,558.380,603.285,572.011
342,678.911,826.802,681.577,804.340,382.246,558.277,602.786,573.443
343,678.586,828.024,680.499,805.243,382.392,557.814,602.413,575.029
344,678.715,829.124,679.417,806.264,382.554,557.387,602.131,576.669
345,679.217,830.037,678.326,807.244,382.985,557.523,601.782,578.281
346,679.524,831.023,677.253,807.982,383.360,557.530,601.377,579.865
347,680.115,831.837,676.167,808.757,383.534,557.157,600.843,581.357
348,681.131,832.294,675.183,809.246,383.745,556.860,600.262,582.813
349,682.117,832.756,674.146,809.844,383.777,556.303,599.547,584.054
350,683.217,833.070,673.071,810.531,383.775,555.709,598.881,585.428
351,684.540,833.011,672.212,810.812,383.966,555.406,598.254,586.872
352,685.914,832.770,671.414,811.022,384.307,555.428,597.454,587.769
353,687.288,832.196,670.815,811.035,384.696,555.598,596.642,588.760
354,688.306,831.225,670.466,810.862,385.069,555.736,595.930,590.133
355,689.518,830.377,670.741,810.393,385.460,555.942,595.091,591.093
356,690.489,829.390,670.744,810.036,385.684,555.760,594.250,591.930
357,691.502,828.422,670.510,809.813,385.783,555.376,593.434,593.158
358,692.446,827.432,670.536,809.459,385.275,554.375,592.569,594.241
359,693.666,826.594,670.112,809.376,384.973,553.516,591.810,595.611
360,694.779,825.677,669.568,809.394,384.292,552.413,591.128,597.066
361,695.747,824.698,669.128,809.336,383.932,551.485,590.872,598.634
362,696.528,823.681,668.674,809.293,383.689,550.653,590.747,600.172
363,697.191,822.662,667.870,809.590,383.773,550.233,590.752,601.661
364,697.254,821.757,666.885,810.158,383.874,549.847,590.607,603.159
365,697.144,820.936,665.844,810.838,383.960,549.446,590.195,604.653
366,696.823,820.237,664.889,811.334,384.072,549.096,589.488,606.063
367,697.105,819.312,664.528,811.227,384.326,549.058,588.910,607.508
368,697.107,818.489,664.222,811.089,384.634,549.183,588.053,608.815
369,697.064,817.699,663.490,811.305,384.956,549.373,587.459,610.235
370,697.230,816.845,662.956,811.341,385.342,549.852,586.585,611.524
371,697.243,816.060,662.407,811.395,385.672,551.135,585.860,612.888
372,696.775,815.551,662.064,811.299,386.096,551.881,585.126,614.238
373,696.164,815.165,662.322,810.919,386.526,552.704,584.222,615.494
374,695.590,814.767,662.125,810.745,386.946,553.309,583.159,616.585
375,695.137,814.295,661.596,810.804,387.383,554.192,582.026,617.540
376,695.134,813.586,661.533,810.569,387.826,555.091,580.898,618.525
377,695.386,812.797,660.990,810.650,388.269,555.785,579.720,619.335
378,695.658,812.011,660.463,810.720,388.723,556.699,578.536,619.998
379,695.580,811.372,659.928,810.802,389.148,557.219,577.342,620.706
380,695.361,810.821,659.447,810.843,389.451,557.337,576.142,621.459
381,695.927,810.002,659.038,810.836,389.846,557.744,574.992,621.888
382,696.207,809.253,658.524,810.911,390.302,558.482,573.867,622.245
383,696.926,808.432,657.861,811.120,390.770,559.429,572.954,622.262
384,697.271,807.678,657.033,811.509,391.175,559.847,572.524,621.850
385,697.433,806.992,656.151,811.966,391.592,560.311,572.115,621.436
386,697.889,806.226,655.121,812.674,392.027,560.853,571.267,621.417
387,698.703,805.425,654.456,812.875,392.326,560.978,570.615,621.213
388,699.187,804.662,653.667,813.203,392.784,561.637,570.039,620.958
389,699.325,804.013,653.396,813.111,393.200,562.097,569.382,620.781
390,699.241,803.479,652.657,813.390,393.549,562.356,568.323,621.097
391,699.262,802.902,652.005,813.583,393.877,562.568,567.345,621.284
392,699.304,802.325,651.694,813.524,394.001,562.395,566.413,621.410
393,699.714,801.619,651.398,813.460,394.347,562.672,565.657,621.346
394,700.073,800.935,651.028,813.446,394.791,563.275,564.671,621.554
395,700.346,800.286,650.563,813.502,395.111,563.489,563.671,621.781
396,701.139,799.535,649.676,813.969,395.372,563.583,562.473,622.444
397,702.121,798.789,648.931,814.264,395.852,564.389,561.359,622.842
398,703.356,798.104,648.181,814.564,396.268,564.871,560.284,623.158
399,704.662,797.451,647.435,814.859,396.698,565.395,559.298,623.339
400,706.008,796.818,646.640,815.205,397.198,566.503,558.446,623.370
401,707.579,796.586,645.738,815.676,397.589,566.877,557.285,623.840
402,709.132,796.539,645.028,815.928,398.054,567.483,556.054,624.515
403,710.680,796.435,645.110,815.694,398.561,568.274,554.836,625.088
404,712.208,796.373,644.840,815.629,399.031,568.859,553.610,625.658
405,713.533,796.759,644.128,815.893,399.556,569.694,552.378,626.211
406,714.938,796.959,643.437,816.135,400.096,570.588,551.215,626.582
407,716.105,797.495,642.415,816.795,400.580,571.165,550.049,626.944
408,717.226,798.053,641.423,817.387,401.057,571.710,548.807,627.895
409,717.843,799.031,640.664,817.679,401.305,571.764,547.592,628.903
410,718.673,799.818,639.628,818.335,401.578,571.866,546.468,630.017
411,719.653,800.430,638.811,818.676,401.752,571.819,545.164,630.825
412,719.884,801.554,637.906,819.116,402.125,572.119,543.875,631.700
413,719.938,802.729,637.518,819.110,402.346,572.152,542.766,632.800
414,719.776,803.950,636.956,819.223,402.250,571.791,541.765,633.957
415,719.703,805.129,636.083,819.623,402.553,571.973,540.694,635.056
416,719.254,806.362,635.465,819.779,402.902,572.245,540.079,636.299
417,718.637,807.584,635.100,819.764,403.339,572.713,539.005,637.362
418,717.606,808.667,634.594,819.842,403.821,573.299,537.955,638.424
419,716.406,809.563,634.267,819.811,404.390,574.459,537.156,639.571
420,715.197,810.446,633.874,819.821,404.944,575.241,536.712,640.756
421,713.932,811.171,633.800,819.672,405.314,575.521,535.828,641.836
422,712.655,811.711,633.495,819.638,405.854,576.211,535.186,642.958
423,711.397,812.472,633.397,819.506,406.399,576.899,534.390,644.027
424,710.154,813.283,633.115,819.467,406.793,577.209,533.690,645.099
425,709.069,814.319,632.988,819.354,407.225,577.593,532.743,646.079
426,708.028,815.384,633.452,819.062,407.838,578.552,531.437,646.800
427,707.031,816.471,634.110,818.745,408.441,579.374,530.194,647.574
428,706.122,817.591,634.573,818.453,408.930,579.841,528.754,648.027
429,705.351,818.741,634.971,818.175,409.524,580.580,527.339,648.125
430,704.229,819.727,635.428,817.886,410.181,581.754,526.100,647.942
431,nan,nan,635.748,817.629,410.846,582.999,524.873,647.746
432,nan,nan,635.936,817.410,411.418,583.566,523.526,647.702
433,701.477,822.963,636.129,817.192,412.113,584.568,522.066,647.932
434,700.376,823.947,636.301,816.983,412.810,585.842,520.900,648.738
435,699.109,824.749,636.243,816.863,413.539,586.873,519.455,649.183
436,697.766,825.287,635.907,816.888,414.281,587.887,518.032,649.675
437,696.572,826.187,635.753,816.817,415.020,588.782,516.560,650.009
438,695.336,827.036,635.534,816.782,415.533,589.109,515.127,650.463
439,694.021,827.742,635.396,816.709,416.192,589.709,513.833,651.104
440,692.840,828.650,635.270,816.633,416.971,590.717,512.402,651.542
441,691.860,829.680,635.628,816.391,417.754,591.655,511.029,652.063
442,691.862,830.666,635.825,816.193,418.552,592.597,509.647,652.559
443,691.705,831.682,635.371,816.310,419.350,593.475,508.637,653.342
444,691.287,832.731,634.729,816.570,420.076,594.099,507.729,654.153
445,690.326,833.725,634.140,816.784,420.909,595.325,506.535,654.785
446,689.401,834.722,633.405,817.124,421.736,596.158,505.582,655.543
447,688.383,835.680,632.655,817.474,422.605,597.153,504.285,656.050
448,687.430,836.654,631.702,818.056,423.436,597.910,502.797,656.208
449,686.894,837.663,630.642,818.808,424.224,598.533,501.352,656.486
450,686.280,838.663,629.588,819.530,424.903,598.943,500.332,657.157
451,685.618,839.650,628.681,820.012,425.664,599.486,499.398,657.854
452,684.676,840.587,627.546,820.920,426.394,599.962,498.376,658.490
453,684.124,841.553,626.385,821.957,427.065,600.340,497.486,659.172
454,683.729,842.491,625.467,822.408,427.928,601.067,496.151,659.524
455,683.097,843.434,624.785,822.625,428.826,601.863,495.106,660.098
456,682.144,844.329,624.529,822.573,429.696,602.546,494.295,660.769
457,681.471,845.253,624.310,822.506,430.513,603.102,493.589,661.462
458,680.910,846.163,623.323,823.040,431.080,603.303,492.919,662.151
459,680.532,847.043,622.629,823.265,431.443,603.307,492.246,662.822
460,680.692,847.751,621.914,823.507,432.063,603.571,491.896,663.559
461,680.834,848.450,621.089,823.844,432.628,603.773,491.638,664.294
462,680.979,849.134,620.836,823.792,433.444,604.303,491.610,665.035
463,680.569,849.965,620.574,823.747,433.859,604.356,490.666,665.530
464,679.871,850.806,620.998,823.489,434.127,604.294,489.624,665.952
465,679.073,851.634,621.226,823.272,434.201,604.105,488.369,666.196
466,678.224,852.447,621.253,823.117,434.599,604.157,487.001,666.288
467,677.302,853.242,621.176,823.002,434.890,604.125,485.633,666.368
468,676.757,854.045,621.211,822.850,435.008,603.978,484.242,666.396
469,676.099,854.843,621.036,822.782,435.074,603.802,482.788,666.259
470,675.582,855.623,620.769,822.759,434.991,603.547,481.380,666.228
471,675.503,856.300,620.201,822.913,434.850,603.265,479.956,666.146
472,675.634,856.887,620.040,822.845,434.841,603.057,478.494,665.908
473,675.763,857.462,619.994,822.733,434.589,602.731,477.060,665.409
474,675.907,858.019,619.421,822.897,434.294,602.388,475.598,665.112
475,675.758,858.669,618.933,823.004,433.574,601.916,474.141,664.726
476,675.799,859.244,618.474,823.095,432.700,601.415,472.684,664.394
477,675.469,859.919,618.222,823.076,431.842,600.908,471.238,664.150
478,674.706,860.625,617.805,823.145,430.748,600.384,469.795,663.702
479,673.621,861.276,617.566,823.124,429.505,599.865,468.431,663.060
480,672.201,861.726,616.723,823.513,428.441,599.311,466.983,662.715
481,670.780,862.173,616.436,823.515,427.386,598.743,465.624,662.663
482,669.293,862.528,616.340,823.435,426.301,598.164,464.215,662.109
483,667.863,862.962,615.595,823.733,425.195,597.572,462.876,661.422
484,666.488,863.451,615.052,823.881,424.371,596.984,461.459,660.902
485,665.036,863.853,615.173,823.731,423.517,596.384,460.221,660.101
486,663.554,864.207,614.867,823.748,422.693,595.779,459.018,659.274
487,662.097,864.599,614.122,824.048,421.785,595.153,457.638,658.665
488,660.915,865.210,613.297,824.414,421.031,594.545,456.277,658.021
489,659.559,865.708,612.359,824.892,420.157,593.906,455.157,657.136
490,658.256,866.244,611.429,825.353,419.111,593.241,454.103,656.220
491,656.845,866.683,610.824,825.529,418.122,592.565,452.894,655.406
492,655.662,867.284,609.915,825.957,417.156,591.878,451.495,654.854
493,654.418,867.848,609.403,826.070,416.231,591.185,450.100,654.296
494,653.224,868.435,608.858,826.202,415.350,590.487,448.677,653.931
495,652.095,869.046,608.644,826.165,414.656,589.824,447.296,653.337
496,651.107,869.696,608.949,825.976,414.532,589.449,446.007,652.588
497,650.238,870.361,608.762,825.932,415.070,589.785,444.623,652.007
498,649.581,871.036,608.587,825.885,415.678,590.242,443.213,651.637
499,648.869,871.700,608.322,825.879,416.391,590.923,441.829,651.062
500,648.711,872.298,608.569,826.621,416.905,591.210,440.461,650.442
501,649.098,872.687,608.811,827.348,417.550,591.718,439.163,649.694
502,649.594,873.006,609.047,828.060,418.087,592.035,438.023,648.792
503,650.334,873.153,609.280,828.759,418.593,592.305,436.949,647.852
504,650.843,873.444,609.507,829.443,418.780,592.214,436.486,646.790
505,651.664,873.502,609.730,830.113,419.182,592.356,436.207,645.755
506,652.345,873.660,609.948,830.771,419.161,592.099,435.392,644.745
507,653.082,873.767,610.162,831.415,418.456,591.487,435.035,643.724
508,653.960,873.741,610.372,832.046,417.485,590.813,435.278,642.865
509,655.158,873.263,610.578,832.664,416.369,590.121,435.288,641.945
510,656.160,873.092,610.779,833.271,415.662,589.476,434.925,640.967
511,656.655,873.336,610.977,833.865,414.569,588.759,434.843,640.053
512,657.319,873.458,611.170,834.447,413.799,588.074,434.794,639.164
513,657.893,873.634,611.360,835.017,412.883,587.348,434.991,638.372
514,658.826,873.496,611.546,835.576,412.071,586.631,435.536,637.767
515,660.011,872.959,611.728,836.124,411.232,585.898,436.279,637.311
516,661.247,872.175,611.906,836.661,410.273,585.133,436.978,636.839
517,662.474,871.476,612.081,837.188,409.858,584.547,437.221,636.132
518,663.707,870.691,612.253,837.703,409.719,584.144,437.276,635.369
519,664.899,869.682,612.421,838.209,409.928,584.077,437.359,634.631
520,666.041,868.584,612.585,838.704,410.434,584.442,437.262,633.849
521,667.174,867.479,612.747,839.189,410.777,584.551,437.367,633.147
522,667.999,866.154,612.905,839.665,411.477,585.440,437.502,632.471
523,668.960,864.908,613.060,840.131,412.172,586.770,438.030,632.005
524,669.754,863.593,613.212,840.588,412.895,587.627,438.608,631.587
525,670.748,862.386,613.360,841.036,413.588,588.332,439.665,631.604
526,671.591,861.111,613.506,841.474,414.247,588.925,440.658,631.552
527,672.249,859.795,613.649,841.904,414.817,589.329,441.841,631.761
528,673.187,858.584,613.789,842.326,415.123,589.359,443.123,632.191
529,673.999,857.329,613.927,842.739,415.511,589.494,444.410,632.619
530,674.787,856.077,614.061,843.143,415.684,589.391,445.528,632.709
531,675.423,854.805,614.193,843.540,416.062,589.524,446.668,632.830
532,675.925,853.534,614.322,843.929,416.441,589.660,447.908,633.114
533,676.703,852.315,614.449,844.309,416.484,589.452,449.227,633.616
534,676.899,851.092,614.573,844.683,416.449,589.186,450.559,634.146
535,677.781,849.929,614.694,845.049,416.529,589.020,451.888,634.621
536,678.325,848.713,614.813,845.407,416.942,589.223,453.106,635.569
537,678.874,847.510,614.930,845.758,417.248,589.296,454.463,636.103
538,679.537,846.329,615.045,846.103,417.681,589.531,455.826,636.632
539,680.163,845.155,615.157,846.440,418.130,589.788,457.142,637.428
540,681.241,844.133,615.267,846.771,418.669,590.181,458.462,638.217
541,681.944,842.983,615.374,847.095,419.036,590.332,458.386,638.469
542,682.347,841.837,615.480,847.412,419.432,590.522,458.311,638.717
543,682.867,840.699,615.583,847.724,419.952,590.883,458.239,638.959
544,682.979,839.628,615.685,848.029,420.739,591.900,458.167,639.197
545,682.992,838.602,615.784,848.327,421.531,593.186,458.097,639.429
546,683.603,837.506,615.882,848.620,422.333,594.502,458.029,639.658
547,684.651,836.521,615.977,848.907,423.180,595.574,457.962,639.881
548,685.179,835.440,616.071,849.189,423.998,596.393,457.896,640.100
549,686.259,834.482,616.162,849.464,424.873,597.542,457.831,640.315
550,687.301,833.506,616.252,849.735,425.689,598.267,457.768,640.525
551,688.272,832.502,616.340,849.999,426.393,598.745,457.706,640.732
552,689.239,831.501,616.426,850.259,427.218,599.447,457.645,640.934
553,690.358,830.574,616.511,850.513,427.972,599.984,457.586,641.132
554,691.380,829.599,616.594,850.762,428.770,600.587,457.527,641.326
555,692.301,828.590,616.234,850.230,429.610,601.263,457.470,641.516
556,693.133,827.564,615.503,849.902,430.399,601.815,457.414,641.702
557,693.283,826.596,615.161,849.387,430.991,602.079,457.359,641.885
558,693.519,825.619,615.123,848.784,431.828,602.701,457.306,642.064
559,693.835,824.638,615.110,848.186,432.789,603.661,457.253,642.239
560,694.770,823.668,615.600,847.525,433.770,604.815,457.201,642.411
561,695.905,822.782,615.494,846.975,434.757,606.020,457.150,642.580
562,696.968,821.859,615.085,846.549,435.717,606.763,457.101,642.745
563,698.134,820.992,614.350,846.313,436.526,607.200,457.052,642.907
564,699.196,820.068,613.650,846.064,437.372,607.683,458.222,642.795
565,699.777,819.073,613.074,845.752,438.389,608.511,459.574,642.961
566,700.254,818.096,613.217,845.191,439.448,609.565,460.978,643.271
567,700.614,817.148,612.757,844.840,440.523,610.561,462.356,643.477
568,700.679,816.296,612.095,844.610,441.590,611.388,463.780,643.908
569,700.354,815.647,611.253,844.509,442.692,612.352,465.173,644.509
570,699.731,815.223,610.457,844.383,443.808,613.388,466.597,645.009
571,699.226,814.725,609.835,844.151,444.895,614.587,468.035,645.410
572,699.033,814.050,609.459,843.805,446.033,615.421,469.463,645.655
573,698.677,813.485,608.436,843.896,447.190,616.445,470.820,645.707
574,698.920,812.658,607.695,843.760,448.359,617.286,472.130,645.677
575,698.825,811.975,606.868,843.691,449.323,617.646,473.548,645.851
576,698.261,811.604,606.345,843.441,449.870,617.613,474.997,646.135
577,697.889,811.108,605.473,843.420,450.617,617.739,476.226,645.983
578,697.348,810.750,604.584,843.419,451.202,617.738,477.413,645.787
579,697.079,810.217,603.724,843.398,451.504,617.568,478.540,645.539
580,696.979,809.605,603.235,843.154,451.202,617.184,479.919,645.586
581,696.698,809.107,602.812,842.887,450.200,616.765,481.356,645.755
582,696.872,808.399,602.578,842.552,449.970,616.399,482.695,645.717
583,697.064,807.695,602.876,842.098,449.448,615.978,484.061,645.711
584,697.678,806.895,603.096,841.662,448.912,615.554,485.186,645.442
585,697.717,806.269,603.615,841.204,448.837,615.246,486.325,645.184
586,697.745,805.658,604.178,840.749,448.656,614.908,487.243,644.784
587,697.907,805.000,605.178,840.346,448.623,614.624,488.471,644.609
588,698.696,804.215,606.064,839.918,448.223,614.237,489.406,644.224
589,699.501,803.431,606.937,839.489,448.318,614.016,489.863,643.666
590,700.526,802.665,nan,nan,447.762,613.607,489.774,643.049
591,701.745,801.955,nan,nan,446.524,613.237,489.759,642.446
592,702.984,801.250,nan,nan,444.977,613.041,489.893,641.868
593,703.891,800.458,nan,nan,443.491,612.767,490.159,641.319
594,704.748,799.664,610.896,837.516,442.001,612.477,490.898,640.908
595,705.795,798.889,611.984,837.136,440.865,612.008,491.248,640.393
596,706.435,798.107,613.323,836.865,439.291,611.776,491.340,639.853
597,706.607,797.462,614.747,836.650,438.139,611.277,491.214,639.314
598,706.150,797.213,616.213,836.465,437.105,610.747,491.217,638.790
599,705.623,797.039,617.412,836.098,436.610,610.252,490.939,638.277
600,705.430,796.617,618.686,835.760,436.379,609.839,490.164,637.857
601,705.015,796.369,619.687,835.322,435.961,609.367,489.622,637.387
602,704.806,795.980,620.182,834.854,435.033,608.820,488.910,636.959
603,704.688,795.544,620.555,834.405,434.315,608.280,488.191,636.536
604,704.840,794.974,620.823,833.979,434.185,607.912,487.711,636.074
605,705.255,794.312,621.020,833.573,434.555,607.851,487.352,635.607
606,705.871,793.604,621.065,833.213,435.068,607.916,486.723,635.181
607,706.586,792.882,621.321,832.807,435.312,607.774,486.102,634.758
608,707.237,792.171,622.043,832.363,435.713,607.753,485.264,634.391
609,708.471,791.495,622.670,831.921,436.013,607.661,484.511,634.002
610,709.913,790.944,623.442,831.482,436.611,607.825,484.170,633.559
611,711.428,790.478,624.539,831.092,437.062,607.856,484.475,633.184
612,713.009,790.189,625.808,830.761,437.379,607.788,485.020,632.882
613,714.524,789.723,626.891,830.358,437.187,607.442,485.692,632.633
614,716.010,789.207,627.970,829.950,436.735,607.008,486.991,632.820
615,717.272,788.489,628.863,829.507,436.112,606.533,488.373,633.118
616,718.698,787.889,630.284,829.250,435.330,606.029,489.720,633.334
617,719.978,787.169,631.550,828.894,434.765,605.559,491.153,633.694
618,720.800,786.349,632.429,828.434,434.026,605.052,492.624,634.192
619,721.439,785.549,633.404,827.986,433.041,604.521,494.048,634.467
620,721.813,784.823,633.821,827.545,432.697,604.108,495.530,634.931
621,721.980,784.189,634.184,827.117,432.580,603.797,497.018,635.370
622,722.405,783.458,634.079,826.832,432.126,603.349,498.444,636.096
623,722.920,782.705,633.425,826.862,431.949,603.013,499.926,636.400
624,723.508,781.936,632.526,827.116,431.673,602.635,501.356,636.545
625,723.510,781.415,631.795,827.213,431.172,602.174,502.864,636.922
626,723.774,780.767,631.115,827.271,430.864,601.784,504.376,637.313
627,723.694,780.315,630.179,827.570,430.447,601.351,505.850,637.472
628,723.361,780.066,629.365,827.745,430.702,601.304,507.321,637.603
629,723.604,779.450,628.292,828.225,430.904,601.219,508.580,637.451
630,723.452,779.075,627.295,828.589,431.082,601.120,509.932,637.377
631,723.370,778.661,626.337,828.904,431.460,601.190,511.408,637.464
632,723.372,778.200,625.351,829.249,431.603,601.074,512.937,637.836
633,723.984,777.479,624.277,829.710,432.031,601.198,514.418,637.889
634,724.695,776.737,623.155,830.242,432.740,601.648,515.876,637.880
635,725.214,776.044,622.043,830.746,433.631,602.421,517.397,637.996
636,725.912,775.307,620.819,831.525,434.538,603.203,518.878,637.992
637,726.440,774.613,619.723,831.977,435.433,603.921,520.417,638.145
638,727.270,773.857,618.599,832.466,436.011,604.159,521.931,638.175
639,728.040,773.106,617.429,833.030,436.754,604.591,523.405,638.099
640,728.839,772.350,616.213,833.693,437.178,604.680,524.884,638.017
641,729.609,771.596,615.089,834.150,437.565,604.739,526.372,637.936
642,730.210,770.879,613.907,834.699,438.040,604.876,527.920,638.042
643,731.144,770.108,612.830,835.069,438.399,604.918,529.457,638.290
644,732.213,769.338,611.615,835.672,438.746,604.952,531.005,638.429
645,733.030,768.568,610.510,836.064,439.299,605.167,532.552,638.528
646,733.599,767.852,609.435,836.408,440.203,605.834,534.094,638.669
647,733.590,767.428,608.158,837.259,441.146,606.555,535.565,638.450
648,733.504,767.068,606.882,838.004,442.082,607.235,536.998,638.163
649,732.860,767.308,605.595,838.798,442.779,607.556,538.449,637.889
650,732.729,766.998,604.301,839.624,443.508,607.907,539.457,637.300
651,733.031,766.417,603.023,840.580,444.196,608.209,540.242,636.658
652,732.967,766.068,601.813,841.676,444.765,608.393,540.793,636.000
653,732.697,765.901,600.499,842.439,445.416,608.651,542.076,635.545
654,732.500,765.676,599.190,843.304,446.346,609.241,543.483,635.187
655,732.423,765.361,597.943,844.331,447.330,609.903,544.987,634.965
656,732.747,764.798,596.736,845.409,448.273,610.473,546.535,634.985
657,733.011,764.269,595.733,846.644,449.081,610.848,547.992,635.280
658,733.208,763.783,594.944,847.953,449.497,610.884,549.283,635.788
659,733.617,763.191,594.720,849.311,449.863,610.889,550.641,636.180
660,734.269,762.509,594.177,850.630,450.168,610.859,551.807,636.765
661,734.820,761.860,593.044,851.705,449.242,610.501,553.031,637.262
662,735.427,761.192,592.092,852.875,448.840,610.189,553.935,638.008
663,736.165,760.486,591.324,854.094,448.357,609.860,555.235,638.354
664,737.133,759.743,590.164,855.105,447.764,609.511,556.042,639.118
665,738.255,758.997,589.303,856.262,447.068,609.145,557.307,639.450
666,739.188,758.244,588.132,857.237,445.675,608.867,558.547,639.784
667,739.269,757.830,586.864,858.107,444.432,608.513,559.801,640.074
668,739.854,757.155,585.460,858.669,443.311,608.118,561.172,640.147
669,740.462,756.472,584.051,859.120,442.453,607.696,562.536,640.204
670,741.365,755.718,582.657,859.749,441.587,607.267,563.944,640.121
671,742.431,754.953,581.280,860.427,440.899,606.847,565.369,639.649
672,743.250,754.201,579.912,861.125,439.734,606.421,566.735,639.032
673,744.077,753.444,578.662,861.978,438.210,606.132,568.061,638.352
674,744.708,752.735,577.356,862.758,436.491,606.171,569.426,638.299
675,745.077,752.138,576.150,863.631,434.953,605.852,570.832,638.069
676,745.493,751.520,574.888,864.441,433.267,605.747,572.223,637.863
677,745.653,751.052,573.575,865.186,431.565,605.735,573.545,637.813
678,745.861,750.558,572.301,865.965,430.161,605.258,574.926,637.551
679,745.910,750.180,570.868,866.456,428.724,604.785,576.310,637.217
680,745.758,749.982,569.458,867.018,427.171,604.395,577.635,637.066
681,745.821,749.606,568.345,867.900,425.805,603.846,578.913,636.991
682,746.042,749.122,566.955,868.493,424.746,603.201,580.278,636.554
683,746.532,748.494,565.575,869.097,423.928,602.552,581.598,636.305
684,747.060,747.848,564.300,869.825,422.814,601.894,582.935,635.680
685,747.950,747.092,563.262,870.707,421.865,601.217,584.266,635.306
686,748.953,746.318,562.218,871.572,421.523,600.678,585.579,634.964
687,750.034,745.536,561.011,872.322,421.080,600.101,586.899,634.527
688,750.994,744.752,559.990,873.172,420.504,599.477,587.980,634.628
689,752.067,743.958,559.531,874.154,419.796,598.816,588.501,635.260
690,752.631,743.265,558.589,875.006,419.205,598.180,588.701,636.066
691,753.125,742.602,557.424,875.730,418.568,597.528,589.314,636.589
692,753.488,742.009,556.270,876.448,417.744,596.830,589.965,637.062
693,754.064,741.311,555.856,877.378,416.583,596.118,590.677,637.462
694,754.408,740.730,555.200,878.257,416.121,595.505,591.453,637.780
695,754.551,740.285,554.928,879.161,415.473,594.823,591.957,638.312
696,754.633,739.892,554.475,880.037,414.737,594.113,592.313,638.927
697,754.605,739.600,554.341,880.906,413.335,593.452,592.821,639.420
698,755.051,738.975,554.199,881.758,412.231,592.683,593.766,639.461
699,755.394,738.409,554.034,882.594,410.754,592.053,594.974,638.909
700,755.852,737.780,553.531,883.400,409.230,591.463,596.043,637.827
701,756.075,737.296,552.506,884.051,407.791,590.777,597.224,636.950
702,756.357,736.775,551.067,884.335,406.200,590.318,598.413,636.124
703,756.843,736.136,549.957,884.927,404.586,590.126,599.495,635.879
704,757.125,735.617,549.101,885.618,403.136,590.471,600.381,635.932
705,757.494,735.045,548.339,886.323,401.621,590.575,601.051,636.214
706,757.781,734.526,547.417,886.966,400.093,590.540,601.692,636.506
707,758.131,733.969,546.576,887.624,398.653,590.718,602.026,637.040
708,758.619,733.334,545.929,888.320,397.168,590.663,602.832,637.113
709,759.067,732.719,545.210,888.987,395.686,590.520,603.807,636.916
710,759.876,731.953,544.305,889.587,394.205,590.139,604.807,636.647
711,760.546,731.229,543.104,890.026,392.748,589.890,605.930,635.842
712,761.485,730.427,542.014,890.524,391.306,589.604,606.999,635.356
713,762.507,729.608,541.187,891.121,389.915,588.930,608.083,634.383
714,763.185,728.863,540.185,891.642,388.507,588.390,609.134,633.330
715,763.557,728.270,539.010,892.059,387.117,587.820,610.232,632.541
716,763.748,727.805,538.058,892.583,385.936,586.837,611.315,631.646
717,764.065,727.251,537.182,893.126,384.812,585.804,612.355,630.602
718,764.680,726.532,536.518,893.718,383.896,584.670,613.201,629.314
719,765.551,725.723,536.404,894.349,383.175,583.511,614.003,628.000
720,766.455,724.902,536.067,894.963,382.157,582.401,614.807,626.690
721,767.208,724.114,535.265,895.484,381.274,581.240,615.744,625.494
722,768.121,723.280,534.187,895.883,380.602,580.059,616.551,624.190
723,768.756,722.526,533.372,896.382,379.551,578.955,617.102,622.800
724,769.471,721.737,532.459,896.838,378.873,577.757,617.855,621.473
725,770.449,720.880,532.191,897.411,377.935,576.588,618.134,620.095
726,771.738,720.042,531.513,897.917,377.010,575.407,617.864,618.929
727,772.837,719.162,530.777,898.399,375.811,574.463,617.899,617.641
728,773.982,718.278,530.060,898.877,374.658,573.456,617.754,616.445
729,774.742,717.431,530.118,899.406,373.419,572.649,617.513,615.319
730,775.662,716.541,530.449,899.887,372.341,571.567,617.106,614.323
731,777.078,715.742,530.819,900.349,371.373,570.391,617.223,613.069
732,778.599,715.049,531.117,900.815,370.574,569.131,617.771,611.754
733,780.143,714.402,531.492,901.256,369.651,567.922,618.433,610.453
734,781.698,713.789,532.057,901.637,369.402,566.719,619.400,609.305
735,783.250,713.194,532.306,902.083,369.056,565.473,620.228,608.057
736,784.650,712.373,531.960,902.548,368.609,564.193,620.682,606.742
737,786.131,711.659,532.137,902.987,367.803,562.918,620.268,605.821
738,787.493,710.802,532.615,903.357,367.205,561.604,619.578,605.189
739,788.404,709.791,533.367,903.624,366.668,560.287,618.953,604.513
740,789.045,708.829,533.677,904.017,366.123,558.964,618.254,603.947
741,790.006,707.809,534.183,904.354,365.620,557.639,617.832,603.127
742,790.775,706.803,534.569,904.713,365.115,556.308,617.665,602.133
743,791.365,705.846,535.083,905.031,364.693,554.986,617.236,601.361
744,791.640,705.057,536.100,905.117,364.585,553.799,616.692,600.723
745,792.105,704.158,536.909,905.311,364.220,552.485,616.172,600.084
746,792.632,703.228,537.538,905.572,363.379,551.207,615.672,599.448
747,792.693,702.615,537.676,905.945,362.930,549.856,614.894,599.181
748,792.503,702.282,538.252,906.209,362.275,548.501,614.435,598.547
749,792.226,702.076,538.821,906.469,361.694,547.132,613.640,598.361
750,791.900,701.956,539.587,906.646,361.139,545.755,612.741,598.386
751,791.992,701.349,539.731,906.992,360.948,544.457,611.981,598.192
752,792.636,700.395,540.257,907.245,360.748,543.150,611.585,597.578
753,793.581,699.374,541.030,907.397,360.333,541.767,611.618,596.647
754,794.468,698.350,541.753,907.565,359.649,540.405,611.406,595.900
755,795.534,697.324,542.554,907.691,359.107,539.006,610.735,595.671
756,796.478,696.283,543.671,907.613,358.715,537.605,609.768,596.078
757,797.796,695.357,544.908,907.416,358.444,536.226,608.796,596.518
758,798.967,694.341,546.184,907.168,358.110,534.824,607.871,596.821
759,800.051,693.292,547.188,907.167,357.858,533.438,606.875,597.404
760,801.155,692.242,548.398,906.988,357.481,532.018,605.937,597.765
761,801.943,691.173,549.756,906.601,357.554,530.815,604.999,598.899
762,802.895,690.088,551.068,906.290,357.548,529.545,604.045,600.016
763,804.071,689.055,552.277,906.107,357.676,528.391,603.176,601.264
764,805.179,687.990,553.694,905.511,357.753,527.188,602.208,602.383
765,806.538,687.118,554.970,905.249,357.868,526.021,601.256,603.540
766,807.999,686.520,556.364,904.752,357.731,524.658,600.274,604.659
767,809.287,685.574,557.746,903.911,357.622,523.304,599.331,605.844
768,810.694,684.864,558.986,902.865,357.241,521.858,598.496,607.129
769,812.116,684.265,560.386,902.106,356.552,520.489,597.463,608.191
770,813.533,683.763,561.801,901.457,356.062,519.042,596.438,609.280
771,814.936,683.307,563.190,901.006,355.669,517.580,595.324,610.042
772,816.320,682.961,564.583,900.537,355.310,516.114,594.228,610.588
773,817.597,683.080,565.967,900.099,354.620,514.770,593.108,611.394
774,818.813,683.308,567.373,899.549,353.843,513.522,592.026,611.856
775,820.068,683.339,568.781,898.900,352.954,512.459,590.906,612.494
776,821.356,683.108,570.188,898.331,352.072,511.419,589.857,612.855
777,822.582,683.087,571.581,897.608,351.138,510.535,588.847,613.129
778,823.755,683.172,572.968,897.158,350.087,510.447,587.740,613.676
779,824.843,683.429,574.325,896.796,349.073,510.061,586.652,614.149
780,825.554,684.284,575.727,896.240,348.322,508.937,585.644,614.421
781,826.368,684.962,577.079,895.422,347.651,507.725,584.504,615.199
782,826.985,685.866,578.466,894.709,346.942,506.590,583.360,615.889
783,827.096,685.929,579.868,894.130,346.068,505.854,582.282,616.296
784,827.205,685.991,581.267,893.513,345.185,505.216,581.388,616.368
785,827.312,686.051,582.666,892.902,344.370,504.419,580.519,616.417
786,827.416,686.111,584.059,892.411,343.778,503.228,579.399,616.961
787,827.518,686.169,585.456,891.870,343.047,502.303,578.383,617.243
788,827.619,686.226,586.849,891.229,342.372,501.299,577.578,617.222
789,827.717,686.282,588.241,890.726,342.053,499.899,577.052,616.937
790,827.813,686.336,589.609,890.332,341.534,498.700,576.585,616.618
791,827.908,686.390,590.820,890.223,341.192,497.340,576.149,616.287
792,828.000,686.443,591.659,890.432,340.604,496.286,575.407,616.247
793,828.091,686.494,592.502,890.627,340.006,495.278,574.442,616.510
794,828.180,686.545,593.702,890.499,339.296,494.566,573.325,617.113
795,828.267,686.594,594.844,890.430,338.615,493.817,572.318,617.437
796,828.352,686.643,596.189,890.025,338.277,492.533,571.390,617.633
797,828.436,686.690,597.163,890.103,338.042,491.174,570.247,618.298
798,828.518,686.737,597.939,890.310,337.708,489.916,569.117,618.878
799,828.598,686.782,598.763,890.476,337.561,488.519,568.149,619.115
800,828.677,686.827,599.555,890.654,337.508,487.081,567.427,619.062
801,828.754,686.871,600.660,890.569,337.299,485.747,567.542,618.492
802,828.829,686.914,601.918,890.275,337.368,484.280,567.361,618.066
803,828.903,686.956,602.963,890.238,337.813,482.850,567.194,617.644
804,828.976,686.997,603.639,890.461,338.245,481.416,566.425,617.686
805,829.047,687.038,604.299,890.682,338.351,481.428,565.883,617.528
806,829.117,687.077,605.322,890.635,338.454,481.440,565.482,617.275
807,829.185,687.116,606.631,890.175,338.556,481.451,565.319,616.887
808,829.252,687.154,607.970,889.596,338.655,481.463,565.651,616.308
809,829.318,687.192,609.230,889.238,338.753,481.474,565.432,615.968
810,829.382,687.228,610.499,888.857,338.848,481.485,566.118,615.332
811,829.445,687.264,611.841,888.174,338.942,481.496,566.881,614.689
812,829.507,687.299,613.159,887.337,339.034,481.506,567.326,614.092
813,829.567,687.333,614.491,886.560,339.124,481.517,568.090,613.447
814,829.627,687.367,615.699,886.292,339.212,481.527,568.948,612.795
815,829.685,687.400,617.019,885.764,339.298,481.537,569.481,612.176
816,829.742,687.433,618.297,885.356,339.383,481.546,569.920,611.581
817,829.798,687.464,619.618,884.805,339.466,481.556,570.678,610.929
818,829.852,687.495,620.913,884.340,339.547,481.565,571.565,610.267
819,829.906,687.526,621.844,884.367,339.627,481.574,572.130,609.637
820,829.958,687.556,623.063,884.048,339.705,481.583,573.336,609.007
821,830.010,687.585,624.324,883.640,339.781,481.592,574.574,608.375
822,830.060,687.614,625.638,883.046,339.856,481.601,575.837,607.740
823,830.110,687.642,626.949,882.466,339.930,481.609,577.075,607.082
824,830.158,687.669,628.116,882.213,340.002,481.617,578.661,606.742
825,830.206,687.696,629.110,882.160,340.072,481.625,580.265,606.480
826,830.252,687.723,630.385,881.672,340.141,481.633,581.866,606.266
827,830.298,687.749,631.664,880.782,340.209,481.641,583.424,605.867
828,830.343,687.774,632.950,879.917,340.275,481.649,585.005,605.640
829,830.386,687.799,634.261,879.264,340.340,481.656,586.570,605.334
830,830.429,687.823,635.531,878.791,340.404,481.664,588.097,605.333
831,830.471,687.847,636.547,878.715,340.467,481.671,589.637,605.138
832,830.513,687.871,637.513,878.678,340.528,481.678,591.152,604.710
833,830.553,687.894,638.062,878.945,340.588,481.685,592.575,604.062
834,830.593,687.916,638.959,878.952,340.647,481.692,593.848,603.252
835,830.631,687.938,639.992,878.813,340.705,481.698,594.930,602.342
836,830.669,687.960,640.728,878.932,340.761,481.705,595.661,601.400
837,830.707,687.981,641.140,879.241,340.816,481.711,596.087,600.528
838,830.743,688.002,641.790,879.401,340.871,481.717,596.246,599.779
839,830.779,688.022,642.465,879.534,340.924,481.723,596.145,599.205
840,830.814,688.042,642.981,879.758,340.976,481.729,595.995,598.679
841,830.848,688.062,643.724,879.822,341.027,481.735,596.484,597.807
842,830.882,688.081,644.647,879.723,341.077,481.741,597.038,596.914
843,830.915,688.100,645.467,879.709,341.126,481.747,597.474,596.060
844,830.948,688.118,646.070,879.849,341.174,481.752,597.952,595.191
845,830.979,688.136,646.517,880.074,341.221,481.758,598.577,594.275
846,831.010,688.154,647.235,880.114,341.267,481.763,598.844,593.498
847,831.041,688.171,647.544,880.394,341.313,481.768,599.126,592.716
848,831.071,688.188,647.558,880.784,341.357,481.773,599.786,591.790
849,831.100,688.205,647.900,881.031,341.400,481.778,600.235,590.929
850,831.128,688.221,648.365,881.205,341.443,481.783,600.595,590.107
851,831.157,688.237,648.547,881.510,341.485,481.788,600.951,589.289
852,831.184,688.252,648.806,881.773,341.526,481.792,601.431,588.415
853,831.211,688.268,649.231,881.945,341.566,481.797,601.483,587.789
854,831.238,688.283,649.937,881.926,341.605,481.802,601.777,587.009
855,831.263,688.298,650.188,882.173,341.643,481.806,602.407,586.083
856,831.289,688.312,650.102,882.541,341.681,481.810,603.285,585.104
857,831.314,688.326,650.038,882.895,341.718,481.815,604.154,584.116
858,831.338,688.340,650.044,883.220,341.754,481.819,605.354,583.171
859,831.362,688.354,650.235,883.466,341.790,481.823,606.395,582.167
860,831.385,688.367,650.711,883.561,341.825,481.827,607.512,581.169
861,831.408,688.380,650.866,883.811,341.859,481.831,608.486,580.132
862,831.431,688.393,651.358,883.883,341.892,481.835,609.246,579.093
863,831.453,688.405,651.746,884.008,341.925,481.838,609.962,578.053
864,831.474,688.417,651.931,884.228,342.823,481.300,610.358,577.125
865,831.496,688.430,652.146,884.428,343.671,480.581,610.826,576.159
866,831.516,688.441,652.692,884.440,344.508,479.864,610.940,575.414
867,831.537,688.453,653.286,884.413,345.350,479.223,610.896,574.819
868,832.527,688.440,653.961,884.321,346.200,478.716,611.128,573.994
869,833.568,688.158,654.747,884.130,347.048,478.652,611.644,573.006
870,834.623,687.582,655.503,883.961,347.851,478.020,611.780,572.253
871,835.525,687.681,655.823,884.084,348.493,476.934,611.851,571.561
872,836.457,687.641,656.233,884.152,349.278,476.299,612.434,570.540
873,837.277,687.850,656.548,884.268,349.892,475.179,613.213,569.455
874,838.015,688.191,656.561,884.513,350.566,474.192,613.673,568.471
875,838.523,688.864,656.279,884.843,351.172,473.069,614.085,567.507
876,839.256,689.144,656.352,885.056,351.896,472.251,614.269,566.699
877,840.150,688.957,655.543,885.434,352.370,470.945,614.272,566.064
878,840.941,689.037,654.556,885.795,353.040,469.970,614.636,565.127
879,841.754,689.017,653.993,886.161,353.750,469.134,614.910,564.249
880,842.622,688.759,653.180,886.532,354.332,467.980,615.495,563.186
881,843.265,689.061,652.331,886.899,355.065,467.291,616.008,562.148
882,843.882,689.378,651.820,887.251,355.808,467.057,616.668,561.040
883,844.673,689.250,652.058,887.380,356.544,466.635,617.370,559.909
884,845.418,689.219,652.835,887.150,357.266,466.122,618.324,558.746
885,846.174,689.117,653.518,886.996,357.980,465.814,619.103,557.573
886,846.969,688.832,653.733,887.126,358.670,465.651,619.982,556.383
887,847.742,688.585,654.091,887.180,359.343,465.539,620.433,556.595
888,848.400,688.644,653.945,887.439,360.020,464.965,620.876,556.803
889,848.848,689.081,653.811,887.691,360.680,464.783,621.309,557.006
890,849.470,689.165,653.364,888.011,361.323,464.047,621.734,557.206
891,850.063,689.283,653.072,888.298,361.966,463.339,622.150,557.401
892,850.487,689.693,652.268,888.635,362.600,462.592,622.558,557.593
893,850.719,690.351,651.188,888.939,363.244,462.008,622.958,557.781
894,850.836,691.123,649.924,889.187,363.854,461.168,623.349,557.965
895,850.536,692.213,648.684,889.444,364.316,459.925,623.733,558.145
896,850.633,692.982,647.795,889.778,364.943,459.179,624.110,558.322
897,850.389,694.021,647.079,890.116,365.578,458.576,624.478,558.496
898,849.741,695.215,645.939,890.400,366.191,458.306,624.840,558.665
899,849.397,696.299,644.724,890.660,366.768,458.209,625.194,558.832
900,849.015,697.397,643.513,890.920,367.080,458.813,625.541,558.995
901,848.251,698.589,642.269,891.168,367.444,459.294,625.881,559.155
902,848.109,699.529,641.078,891.435,367.378,460.376,626.214,559.311
903,847.954,700.470,640.235,891.771,367.059,461.644,626.541,559.465
904,847.955,701.271,639.954,892.066,366.839,462.861,626.861,559.615
905,848.071,701.943,639.844,892.316,366.557,464.124,627.175,559.763
906,848.516,702.138,639.910,892.507,366.172,465.446,627.482,559.907
907,848.778,702.603,640.508,892.429,365.892,466.727,627.783,560.049
908,849.400,702.339,641.120,892.337,366.174,467.381,628.079,560.187
909,849.876,702.418,641.569,892.343,366.556,467.791,628.368,560.323
910,850.181,702.774,642.219,892.215,367.012,467.937,628.651,560.457
911,850.295,703.370,643.192,891.786,367.519,467.760,628.929,560.587
912,850.299,704.071,644.226,891.274,368.009,466.956,629.202,560.715
913,849.834,705.108,645.242,890.786,368.521,466.361,629.468,560.840
914,849.434,706.107,646.439,889.815,369.015,466.139,629.730,560.963
915,848.767,707.210,647.501,889.264,369.518,465.702,629.986,561.084
916,848.015,708.327,648.581,888.683,369.937,465.801,630.238,561.202
917,847.452,709.391,649.773,887.749,370.259,466.174,630.484,561.318
918,847.203,710.281,650.948,886.643,370.366,466.960,630.725,561.431
919,846.692,711.314,652.088,885.956,370.308,467.966,630.961,561.542
920,846.714,711.956,653.265,885.145,370.216,469.013,631.193,561.651
921,846.867,712.440,654.322,884.623,369.990,470.191,631.420,561.758
922,846.759,713.185,654.950,884.551,369.640,471.465,631.643,561.862
923,846.757,713.820,655.729,884.349,369.250,472.772,631.861,561.965
924,846.891,714.293,656.896,883.546,368.687,474.150,632.074,562.065
925,846.999,714.786,657.925,883.055,368.261,475.500,632.284,562.163
926,847.151,715.213,658.627,882.920,368.010,476.767,632.489,562.260
927,847.542,715.262,659.489,882.630,368.153,477.589,632.690,562.354
928,847.978,715.205,660.188,882.489,368.361,478.284,632.887,562.447
929,848.550,714.760,660.640,882.523,368.639,478.798,633.080,562.538
930,849.089,714.410,660.708,882.748,368.898,479.347,633.270,562.627
931,849.703,713.681,660.051,883.141,369.303,479.213,633.455,562.714
932,849.237,713.396,659.014,883.513,369.701,479.067,633.637,562.799
933,848.780,713.117,658.446,883.895,370.097,478.858,633.815,562.883
934,848.332,712.843,658.333,884.176,370.482,478.330,633.990,562.965
935,847.893,712.575,657.764,884.549,370.827,477.537,634.161,563.046
936,847.463,712.312,658.104,884.629,371.203,476.944,634.329,563.124
937,847.042,712.055,658.377,884.740,371.496,475.954,634.493,563.202
938,846.629,711.802,658.703,884.818,371.768,474.891,634.654,563.277
939,846.224,711.555,659.328,884.697,372.147,474.659,634.812,563.351
940,845.827,711.313,660.069,884.475,372.478,474.734,634.966,563.424
941,845.439,711.075,660.793,884.265,372.765,474.963,635.118,563.495
942,845.058,710.842,661.079,884.352,373.098,474.954,635.267,563.565
943,844.684,710.614,661.265,884.484,373.326,475.335,635.412,563.634
944,844.318,710.391,661.338,884.664,373.678,475.024,635.555,563.701
945,843.960,710.172,662.026,884.465,373.983,475.067,635.695,563.766
946,843.608,709.957,662.943,884.030,374.229,475.330,635.832,563.831
947,843.264,709.746,663.927,883.500,374.195,476.207,635.966,563.894
948,842.927,709.540,664.779,883.137,374.087,477.194,636.097,563.956
949,842.596,709.338,665.559,882.847,374.114,477.984,636.226,564.016
950,842.272,709.140,666.019,882.813,374.015,478.970,636.353,564.076
951,841.954,708.946,666.338,882.863,373.933,479.944,636.477,564.134
952,841.643,708.756,666.492,882.994,373.897,480.856,636.598,564.191
953,841.338,708.570,667.168,882.783,374.150,481.050,636.717,564.247
954,841.039,708.387,667.678,882.698,374.232,481.745,636.834,564.302
955,840.746,708.208,668.488,882.350,374.325,482.413,636.948,564.355
956,840.459,708.032,668.961,882.287,374.327,483.266,637.060,564.408
957,840.178,707.861,669.378,882.258,374.341,484.100,637.169,564.459
958,839.902,707.692,669.425,882.423,374.310,485.020,637.277,564.510
959,839.632,707.527,669.419,882.606,374.367,485.783,637.382,564.559
960,839.367,707.365,668.948,882.924,374.463,486.461,637.486,564.608
961,839.107,707.207,668.407,883.250,374.585,487.071,637.587,564.655
962,838.853,707.051,668.247,883.482,374.800,487.340,637.686,564.702
963,838.604,706.899,668.319,883.622,374.956,486.424,637.783,564.748
964,838.360,706.750,668.420,883.745,375.206,486.413,637.878,564.793
965,838.120,706.603,668.082,884.019,375.409,486.682,637.972,564.836
966,837.886,706.460,667.476,884.339,375.629,486.830,638.063,564.879
967,837.656,706.320,666.487,884.663,375.823,487.101,638.153,564.921
968,837.430,706.182,665.875,884.982,376.064,486.819,638.241,564.963
969,837.210,706.047,665.276,885.298,376.295,486.376,638.327,565.003
970,836.993,705.915,664.533,885.624,376.380,485.321,638.411,565.043
971,836.781,705.785,664.600,885.755,376.600,484.752,638.494,565.082
972,836.573,705.658,664.540,885.934,376.754,483.861,638.575,565.120
973,836.370,705.534,665.206,885.688,376.938,483.060,638.654,565.157
974,836.170,705.412,666.160,885.125,377.165,482.514,638.732,565.194
975,835.975,705.292,666.996,884.711,377.394,482.383,638.808,565.230
976,835.783,705.175,668.001,884.061,377.626,481.958,639.803,565.329
977,835.595,705.060,669.005,883.413,377.842,481.354,640.722,565.584
978,835.411,704.948,670.095,882.178,378.053,480.698,641.285,566.434
979,835.231,704.838,671.169,880.908,378.283,480.349,641.719,567.410
980,835.054,704.730,672.291,879.938,378.504,479.793,641.918,568.580
981,834.881,704.624,673.368,879.172,378.658,478.851,641.964,569.837
982,834.711,704.520,674.266,878.724,378.740,477.691,641.984,571.093
983,834.544,704.418,675.366,877.872,378.823,476.507,641.867,572.404
984,834.381,704.319,676.372,877.261,378.757,475.078,641.737,573.707
985,834.222,704.221,677.477,876.385,378.642,473.583,641.841,574.859
986,834.065,704.125,678.577,875.531,378.695,472.248,642.014,575.941
987,833.912,704.032,679.667,874.349,378.777,470.931,642.026,577.120
988,833.761,703.940,680.785,873.297,378.576,469.340,642.406,577.962
989,833.614,703.850,681.904,872.281,378.400,467.747,642.874,578.675
990,833.469,703.761,682.963,871.038,378.249,466.153,642.911,579.784
991,833.328,703.675,684.077,869.958,377.972,464.519,642.346,581.100
992,833.189,703.590,685.198,869.044,377.941,462.960,641.494,582.340
993,833.053,703.507,686.293,868.275,378.019,461.467,640.753,583.623
994,832.920,703.426,687.391,867.492,378.035,459.910,639.687,584.654
995,832.789,703.346,688.410,866.917,378.067,458.351,638.755,585.837
996,832.661,703.268,689.468,866.249,378.343,457.031,638.125,587.131
997,832.536,703.191,689.194,865.718,378.642,455.727,637.626,588.415
998,832.413,703.116,688.925,865.199,379.087,455.018,637.187,589.680
999,832.293,703.042,688.662,864.689,379.524,454.506,636.570,590.953
1000,832.175,702.970,688.403,864.190,379.949,453.532,636.021,592.216
1001,832.059,702.900,688.150,863.701,380.398,452.885,635.863,593.349
1002,831.946,702.830,687.902,863.222,380.846,452.062,635.931,594.327
1003,831.834,702.763,687.659,862.752,381.297,451.202,636.237,595.084
1004,831.726,702.696,687.421,862.291,381.750,450.323,636.459,595.900
1005,831.619,702.631,687.188,861.840,382.202,449.373,636.758,596.624
1006,831.514,702.567,686.959,861.398,382.670,448.652,636.805,597.548
1007,831.412,702.504,686.735,860.965,383.112,447.576,637.055,598.282
1008,831.311,702.443,686.515,860.540,383.508,446.311,637.368,598.935
1009,831.213,702.383,686.300,860.124,383.907,445.020,637.620,599.631
1010,831.117,702.324,686.089,859.716,384.120,443.466,638.047,600.115
1011,831.022,702.266,685.882,859.316,384.302,441.880,638.491,600.559
1012,831.145,703.284,685.680,858.925,384.509,440.299,638.686,601.257
1013,830.889,704.510,685.481,858.541,384.923,438.901,638.368,602.297
1014,830.565,705.752,685.286,858.165,385.466,438.368,637.628,603.435
1015,830.224,706.990,685.096,857.796,385.896,438.226,636.484,604.449
1016,829.979,708.184,684.909,857.435,386.357,437.983,635.229,605.340
1017,830.171,709.079,684.726,857.081,386.766,437.869,633.910,606.104
1018,830.821,709.388,684.546,856.734,387.205,437.662,632.543,606.630
1019,831.228,710.021,684.370,856.394,387.484,437.797,631.182,607.060
1020,831.048,711.132,684.198,856.060,387.857,437.724,629.856,607.747
1021,830.402,712.373,684.029,855.734,388.184,437.741,628.513,608.121
1022,829.540,713.580,683.863,855.414,388.645,437.399,627.182,608.474
1023,828.851,714.815,683.701,855.100,388.958,437.420,625.857,608.862
1024,828.153,716.046,683.542,854.793,389.262,437.448,624.569,609.602
1025,827.225,717.223,683.386,854.492,389.528,437.538,623.273,610.305
1026,826.565,718.450,683.234,854.196,389.532,438.012,621.977,610.997
1027,826.098,719.644,683.084,853.907,389.100,438.893,620.666,611.449
1028,825.793,720.776,682.937,853.624,388.519,439.871,619.368,611.839
1029,825.355,721.948,682.793,853.346,387.716,440.946,618.232,611.732
1030,825.184,722.996,682.653,853.074,387.132,441.952,617.168,611.521
1031,825.428,723.710,682.515,852.807,386.601,442.939,615.929,611.776
1032,825.421,724.625,682.379,852.545,386.058,443.944,614.826,611.697
1033,825.561,725.406,682.247,852.289,385.689,444.843,613.687,611.730
1034,825.498,726.334,682.117,852.038,385.151,445.863,612.689,611.520
1035,825.293,727.340,681.989,851.792,384.698,446.841,611.949,610.990
1036,825.599,727.911,681.865,851.551,384.146,447.890,611.021,610.733
1037,826.253,727.953,681.742,851.314,383.428,449.023,610.056,610.560
1038,826.889,728.007,681.623,851.082,382.266,450.160,609.118,610.372
1039,827.354,728.321,681.505,850.855,381.231,451.347,608.520,609.787
1040,827.989,728.326,681.390,850.633,380.306,452.561,607.911,609.238
1041,828.337,728.761,681.277,850.415,379.713,453.721,607.436,608.583
1042,828.575,729.310,681.167,850.201,379.078,454.911,607.090,607.839
1043,828.931,729.701,681.058,849.992,378.392,456.131,606.685,607.164
1044,829.326,730.023,680.952,849.787,377.741,457.354,605.886,606.938
1045,829.969,729.891,680.848,849.586,376.903,458.622,604.887,607.079
1046,830.679,729.561,680.746,849.389,376.376,459.827,603.803,607.465
1047,831.291,729.455,680.646,849.195,376.172,460.812,602.716,607.874
1048,831.820,729.495,680.548,849.006,376.035,461.734,601.802,607.892
1049,832.338,729.537,680.453,848.821,375.910,462.645,600.937,607.846
1050,832.547,730.008,680.359,848.639,375.818,463.522,599.922,608.109
1051,832.510,730.713,680.266,848.461,375.831,464.257,598.877,608.462
1052,832.154,731.635,680.176,848.286,374.994,465.569,598.006,608.470
1053,831.383,732.698,680.088,848.115,374.012,466.858,597.386,608.164
1054,830.650,733.752,680.001,847.947,373.320,468.188,596.807,607.832
1055,830.211,734.704,679.916,847.783,372.982,469.384,595.986,607.821
1056,829.924,735.566,679.833,847.622,372.237,470.738,594.991,608.150
1057,830.290,735.783,679.751,847.464,371.919,471.952,594.115,608.251
1058,830.415,736.284,679.671,847.310,371.777,473.023,593.171,608.489
1059,830.279,737.014,679.592,847.158,371.559,474.178,592.088,609.178
1060,830.062,737.796,679.516,847.010,371.689,474.873,591.019,609.757
1061,829.686,738.669,679.440,846.864,372.023,474.972,589.984,610.208
1062,829.478,739.429,679.367,846.721,372.302,475.263,588.992,610.549
1063,828.955,740.363,679.294,846.582,372.583,475.525,588.076,610.744
1064,828.178,741.370,679.223,846.445,372.919,475.496,587.204,610.875
1065,827.666,742.292,679.154,846.310,373.279,475.152,586.618,610.659
1066,826.912,743.288,679.086,846.179,373.601,474.347,585.914,610.587
1067,825.927,744.299,679.019,846.050,373.894,473.406,584.914,611.001
1068,825.185,745.290,678.954,845.924,374.235,472.687,583.861,611.558
1069,824.315,746.296,678.890,845.800,374.584,472.410,582.766,612.303
1070,823.036,747.206,678.827,845.678,374.887,471.489,581.779,613.499
1071,821.725,748.088,678.765,845.559,375.225,470.745,581.021,614.856
1072,820.517,749.036,678.705,845.443,375.550,469.902,580.313,616.221
1073,820.216,749.856,678.646,845.329,375.767,468.698,579.671,617.588
1074,820.087,750.553,678.588,845.217,376.105,467.861,578.765,618.843
1075,819.662,751.425,677.455,846.042,376.468,467.357,578.022,620.161
1076,819.077,752.359,676.220,846.799,376.765,466.317,577.169,621.426
1077,819.053,752.952,674.931,847.504,376.989,465.067,576.556,622.743
1078,818.669,753.784,673.631,848.197,377.177,463.729,575.915,624.040
1079,817.951,754.740,672.832,849.103,377.112,462.144,575.233,625.315
1080,817.077,755.718,671.973,849.992,376.673,460.538,574.653,626.587
1081,816.143,756.696,671.313,850.888,376.221,458.947,573.581,627.666
1082,815.061,757.660,670.948,851.754,375.375,457.641,572.502,628.734
1083,813.990,758.624,670.165,852.621,374.774,456.164,571.414,629.789
1084,813.065,759.600,669.436,853.483,373.779,455.111,570.307,630.823
1085,812.388,760.538,668.527,854.312,373.059,453.783,569.210,631.858
1086,812.262,761.198,667.714,855.149,372.370,452.457,567.972,632.729
1087,812.423,761.601,666.981,855.983,371.801,451.061,566.661,633.413
1088,812.853,761.667,666.407,856.809,371.036,449.874,565.376,634.198
1089,813.100,761.955,665.263,857.529,370.679,449.736,564.051,634.857
1090,813.381,762.191,664.010,858.183,370.329,449.600,562.713,635.393
1091,813.847,762.164,662.603,858.688,369.987,449.467,561.396,635.753
1092,814.011,762.510,661.097,858.891,369.651,449.336,560.169,635.889
1093,814.401,762.570,659.593,859.089,369.322,449.208,559.080,635.829
1094,814.591,762.869,658.270,858.780,369.000,449.083,557.992,635.775
1095,815.041,762.816,656.847,858.673,368.684,448.960,556.993,635.629
1096,815.544,762.662,655.360,858.819,368.374,448.840,556.241,635.282
1097,816.169,762.240,653.968,858.678,368.070,448.722,555.416,635.003
1098,816.866,761.578,652.492,858.818,367.773,448.606,554.733,634.632
1099,817.418,761.301,651.057,858.807,367.481,448.493,554.436,634.064
1100,818.145,760.366,649.646,858.755,367.196,448.382,553.971,633.591
1101,818.772,759.895,648.361,858.497,366.916,448.273,553.641,633.065
1102,819.291,759.660,647.140,858.175,366.642,448.166,554.016,632.349
1103,819.690,759.621,646.162,857.631,366.373,448.062,554.693,631.623
1104,820.242,759.291,645.108,857.173,366.109,447.960,555.311,630.901
1105,820.792,758.954,644.145,856.656,365.851,447.859,556.160,630.194
1106,821.398,758.464,643.194,856.149,365.598,447.761,557.004,629.487
1107,822.047,757.820,642.241,855.662,365.350,447.664,557.964,628.797
1108,822.575,757.501,640.937,855.587,365.107,447.570,559.073,628.145
1109,823.078,757.221,639.507,855.898,364.869,447.477,560.490,627.682
1110,823.707,756.603,638.087,856.369,364.635,447.387,561.860,627.160
1111,824.320,756.022,636.655,856.698,364.407,447.298,562.815,626.439
1112,824.891,755.556,635.230,857.140,364.183,447.211,563.843,625.730
1113,825.538,754.805,633.824,857.662,363.963,447.125,564.770,624.997
1114,826.139,754.230,632.391,857.977,363.748,447.042,565.848,624.293
1115,826.535,754.110,630.990,858.120,363.537,446.960,566.620,623.539
1116,826.630,754.396,629.578,858.624,363.330,446.879,566.509,622.992
1117,826.799,754.589,628.145,859.015,363.127,446.800,566.220,622.548
1118,826.798,754.963,626.717,859.449,362.929,446.723,566.444,621.897
1119,826.992,755.109,625.408,859.391,362.734,446.648,566.891,621.198
1120,827.579,754.487,624.293,859.100,362.543,446.574,567.218,620.532
1121,828.214,753.604,622.970,859.091,362.356,446.501,567.531,619.875
1122,828.849,752.483,621.806,858.874,362.173,446.430,568.137,619.167
1123,829.458,751.757,620.738,858.572,361.994,446.360,568.958,618.447
1124,830.015,751.217,619.562,858.395,361.818,446.292,569.750,617.725
1125,830.501,750.854,618.441,858.170,361.646,446.225,570.250,617.033
1126,831.086,750.190,617.243,858.043,361.477,446.159,570.955,616.315
1127,831.663,749.541,615.909,858.131,361.311,446.095,571.525,615.613
1128,832.213,748.981,614.557,858.263,361.149,446.032,571.771,614.997
1129,832.803,748.249,613.169,858.496,360.990,445.970,572.014,614.389
1130,833.394,747.502,611.794,858.688,360.834,445.909,572.309,613.769
1131,833.816,747.244,610.385,859.188,361.457,444.621,572.889,613.079
1132,834.411,746.429,608.973,859.512,362.069,443.312,573.182,612.467
1133,835.017,745.462,607.554,859.906,362.729,442.056,573.417,611.882
1134,835.623,744.461,606.149,860.180,363.482,440.956,572.870,611.792
1135,836.152,743.084,604.784,860.326,364.118,439.657,572.611,611.483
1136,836.759,742.060,603.372,860.837,364.895,438.591,572.868,610.912
1137,837.366,741.072,601.953,861.164,365.681,437.544,572.962,610.417
1138,837.854,740.665,600.825,860.968,366.508,436.642,572.883,610.021
1139,838.423,739.972,599.566,860.931,367.351,435.853,573.313,609.410
1140,839.014,738.858,598.664,860.562,368.161,435.558,573.669,608.825
1141,839.610,737.908,597.729,860.230,368.983,435.138,573.613,608.435
1142,840.160,736.617,596.837,859.879,369.793,434.218,573.599,608.028
1143,840.625,735.158,596.530,859.255,370.625,433.559,573.485,607.688
1144,841.054,733.653,596.060,858.705,371.400,433.302,573.545,607.257
1145,841.382,732.062,595.780,858.101,372.194,432.911,574.188,606.618
1146,841.696,730.466,595.421,857.537,372.968,432.582,574.577,606.049
1147,841.977,728.855,594.550,857.241,373.576,432.723,574.999,605.470
1148,841.936,727.197,593.385,857.208,374.102,433.004,575.018,605.077
1149,842.327,725.659,592.189,857.215,374.340,433.694,574.987,604.721
1150,842.902,724.366,590.802,857.588,374.623,434.315,574.968,604.365
1151,843.435,722.993,589.429,857.898,374.898,434.928,574.485,604.378
1152,843.924,721.557,588.024,858.416,375.460,435.032,573.888,604.520
1153,844.464,720.196,586.616,858.871,376.048,435.048,573.114,604.896
1154,845.089,719.051,585.214,859.251,376.538,435.256,572.353,605.248
1155,845.686,717.816,583.918,859.365,376.794,435.824,571.564,605.640
1156,845.244,717.538,582.879,859.194,376.497,436.903,570.803,605.984
1157,844.812,717.266,581.712,859.150,376.407,437.835,570.024,606.350
1158,844.388,716.999,580.492,859.169,376.583,438.485,569.213,606.760
1159,843.972,716.737,579.325,859.131,376.952,438.834,568.325,607.290
1160,843.565,716.480,578.122,859.135,377.454,438.889,567.478,607.738
1161,843.166,716.229,576.710,859.692,377.719,439.369,566.688,608.093
1162,842.775,715.982,575.327,859.982,377.307,440.485,566.123,608.188
1163,842.392,715.741,573.950,860.249,376.985,441.556,565.255,608.653
1164,842.016,715.504,572.563,860.537,376.511,442.713,564.589,608.849
1165,841.648,715.273,571.431,860.447,376.028,443.882,563.671,609.385
1166,841.288,715.045,570.646,860.115,375.491,445.080,562.759,609.894
1167,840.934,714.823,569.719,859.878,374.943,446.290,561.767,610.540
1168,840.588,714.604,569.067,859.498,374.414,447.504,560.821,611.074
1169,840.248,714.390,568.067,859.328,373.962,448.697,560.086,611.310
1170,839.916,714.181,567.016,859.204,373.106,449.961,559.222,611.700
1171,839.590,713.975,566.128,858.969,372.222,451.226,558.322,612.130
1172,839.270,713.774,565.340,858.684,370.995,452.208,557.346,612.666
1173,838.957,713.577,564.596,858.384,369.879,453.326,556.406,613.130
1174,838.650,713.383,563.841,858.097,368.663,454.275,555.328,613.843
1175,838.350,713.194,563.193,857.767,367.686,455.503,554.429,614.216
1176,838.055,713.008,562.844,857.337,366.461,456.353,553.328,614.932
1177,837.766,712.826,562.546,856.903,365.460,457.547,552.171,615.851
1178,837.483,712.648,562.021,856.552,364.818,458.905,551.020,616.629
1179,837.206,712.473,561.437,856.231,363.956,460.198,549.893,617.810
1180,836.934,712.302,560.870,855.912,363.188,461.538,548.784,619.030
1181,836.668,712.134,560.997,855.439,362.179,462.683,547.718,620.301
1182,836.407,711.970,560.880,855.008,361.201,463.851,546.609,621.520
1183,836.151,711.808,560.563,854.633,360.188,464.948,545.710,622.891
1184,835.900,711.651,559.914,854.383,359.113,465.895,544.609,624.104
1185,835.654,711.496,559.302,854.125,357.993,466.641,543.485,625.285
1186,835.414,711.344,558.821,853.823,356.846,467.083,542.203,626.162
1187,nan,nan,558.189,853.588,355.738,467.681,541.014,627.258
1188,nan,nan,557.371,853.450,354.742,468.628,540.039,628.521
1189,nan,nan,556.604,853.288,353.922,469.847,539.307,629.859
1190,nan,nan,556.029,853.044,353.131,471.083,538.561,631.172
1191,nan,nan,555.178,852.940,352.511,472.456,538.136,632.513
1192,nan,nan,554.129,852.972,351.798,473.749,537.369,633.776
1193,nan,nan,553.597,852.723,350.988,474.909,536.295,634.885
1194,nan,nan,553.034,852.492,350.492,476.333,535.004,635.770
1195,838.411,708.630,551.973,852.545,350.098,477.788,533.995,636.887
1196,839.062,708.639,551.131,852.449,349.639,479.222,533.141,638.050
1197,839.720,708.602,550.098,852.481,349.034,480.561,532.109,639.117
1198,840.374,708.547,548.948,852.610,348.563,481.981,531.185,640.216
1199,841.115,708.205,547.911,852.642,348.474,483.450,529.951,641.105
1200,841.658,708.340,546.896,852.656,348.210,484.931,529.063,642.182
1201,842.079,708.663,545.701,852.824,347.823,486.380,528.163,643.235
1202,842.394,709.122,544.472,853.024,347.595,487.867,527.214,644.250
1203,842.820,709.399,543.817,852.836,347.262,489.331,526.298,645.259
1204,843.177,709.764,543.404,852.570,347.076,490.822,524.956,645.949
1205,843.300,710.406,543.224,852.257,346.939,492.316,523.709,646.730
1206,843.861,710.368,541.994,852.467,347.314,493.549,522.317,647.319
1207,844.562,709.862,540.577,853.012,347.467,494.966,520.940,647.925
1208,845.223,709.496,539.143,853.664,347.545,496.422,519.724,648.692
1209,845.853,709.207,537.720,854.176,347.320,497.910,518.509,649.445
1210,846.421,709.065,536.397,854.450,346.897,499.309,517.133,650.013
1211,846.617,709.553,535.115,854.660,346.493,500.712,516.027,650.811
1212,846.465,710.383,534.168,854.585,346.110,502.117,514.947,651.606
1213,846.361,711.163,533.648,854.325,345.675,503.475,513.794,652.339
1214,846.225,711.961,532.975,854.124,345.088,504.658,512.526,652.965
1215,846.212,712.639,532.443,853.879,344.226,505.203,511.561,653.769
1216,845.895,713.553,532.043,853.603,343.371,505.698,510.608,654.560
1217,845.919,714.176,532.049,853.268,342.513,506.086,509.750,655.372
1218,845.729,714.983,531.953,852.950,341.638,506.199,508.866,656.156
1219,846.268,714.771,532.295,852.625,340.777,506.258,507.987,656.924
1220,846.864,714.367,532.571,852.303,339.962,506.588,506.823,657.524
1221,847.340,714.271,533.282,852.040,339.151,506.830,506.070,658.305
1222,847.642,714.487,534.428,851.942,338.339,506.827,505.088,658.977
1223,848.032,714.535,535.912,852.157,337.616,507.363,504.172,659.663
1224,848.098,715.043,537.325,852.256,336.959,508.062,502.931,660.134
1225,847.900,715.801,538.735,852.343,336.409,508.977,501.438,660.184
1226,847.823,716.445,540.290,852.737,335.895,509.935,499.979,660.341
1227,847.609,717.201,541.845,853.117,335.417,510.927,498.559,660.567
1228,847.245,718.061,nan,nan,335.004,512.001,497.409,661.063
1229,846.698,719.019,nan,nan,334.531,512.949,495.939,661.144
1230,846.203,719.947,nan,nan,334.117,513.973,494.442,661.044
1231,845.515,720.954,nan,nan,333.609,514.794,493.086,661.311
1232,845.060,721.855,547.278,852.378,333.136,515.656,491.861,661.701
1233,844.944,722.500,548.508,852.251,332.627,516.407,490.846,662.225
1234,844.527,723.368,549.970,852.332,331.992,516.686,489.896,662.770
1235,843.945,724.317,551.532,852.653,331.349,516.833,488.706,663.139
1236,843.066,725.347,553.098,853.066,330.706,516.450,487.292,663.226
1237,841.903,726.353,554.646,853.284,330.078,516.505,485.827,663.176
1238,840.570,727.263,556.209,853.695,329.458,516.145,484.463,663.317
1239,839.148,728.070,557.681,854.342,328.844,516.023,483.280,663.642
1240,837.732,728.876,559.237,854.746,328.244,515.740,482.257,664.070
1241,836.571,729.883,560.796,855.103,327.729,516.174,481.272,664.506
1242,835.459,730.907,562.355,855.314,327.167,516.297,480.257,664.907
1243,834.228,731.878,563.865,855.812,326.601,516.012,479.204,665.267
1244,833.480,732.912,565.374,856.289,326.075,515.443,478.552,665.822
1245,832.508,733.960,566.932,856.484,325.625,514.607,478.239,666.465
1246,831.472,734.998,568.489,856.729,325.172,513.820,477.442,666.928
1247,830.435,736.035,569.957,856.629,324.645,513.525,476.338,667.186
1248,829.819,737.033,571.123,856.261,324.124,513.364,475.028,667.220
1249,829.889,737.581,572.416,855.970,323.618,513.345,473.926,667.453
1250,830.022,738.051,573.919,855.917,323.181,513.752,473.477,668.007
1251,830.197,738.463,575.446,855.911,322.693,513.717,473.235,668.603
1252,830.612,738.537,576.831,855.678,322.223,513.797,472.758,669.122
1253,830.798,738.913,578.299,855.540,321.757,513.813,472.837,669.742
1254,830.870,739.404,579.851,855.613,321.295,513.708,473.322,670.352
1255,831.446,739.114,581.267,856.153,320.841,513.569,473.932,670.936
1256,831.993,738.877,582.582,856.794,320.397,513.379,474.588,671.502
1257,832.639,738.338,583.760,857.542,319.966,513.069,474.864,672.087
1258,833.257,737.879,585.152,858.038,319.659,513.680,474.734,672.627
1259,833.761,737.695,586.639,858.343,319.368,514.313,474.812,673.182
1260,834.231,737.568,588.084,858.712,319.236,515.275,474.304,673.606
1261,834.901,736.510,589.570,858.971,319.015,516.044,473.282,673.760
1262,835.443,735.097,590.816,859.557,318.631,515.529,472.203,673.857
1263,836.027,733.752,592.059,860.123,318.322,514.713,470.837,673.590
1264,836.692,732.649,593.344,860.623,318.013,513.920,469.426,672.955
1265,837.370,731.712,594.649,861.076,317.679,513.256,468.007,672.415
1266,838.040,730.912,595.734,861.717,317.320,512.772,466.598,671.961
1267,838.636,730.467,597.114,862.024,317.004,512.097,465.240,671.673
1268,839.241,729.970,598.446,862.376,316.829,511.051,463.986,671.548
1269,839.901,729.041,599.667,862.838,316.562,510.247,462.625,671.216
1270,840.540,728.350,600.675,863.461,316.243,509.677,461.236,670.765
1271,841.141,727.823,600.785,864.452,316.078,508.660,459.848,670.289
1272,841.780,727.056,601.597,865.158,315.841,507.833,458.495,669.528
1273,842.408,726.346,601.918,866.055,315.705,506.789,457.129,668.818
1274,842.972,725.903,602.367,866.889,315.472,505.989,455.748,668.321
1275,843.530,725.462,602.635,867.763,315.568,504.657,454.371,667.814
1276,844.158,724.486,602.870,868.627,315.894,503.183,452.994,667.232
1277,844.777,723.436,603.133,869.465,316.413,501.678,451.624,666.709
1278,845.398,722.622,603.601,870.215,317.232,500.269,450.260,666.061
1279,845.959,721.349,603.848,871.021,318.142,498.940,448.974,665.198
1280,846.531,720.109,604.642,871.576,318.779,497.466,447.622,664.513
1281,846.914,718.582,605.400,872.135,319.224,495.979,446.285,663.776
1282,847.185,716.988,606.336,872.562,319.841,494.509,444.949,663.348
1283,847.476,715.407,607.462,872.813,320.630,493.119,443.627,662.947
1284,847.950,713.973,608.863,872.628,321.535,491.831,442.300,662.499
1285,848.423,712.538,610.176,871.915,322.502,490.626,441.178,662.431
1286,848.692,710.955,611.486,871.201,323.393,489.351,439.949,662.187
1287,848.433,709.395,612.698,870.391,324.027,487.914,438.930,662.207
1288,848.207,707.840,614.114,869.897,324.559,486.452,437.892,662.192
1289,848.369,706.245,615.531,869.408,325.248,485.046,436.882,662.190
1290,848.260,704.677,616.775,868.626,325.915,483.634,435.690,661.933
1291,848.075,703.145,618.155,868.031,326.578,482.225,434.567,661.766
1292,848.107,701.574,619.575,867.566,327.431,480.955,433.567,661.734
1293,848.423,700.037,620.946,866.951,328.187,479.609,432.285,661.168
1294,848.893,698.585,622.360,866.699,328.783,478.184,431.023,660.658
1295,849.572,697.436,623.757,866.497,329.399,476.769,430.080,660.658
1296,850.260,696.324,625.065,866.483,330.080,475.387,429.028,660.516
1297,850.990,695.526,626.273,866.600,330.892,474.104,428.014,660.407
1298,851.582,694.223,627.637,866.431,331.417,472.671,426.836,660.025
1299,852.226,693.021,628.927,866.399,332.103,471.300,425.883,659.960
1300,852.879,691.849,629.803,866.794,333.052,470.202,424.981,659.937
1301,853.514,690.641,629.284,867.640,333.847,468.922,423.946,659.740
1302,854.115,689.372,628.985,868.460,334.516,467.553,423.063,659.710
1303,854.532,687.899,627.892,869.175,335.250,466.228,422.085,659.557
1304,854.941,686.422,626.429,869.530,336.145,465.077,421.278,659.578
1305,855.484,685.068,624.982,869.921,337.199,464.302,420.338,659.442
1306,855.160,684.900,623.553,870.343,338.263,463.624,419.637,659.535
1307,854.842,684.734,622.053,870.521,339.176,462.551,418.699,659.372
1308,854.531,684.572,620.611,870.916,340.009,461.363,417.924,659.374
1309,854.226,684.413,619.185,871.340,341.001,460.505,417.385,659.564
1310,853.927,684.258,617.764,871.769,341.922,459.488,416.827,659.729
1311,853.634,684.105,616.380,872.248,342.898,458.635,416.228,659.851
1312,853.347,683.956,614.913,872.578,343.925,458.146,416.442,659.444
1313,853.065,683.809,613.417,872.789,344.938,457.863,416.651,659.045
1314,852.790,683.665,611.925,873.024,345.934,457.608,416.855,658.654
1315,852.519,683.525,610.508,873.450,346.913,457.083,417.056,658.271
1316,852.254,683.387,609.293,874.074,347.877,456.524,417.253,657.896
1317,851.995,683.252,608.110,874.712,348.756,456.705,417.446,657.528
1318,851.740,683.119,606.770,875.220,349.689,456.470,417.635,657.167
1319,851.491,682.989,605.406,875.698,350.611,456.158,417.820,656.814
1320,851.247,682.862,604.373,876.391,351.451,456.290,418.001,656.468
1321,851.007,682.738,603.017,876.866,352.251,456.510,418.179,656.129
1322,850.773,682.615,601.539,877.142,353.124,456.240,418.353,655.796
1323,850.543,682.496,600.328,877.731,353.978,456.019,418.524,655.470
1324,850.318,682.378,599.129,878.320,354.825,455.731,418.691,655.151
1325,850.097,682.263,598.390,879.063,355.643,455.580,418.855,654.838
1326,849.880,682.151,598.001,879.819,356.414,455.607,419.016,654.531
1327,849.668,682.040,597.588,880.563,357.202,455.465,419.173,654.231
1328,849.460,681.932,597.546,881.261,357.990,455.220,419.328,653.936
1329,849.257,681.826,598.244,881.696,358.779,454.628,419.479,653.648
1330,849.057,681.722,599.371,881.807,359.561,454.049,419.627,653.365
1331,848.861,681.620,600.525,881.878,360.335,453.466,419.773,653.088
1332,848.670,681.521,601.498,882.102,361.087,452.695,419.915,652.816
1333,848.482,681.423,602.398,882.367,361.845,452.283,420.055,652.550
1334,848.298,681.327,602.541,882.966,362.536,451.282,420.191,652.289
1335,848.117,681.233,603.569,883.104,363.081,449.983,420.325,652.033
1336,847.940,681.141,604.513,883.299,363.801,449.065,420.457,651.782
1337,847.767,681.051,605.502,883.447,364.314,447.717,420.585,651.537
1338,847.536,682.259,606.253,883.750,364.768,446.307,420.711,651.296
1339,847.330,683.446,606.672,884.208,365.261,444.922,420.835,651.060
1340,847.396,684.438,606.866,884.732,365.907,443.722,420.956,650.829
1341,847.808,685.035,607.222,885.190,366.650,442.769,421.075,650.603
1342,848.228,685.597,607.655,885.605,367.397,441.830,421.191,650.381
1343,848.117,686.679,607.823,886.104,368.110,440.764,421.305,650.163
1344,847.747,687.887,607.614,886.670,368.884,440.240,421.417,649.950
1345,847.526,689.018,607.495,887.213,369.613,439.977,421.526,649.741
1346,847.862,689.637,607.012,887.779,370.379,439.328,421.634,649.536
1347,848.204,690.228,606.534,888.337,371.140,438.693,421.739,649.336
1348,848.329,691.053,606.134,888.883,371.893,437.866,421.842,649.139
1349,848.566,691.740,605.560,889.422,372.635,437.404,423.014,649.885
1350,849.025,692.096,605.127,889.953,373.359,437.017,424.461,650.345
1351,849.199,692.821,604.636,890.477,374.082,436.600,425.909,650.800
1352,849.459,693.428,603.379,890.815,374.825,435.821,427.396,651.114
1353,849.669,694.079,601.876,890.912,375.557,435.283,428.887,651.370
1354,850.029,694.514,600.378,891.017,376.242,434.984,430.334,651.349
1355,850.618,694.493,598.821,890.977,376.976,434.299,431.676,651.123
1356,851.351,693.837,597.357,891.131,377.707,433.431,432.889,650.737
1357,852.064,692.861,596.028,891.419,378.337,433.275,433.997,650.257
1358,852.788,692.057,594.869,891.809,379.019,432.909,435.205,649.904
1359,853.434,691.783,593.732,892.204,379.745,432.062,436.411,649.567
1360,854.066,691.528,592.576,892.586,380.426,430.930,437.695,649.349
1361,854.747,691.005,591.289,892.887,381.136,429.876,438.982,649.149
1362,855.432,690.394,590.056,893.219,381.623,428.422,439.928,648.604
1363,856.097,689.384,588.740,893.491,382.172,427.013,440.838,648.050
1364,856.774,688.487,587.568,893.850,382.469,425.467,441.080,647.157
1365,857.288,687.129,586.240,894.105,382.948,423.991,441.460,646.338
1366,857.783,685.748,584.951,894.386,383.511,422.566,442.217,645.739
1367,858.451,684.818,583.683,894.678,384.172,421.230,443.333,645.452
1368,859.094,683.770,582.706,895.103,384.783,419.832,444.568,645.320
1369,859.719,682.670,581.507,895.427,385.594,418.756,445.910,645.372
1370,860.355,681.629,580.975,895.922,386.365,417.548,447.325,645.645
1371,861.001,680.666,580.982,896.378,387.222,416.642,448.741,645.913
1372,861.588,679.489,581.033,896.817,388.043,415.520,450.161,646.194
1373,862.167,678.298,581.121,897.240,388.915,414.732,451.582,646.661
1374,862.812,677.410,581.004,897.687,389.770,414.130,452.756,647.485
1375,863.456,676.592,580.357,898.131,390.476,413.980,453.726,648.402
1376,864.083,675.650,579.944,898.581,391.043,414.072,454.372,649.381
1377,864.483,674.210,579.676,899.019,391.747,413.889,454.628,650.350
1378,864.947,672.845,579.245,899.454,392.257,414.035,454.610,651.262
1379,865.519,671.688,578.572,899.865,392.867,414.003,454.809,652.190
1380,866.045,670.432,577.522,900.177,393.312,414.210,455.161,653.111
1381,866.363,668.934,576.479,900.488,393.575,414.625,455.395,654.009
1382,866.285,667.355,575.371,900.767,394.095,414.689,455.324,654.842
1383,866.172,665.790,574.744,901.167,394.765,414.465,454.739,655.484
1384,865.969,664.259,574.595,901.562,395.359,414.376,454.484,656.235
1385,865.780,662.733,574.478,901.946,396.138,413.823,454.891,657.079
1386,865.609,661.212,574.353,902.324,396.890,413.362,454.928,657.871
1387,865.457,659.694,574.193,902.699,397.301,413.529,454.953,658.645
1388,865.216,658.221,574.748,902.891,397.888,413.411,454.473,659.253
1389,865.422,656.689,575.526,902.968,398.667,412.814,454.216,659.927
1390,865.781,655.215,576.061,903.156,399.494,411.826,453.743,660.507
1391,866.237,653.810,576.264,903.446,400.317,410.729,452.865,660.850
1392,866.517,652.303,576.767,903.633,401.122,409.525,451.696,660.917
1393,866.820,650.806,577.571,903.668,401.983,408.562,450.512,660.950
1394,867.324,649.451,578.448,903.651,402.848,407.519,449.297,660.925
1395,867.567,647.936,579.007,903.800,403.676,406.296,448.102,660.908
1396,867.662,646.404,579.122,904.085,404.413,404.914,446.871,660.823
1397,867.968,644.912,579.426,904.315,405.274,403.710,445.525,660.478
1398,868.285,643.426,579.513,904.595,406.199,402.772,444.178,660.106
1399,868.674,641.978,579.885,904.791,407.028,402.331,442.868,659.821
1400,869.308,640.815,579.938,905.066,407.763,402.083,441.599,659.604
1401,869.996,639.809,579.817,905.363,408.700,401.199,440.311,659.327
1402,870.700,638.895,579.275,905.671,409.613,400.528,439.085,659.151
1403,871.307,637.717,579.098,905.965,410.529,399.870,437.763,658.724
1404,871.768,636.343,578.515,906.260,411.469,399.127,436.505,657.853
1405,872.240,634.982,577.804,906.538,412.351,398.611,435.316,656.892
1406,872.934,634.102,576.676,906.698,413.208,398.157,434.037,656.067
1407,873.643,633.428,575.349,906.742,414.118,397.578,432.892,655.067
1408,874.344,632.752,573.863,906.627,414.891,397.296,432.265,653.862
1409,875.023,631.952,572.285,906.071,415.315,397.451,431.459,652.701
1410,875.694,631.158,570.810,905.296,415.555,397.761,431.171,651.517
1411,876.255,629.994,569.398,904.459,416.291,397.510,431.073,650.378
1412,876.709,628.664,567.836,903.941,417.158,397.015,431.397,649.385
1413,877.301,627.596,566.263,903.614,417.659,397.060,431.896,648.494
1414,877.824,626.386,564.695,903.189,418.217,397.034,432.604,647.743
1415,878.450,625.478,563.132,902.765,418.882,396.868,433.205,646.950
1416,878.897,624.168,561.688,902.054,419.826,396.149,434.072,646.354
1417,879.282,622.787,560.180,901.484,420.751,395.520,435.190,646.007
1418,879.708,621.456,558.789,900.739,421.714,394.792,436.348,645.720
1419,880.112,620.103,557.409,900.002,422.709,393.953,437.741,645.843
1420,880.681,619.054,556.201,899.114,423.654,393.342,439.106,645.898
1421,881.264,618.072,555.255,898.076,424.592,392.767,440.513,646.413
1422,881.897,617.451,554.884,896.853,425.588,392.046,441.943,646.692
1423,882.518,617.049,554.489,895.662,426.522,391.518,443.232,646.596
1424,883.123,616.323,554.080,894.499,427.568,390.570,444.311,646.255
1425,883.673,615.340,553.409,893.439,428.530,390.024,445.584,646.157
1426,884.179,614.243,552.347,892.596,429.496,389.486,446.861,646.074
1427,884.622,613.024,551.109,891.906,430.506,388.860,448.139,645.996
1428,884.896,611.596,550.049,891.097,431.477,388.345,449.336,645.817
1429,885.140,610.146,549.197,890.192,432.531,387.636,450.413,645.519
1430,885.367,608.684,548.374,889.293,433.625,386.770,451.626,645.379
1431,885.576,607.212,547.495,888.441,434.732,385.906,452.463,644.908
1432,885.665,605.682,546.433,887.713,435.851,384.937,452.873,644.225
1433,885.850,604.197,545.682,886.839,436.865,384.461,453.605,643.720
1434,885.984,602.688,544.621,886.146,437.874,384.005,454.289,643.201
1435,886.352,601.366,543.516,885.500,438.930,383.474,454.936,642.676
1436,886.733,600.066,542.415,884.865,439.883,383.134,455.802,642.300
1437,887.172,598.862,541.568,884.098,440.832,382.806,456.559,641.864
1438,886.971,597.319,541.393,883.153,441.893,382.304,457.513,641.577
1439,886.307,596.055,540.867,882.302,443.049,381.571,458.432,641.272
1440,885.641,594.815,539.845,881.686,443.915,381.378,459.479,641.081
1441,884.902,593.684,538.371,881.604,444.628,381.336,460.677,641.052
1442,884.152,592.593,536.964,881.372,445.501,381.136,461.835,640.976
1443,883.346,591.616,535.481,881.331,446.479,380.812,463.102,641.038
1444,882.374,591.002,534.173,880.971,447.483,380.462,464.454,641.244
1445,881.250,591.136,533.176,880.369,448.431,380.192,465.867,641.653
1446,880.150,591.232,531.964,879.934,449.172,380.133,467.276,642.214
1447,879.060,591.526,530.638,879.623,449.863,380.113,468.700,642.709
1448,878.111,592.516,529.403,879.223,450.246,380.295,469.797,642.526
1449,877.130,593.395,528.002,879.029,450.936,380.267,470.891,642.343
1450,876.208,594.397,526.590,878.858,451.880,380.001,472.078,642.251
1451,875.352,595.511,525.152,878.737,452.958,379.568,473.364,642.272
1452,874.887,596.940,523.677,879.000,454.064,379.106,474.707,642.374
1453,874.449,598.375,522.290,879.440,455.243,378.524,476.019,642.417
1454,873.606,599.500,520.849,879.780,456.475,377.829,477.457,642.741
1455,872.943,600.829,519.456,880.193,457.656,377.304,478.903,643.082
1456,872.132,601.994,517.994,880.469,458.929,376.480,480.351,643.392
1457,871.520,603.354,516.558,880.794,460.200,375.534,481.670,643.388
1458,871.148,604.799,515.432,881.435,461.497,374.733,483.119,643.647
1459,870.722,606.235,514.658,882.225,462.799,374.026,484.581,644.074
1460,870.621,607.636,514.420,883.102,464.116,373.226,486.047,644.355
1461,870.491,609.042,514.070,883.951,465.332,372.138,487.506,644.820
1462,870.609,610.305,513.759,884.788,466.661,371.289,488.918,645.400
1463,870.399,611.722,513.659,885.620,467.999,370.693,490.368,645.886
1464,870.140,613.146,513.461,886.432,469.353,369.902,491.851,646.226
1465,870.104,614.485,513.223,887.226,470.720,369.276,493.332,646.408
1466,870.455,615.480,513.025,888.006,472.016,368.911,494.730,646.360
1467,870.994,616.172,512.568,888.742,473.309,368.574,496.201,646.463
1468,871.506,616.883,511.781,889.382,474.611,368.242,497.392,646.168
1469,871.609,618.074,511.100,890.041,475.973,367.807,498.874,646.542
1470,871.805,619.167,511.009,890.770,477.240,367.572,500.362,646.880
1471,871.838,620.389,511.195,891.473,478.416,367.459,501.818,646.871
1472,872.073,621.411,510.805,892.150,479.385,367.527,503.096,646.605
1473,872.080,622.628,510.815,892.836,480.375,367.582,504.375,646.336
1474,872.189,623.750,510.862,893.507,481.214,367.733,505.245,645.818
1475,872.140,624.985,510.269,894.107,482.114,367.848,506.356,645.424
1476,871.893,626.318,509.421,894.616,482.653,368.128,507.108,644.873
1477,871.414,627.699,508.410,895.041,483.214,368.396,508.241,644.497
1478,870.955,629.077,507.274,895.383,483.543,368.726,509.284,644.069
1479,870.121,630.346,505.991,895.599,483.667,369.090,509.922,643.501
1480,869.225,631.558,504.655,895.753,482.910,369.426,510.614,642.953
1481,868.259,632.679,503.303,895.882,482.446,369.803,511.626,642.522
1482,867.280,633.772,502.283,896.267,481.893,370.168,512.789,642.175
1483,866.429,635.014,501.578,896.773,481.151,370.501,514.010,641.862
1484,865.428,636.050,500.956,897.291,480.843,370.873,514.902,641.379
1485,864.312,636.425,500.405,897.817,480.410,371.237,515.766,640.890
1486,863.213,636.775,500.211,898.385,480.238,371.594,516.710,640.432
1487,862.132,637.098,500.083,898.946,480.376,371.906,518.089,640.252
1488,861.069,637.408,499.917,899.494,480.085,372.255,519.593,640.263
1489,860.015,637.847,499.503,900.002,479.548,372.591,521.082,640.671
1490,859.041,638.774,499.160,900.510,478.390,372.764,522.559,641.079
1491,858.067,639.678,499.167,901.031,477.463,373.036,523.935,641.630
1492,857.204,640.818,499.308,901.539,476.252,373.197,525.300,642.170
1493,856.305,641.887,499.052,902.027,475.296,373.474,526.625,642.733
1494,855.570,643.172,498.566,902.470,474.281,373.738,527.910,643.315
1495,854.966,644.545,498.734,902.947,472.938,373.844,529.310,643.731
1496,854.268,645.861,499.793,903.165,471.590,373.961,530.784,643.985
1497,853.333,646.839,501.079,903.204,470.252,374.103,532.276,644.164
1498,852.334,647.404,502.101,903.432,468.745,374.095,533.739,644.396
1499,851.350,647.809,503.537,903.255,467.322,374.203,535.249,644.445
1500,850.377,648.442,504.955,903.109,465.904,374.334,536.604,644.817
1501,849.454,649.343,506.445,902.741,464.443,374.439,538.112,644.788
1502,848.526,650.194,507.792,902.699,462.929,374.500,539.579,644.483
1503,847.597,651.009,508.633,903.009,461.316,374.327,541.053,644.189
1504,846.658,651.482,509.627,903.238,459.769,374.378,542.135,643.508
1505,845.769,651.659,510.513,903.514,458.168,374.312,542.651,642.715
1506,844.938,651.655,511.882,903.411,456.703,374.515,543.074,641.931
1507,844.220,651.383,513.191,903.378,455.428,374.878,543.501,641.157
1508,843.544,651.049,514.054,903.653,454.191,375.272,543.899,640.394
1509,843.063,650.393,515.083,903.834,452.992,375.693,544.509,639.641
1510,842.816,649.455,516.085,904.024,451.780,376.120,545.660,639.022
1511,842.688,648.413,517.026,904.240,450.486,376.517,546.853,638.421
1512,842.397,647.555,518.000,904.432,448.972,376.741,548.014,637.799
1513,842.420,646.411,519.294,904.370,447.391,376.856,549.348,637.287
1514,842.465,645.257,520.678,904.184,445.870,377.104,550.534,636.665
1515,842.535,644.093,521.925,904.165,444.308,377.292,551.844,636.119
1516,842.285,643.232,523.343,903.905,442.862,377.661,553.061,635.502
1517,842.274,642.146,524.720,903.720,441.302,377.876,554.517,635.113
1518,841.834,641.587,526.182,903.307,439.730,378.069,555.802,634.522
1519,841.377,641.083,527.630,902.667,438.139,378.168,556.696,633.767
1520,841.441,639.969,529.084,902.062,436.572,378.379,557.799,633.069
1521,841.956,638.650,530.483,901.321,435.117,378.018,558.627,632.301
1522,842.363,637.352,531.840,900.523,433.685,377.659,559.771,631.615
1523,842.762,636.056,533.285,899.918,432.239,377.367,560.660,630.852
1524,842.992,634.832,534.742,899.376,430.770,377.165,561.136,630.083
1525,842.987,633.779,536.205,898.930,429.239,377.225,561.414,629.352
1526,842.465,633.482,537.666,898.516,427.782,377.079,562.256,628.593
1527,841.980,633.132,538.971,898.470,426.442,376.752,562.933,627.826
1528,841.587,632.626,540.360,898.292,425.546,375.965,563.574,627.063
1529,841.210,632.113,541.593,898.320,424.588,375.261,564.309,626.302
1530,840.775,631.734,542.869,898.294,423.859,374.405,565.090,625.542
1531,840.531,631.043,543.938,898.449,423.082,373.610,565.615,624.795
1532,840.051,630.817,544.836,898.705,421.995,373.128,566.023,624.070
1533,839.776,630.210,545.382,899.104,421.424,372.243,566.657,623.321
1534,839.594,629.478,546.025,899.459,420.341,371.816,567.263,622.577
1535,839.522,628.619,546.947,899.671,419.489,371.189,567.962,621.828
1536,839.164,628.207,547.873,899.872,418.340,370.906,569.083,621.129
1537,838.983,627.515,548.745,900.096,417.064,370.860,569.751,620.377
1538,839.080,626.508,549.726,900.247,415.815,370.796,570.632,619.624
1539,839.426,625.319,550.671,900.412,414.513,370.879,571.453,618.866
1540,839.743,624.146,552.010,900.195,413.144,371.377,572.652,618.176
1541,840.131,622.932,553.196,900.164,411.795,371.987,573.694,617.430
1542,840.287,621.871,554.141,900.314,410.443,372.403,573.821,616.800
1543,840.441,620.813,555.193,900.383,409.191,373.232,573.833,616.229
1544,840.362,620.006,556.163,900.503,407.856,373.817,573.637,615.779
1545,840.237,619.270,556.459,900.898,406.629,374.681,573.290,615.439
1546,840.488,618.148,556.365,901.345,405.336,375.414,573.025,615.054
1547,840.648,617.099,557.000,901.614,404.063,376.189,572.323,615.039
1548,840.885,615.988,557.588,901.894,403.199,377.302,572.261,614.557
1549,840.887,615.102,557.796,902.276,402.711,378.434,572.137,614.118
1550,840.934,614.170,558.298,902.569,402.480,379.505,572.099,613.641
1551,840.763,613.539,558.999,902.776,401.988,380.623,571.942,613.241
1552,840.449,613.198,559.829,902.910,401.528,381.732,571.721,612.890
1553,840.112,612.934,560.467,903.131,400.946,382.850,571.027,612.937
1554,839.819,612.585,561.608,903.026,401.178,383.670,570.347,612.978
1555,839.706,611.914,562.740,902.926,401.394,384.482,569.711,612.979
1556,839.671,611.138,563.893,902.801,401.535,385.323,568.914,613.162
1557,839.588,610.439,564.645,902.952,401.752,386.102,568.086,613.387
1558,839.352,610.023,564.871,903.284,401.765,386.983,567.067,613.921
1559,839.075,609.715,565.209,903.581,402.237,387.536,565.975,614.636
1560,838.668,609.843,566.192,903.567,402.271,388.376,564.848,615.535
1561,838.264,609.992,566.828,903.746,401.993,389.345,563.755,616.658
1562,837.886,610.055,566.915,904.083,401.733,390.301,562.604,617.500
1563,837.595,609.860,567.373,904.318,401.824,391.075,561.535,617.996
1564,837.539,609.202,567.843,904.541,402.399,391.443,560.439,618.536
1565,837.262,609.000,568.609,904.628,403.152,391.584,559.622,618.654
1566,837.010,608.752,569.121,904.824,404.056,391.479,558.580,619.066
1567,836.596,609.495,569.572,905.036,404.884,391.484,557.417,620.098
1568,836.187,609.955,569.920,905.275,405.845,391.240,556.257,620.711
1569,835.782,610.407,569.727,905.607,406.683,391.203,555.059,621.427
1570,835.374,611.079,569.660,905.921,407.418,391.296,553.946,621.873
1571,834.967,611.760,569.854,906.183,408.128,391.406,552.870,622.243
1572,834.563,612.486,570.247,906.383,408.967,391.323,551.914,622.444
1573,834.162,613.041,570.923,906.465,409.979,390.883,550.684,623.167
1574,833.786,613.371,571.522,906.577,410.807,390.800,549.658,623.428
1575,833.403,614.259,572.125,906.682,411.814,390.363,548.405,624.225
1576,833.007,614.988,572.597,906.835,412.754,390.077,547.150,624.917
1577,832.666,616.089,573.146,906.952,413.190,390.415,545.915,625.485
1578,832.313,617.163,573.237,907.202,413.714,390.656,544.934,625.635
1579,831.928,617.581,573.646,907.361,414.103,391.006,543.812,625.951
1580,831.567,617.868,574.153,907.479,414.024,391.660,542.572,626.466
1581,831.300,617.814,574.285,907.706,413.515,392.474,541.271,627.266
1582,831.154,617.478,574.226,907.963,413.472,393.095,539.977,627.867
1583,831.151,616.893,573.322,908.177,413.303,393.772,538.667,628.712
1584,831.100,616.393,572.626,908.429,413.650,394.100,537.341,629.506
1585,831.092,615.829,571.728,908.639,413.966,394.442,536.018,630.061
1586,831.178,615.130,570.746,908.820,413.973,394.995,534.669,630.764
1587,831.268,614.429,570.193,909.081,413.658,395.703,533.412,631.095
1588,831.094,614.207,569.679,909.341,412.731,396.539,532.160,631.400
1589,831.095,613.648,568.835,909.550,411.911,397.380,530.867,631.760
1590,831.257,612.866,568.361,909.805,410.946,398.229,529.721,631.896
1591,831.325,612.211,567.860,910.055,410.036,399.088,528.502,632.110
1592,831.488,611.430,567.971,910.258,409.479,399.900,527.229,632.389
1593,831.299,611.286,568.150,910.442,408.670,400.765,525.835,632.985
1594,831.012,611.497,568.170,910.652,407.683,401.639,524.457,633.762
1595,830.679,612.248,568.212,910.855,406.647,402.518,523.070,634.195
1596,830.376,612.564,568.927,910.834,405.576,403.401,521.876,634.286
1597,830.065,612.959,569.696,910.782,404.434,404.278,520.493,634.653
1598,829.784,613.193,570.257,910.827,404.060,405.068,519.064,635.228
1599,829.558,613.224,570.238,911.029,404.217,405.511,517.629,635.727
1600,829.339,613.248,569.526,911.230,404.216,406.070,516.193,636.177
1601,829.059,613.535,568.099,911.107,404.441,406.430,515.027,636.155
1602,828.759,613.968,566.639,910.949,404.734,406.713,513.673,636.344
1603,828.533,614.048,565.046,910.443,405.234,406.741,512.272,636.600
1604,828.296,614.189,563.466,910.038,405.473,407.055,511.115,636.537
1605,828.006,615.158,561.928,909.316,405.624,407.441,509.867,636.552
1606,827.726,616.200,560.425,908.549,405.652,407.920,508.921,636.337
1607,827.492,617.422,558.891,907.871,405.238,408.667,508.171,636.030
1608,827.222,618.553,557.401,907.125,404.999,409.322,nan,nan
1609,826.895,619.279,555.958,906.324,404.109,410.206,nan,nan
1610,826.571,619.905,554.564,905.481,403.105,411.103,nan,nan
1611,826.244,620.651,553.159,904.674,402.019,412.005,nan,nan
1612,825.920,621.257,551.770,903.869,401.229,412.911,nan,nan
1613,825.596,622.105,550.313,903.183,400.342,413.838,502.277,634.959
1614,825.278,623.047,548.868,902.495,399.243,414.768,501.081,634.891
1615,825.013,624.250,547.421,901.830,397.867,415.575,499.765,634.924
1616,825.066,625.876,545.997,901.148,396.655,416.498,498.502,634.892
1617,824.950,627.380,544.623,900.416,395.301,417.338,497.319,634.785
1618,825.018,629.021,543.114,900.288,393.843,418.038,496.177,634.642
1619,825.109,630.672,541.580,900.037,392.399,418.753,494.686,634.901
1620,825.208,632.327,540.101,899.981,390.930,419.380,493.213,635.089
1621,825.096,633.882,538.600,899.870,389.455,419.935,492.152,634.859
1622,824.838,635.290,537.149,899.860,387.981,420.268,490.782,634.857
1623,824.715,636.850,535.735,899.903,386.531,420.754,489.404,634.849
1624,824.671,638.462,534.220,899.733,385.101,421.282,488.552,634.508
1625,824.895,640.116,532.698,899.374,383.973,422.331,488.274,634.071
1626,825.204,641.745,531.206,898.903,383.027,423.461,487.247,633.803
1627,825.487,643.370,529.684,898.600,382.297,424.613,485.968,633.681
1628,825.937,644.919,528.165,898.274,381.746,425.738,484.525,633.717
1629,826.449,646.416,526.656,897.901,381.175,426.874,483.108,633.700
1630,826.472,648.034,525.181,897.427,380.996,427.826,481.565,633.923
1631,826.329,649.616,524.159,896.498,381.360,428.213,480.035,634.397
1632,826.046,651.129,523.162,895.575,381.473,428.895,478.505,634.851
1633,825.989,652.731,522.507,894.526,381.695,429.442,476.966,635.248
1634,825.771,654.287,521.574,893.609,381.810,430.100,475.440,635.299
1635,825.274,655.592,520.297,892.947,382.116,430.508,474.031,635.142
1636,824.702,656.743,519.183,892.167,382.577,430.643,472.679,634.915
1637,824.164,657.985,518.266,891.291,382.915,430.970,471.247,634.757
1638,823.723,659.389,516.864,890.823,383.248,431.288,470.036,634.406
1639,823.301,660.820,515.411,890.458,383.534,431.661,469.046,633.951
1640,822.732,662.038,513.977,890.060,383.900,431.891,468.097,633.482
1641,822.199,663.336,512.475,889.987,383.998,432.480,467.621,632.949
1642,821.612,664.532,511.010,889.663,383.741,433.389,467.353,632.431
1643,821.061,665.814,509.624,889.199,383.440,434.331,467.011,631.915
1644,820.434,666.915,508.176,888.850,383.293,435.157,466.084,631.453
1645,819.767,667.789,506.768,888.433,383.261,435.870,464.857,631.101
1646,819.157,668.121,505.415,887.945,383.266,436.540,463.743,630.687
1647,818.569,668.393,504.013,887.531,383.013,437.444,462.448,630.359
1648,818.055,668.465,502.547,887.251,382.700,438.393,461.204,629.988
1649,817.430,668.965,501.142,886.851,382.462,439.289,460.269,629.496
1650,817.021,668.834,499.758,886.427,382.395,440.031,459.138,629.060
1651,817.189,667.963,498.568,885.810,382.204,440.888,457.759,628.756
1652,816.916,667.615,497.823,884.977,382.528,441.063,456.190,628.710
1653,816.438,667.694,497.634,884.052,382.995,440.873,454.686,628.512
1654,815.929,667.883,497.600,883.138,383.340,440.972,453.105,628.490
1655,815.442,668.025,497.084,882.295,383.710,441.000,451.534,628.415
1656,814.835,668.887,497.056,881.417,384.235,440.512,449.956,628.534
1657,814.246,669.458,496.427,880.635,384.745,439.323,448.564,628.138
1658,813.647,670.138,496.333,879.791,385.189,437.954,447.076,627.839
1659,813.061,670.728,496.850,879.020,385.745,436.845,445.509,627.722
1660,812.489,671.249,497.512,878.301,386.169,435.408,443.953,627.828
1661,811.911,671.826,498.523,877.738,386.727,434.206,442.388,627.758
1662,811.332,672.428,499.210,877.050,387.239,432.862,440.832,627.746
1663,810.737,673.274,499.744,876.336,387.803,431.600,439.394,628.053
1664,810.167,673.837,499.866,875.580,388.346,430.263,437.855,628.016
1665,809.618,674.311,499.518,874.860,389.000,429.291,436.337,627.724
1666,809.040,674.966,498.796,874.239,389.638,428.152,435.013,627.130
1667,808.466,676.038,497.961,873.669,390.293,427.043,433.728,626.499
1668,808.941,676.309,496.910,873.211,390.976,426.109,432.646,625.762
1669,809.406,676.575,495.609,872.948,391.667,425.216,431.652,624.997
1670,809.862,676.835,494.789,872.392,392.351,424.490,430.728,624.215
1671,810.309,677.090,493.775,871.932,393.047,423.695,429.946,623.419
1672,810.747,677.340,493.054,871.359,393.743,422.938,429.679,622.693
1673,811.176,677.585,492.308,870.805,394.442,422.193,429.777,622.112
1674,811.597,677.825,492.010,870.168,395.147,421.082,430.141,621.690
1675,812.009,678.060,491.921,869.531,395.767,419.710,430.361,621.196
1676,812.413,678.291,491.719,868.911,396.351,418.272,430.493,620.669
1677,812.809,678.517,491.136,868.358,397.090,417.114,430.342,620.031
1678,813.197,678.738,490.715,867.784,397.755,415.753,430.417,619.497
1679,813.577,678.955,490.092,867.261,398.298,414.251,430.613,619.036
1680,813.950,679.168,489.311,866.793,398.519,412.654,430.440,618.420
1681,814.315,679.376,488.373,866.393,398.574,411.084,430.419,617.872
1682,814.673,679.581,487.357,866.035,398.480,409.571,429.936,617.183
1683,815.024,679.781,486.030,865.904,398.747,408.018,429.654,616.551
1684,815.367,679.977,484.719,865.756,399.063,406.480,429.298,615.902
1685,815.704,680.169,483.290,865.751,399.325,404.956,429.366,615.428
1686,816.034,680.358,481.860,865.742,399.207,403.534,429.390,614.941
1687,816.358,680.542,480.429,865.727,398.772,402.297,428.977,614.297
1688,816.675,680.723,478.921,865.900,398.162,401.211,428.405,613.620
1689,816.985,680.900,477.665,866.670,397.501,400.197,428.219,613.058
1690,817.290,681.074,476.390,867.404,396.826,399.226,428.332,612.647
1691,817.588,681.244,474.902,867.803,395.878,398.565,428.773,612.468
1692,817.881,681.411,473.612,868.490,395.223,397.638,428.972,612.128
1693,818.167,681.575,472.290,869.124,394.817,396.547,429.682,612.222
1694,818.448,681.735,470.845,869.571,394.300,395.563,430.369,612.294
1695,818.723,681.892,469.330,869.703,394.069,394.414,431.110,612.432
1696,818.993,682.046,467.815,869.899,393.717,393.364,431.504,612.254
1697,819.257,682.197,466.299,870.052,393.416,392.305,431.791,612.009
1698,819.516,682.345,464.967,870.616,392.942,391.390,432.107,611.791
1699,819.770,682.490,463.493,870.936,392.927,390.223,432.673,611.781
1700,820.019,682.632,461.979,871.057,392.913,389.075,433.187,611.731
1701,820.263,682.771,460.488,870.988,392.975,387.914,433.780,611.758
1702,820.502,682.907,459.012,870.872,393.187,386.718,434.093,611.567
1703,820.736,683.041,457.501,870.879,393.331,385.563,434.527,611.471
1704,820.965,683.172,456.146,870.562,393.344,384.478,435.053,611.457
1705,821.190,683.300,454.991,870.083,392.889,383.700,435.416,611.321
1706,821.410,683.426,454.149,869.469,392.132,383.230,436.021,611.391
1707,821.626,683.549,453.672,868.790,391.697,382.481,436.647,611.484
1708,821.838,683.670,452.814,868.199,391.613,381.519,437.429,611.744
1709,822.046,683.788,451.620,867.771,391.491,380.597,438.362,612.209
1710,822.249,683.904,450.537,867.281,391.387,379.683,438.473,611.937
1711,822.448,684.018,449.196,866.976,391.433,378.709,438.401,611.582
1712,822.643,684.129,447.988,866.561,391.388,377.799,438.732,611.455
1713,822.834,684.238,446.997,866.034,391.656,376.769,438.884,611.224
1714,823.022,684.345,445.866,865.578,391.920,375.756,438.918,610.937
1715,823.206,684.450,444.991,865.018,391.783,374.945,439.181,610.785
1716,823.386,684.553,443.791,864.611,392.265,373.903,439.355,610.585
1717,823.562,684.654,442.453,864.312,393.324,372.916,439.812,610.581
1718,823.735,684.752,441.254,863.902,394.251,371.892,440.374,610.668
1719,823.905,684.849,440.622,863.297,394.370,370.992,440.927,610.748
1720,824.071,684.944,439.917,862.713,394.100,370.324,441.460,610.814
1721,824.233,685.037,438.654,862.361,394.252,369.440,442.023,610.908
1722,824.393,685.128,437.318,862.067,394.543,368.519,442.794,611.205
1723,824.549,685.217,436.054,861.712,394.986,367.568,443.685,611.646
1724,824.702,685.304,435.175,861.175,395.529,366.609,444.665,612.211
1725,824.853,685.390,434.917,860.575,396.387,365.647,444.948,612.099
1726,825.000,685.474,434.265,860.005,397.362,364.712,445.374,612.082
1727,825.144,685.556,433.732,859.430,398.168,363.764,446.282,612.526
1728,825.285,685.637,433.075,858.876,399.368,362.933,447.219,612.996
1729,825.424,685.716,432.496,858.320,400.553,362.099,448.007,613.275
1730,825.559,685.793,431.914,857.772,402.020,361.797,448.592,613.368
1731,825.692,685.869,431.782,857.233,403.482,361.484,449.304,613.568
1732,825.823,685.944,431.242,856.697,404.917,360.973,450.092,613.838
1733,825.950,686.017,431.031,856.169,406.357,360.490,450.847,614.071
1734,826.076,686.088,431.026,855.673,407.792,359.992,451.486,614.201
1735,826.198,686.158,431.493,855.308,409.243,359.597,452.203,614.395
1736,826.318,686.227,432.331,855.125,410.689,359.363,452.834,614.515
1737,826.436,686.294,433.032,854.874,412.127,358.904,453.030,614.373
1738,826.552,686.360,433.649,854.591,413.378,358.132,453.086,614.175
1739,826.665,686.424,433.218,854.109,414.684,357.417,453.151,613.985
1740,826.776,686.488,432.673,853.640,415.913,356.639,453.594,613.990
1741,826.884,686.550,431.757,853.240,417.145,355.868,454.418,614.293
1742,826.991,686.610,430.593,852.938,418.281,355.047,455.261,614.608
1743,827.095,686.670,429.645,852.548,419.533,354.305,456.222,615.045
1744,827.197,686.728,428.253,852.402,420.900,353.687,456.648,615.031
1745,827.298,686.786,427.199,852.044,422.024,352.880,456.841,614.904
1746,827.396,686.842,426.572,851.589,422.474,352.005,457.173,614.847
1747,827.492,686.897,425.865,851.149,423.357,351.147,457.735,614.927
1748,827.586,686.950,424.906,850.765,424.069,350.284,458.572,615.220
1749,827.679,687.003,423.967,850.377,424.818,349.434,459.504,615.600
1750,827.770,687.055,422.903,850.030,425.157,348.623,460.510,616.053
1751,827.858,687.105,422.274,849.588,426.032,347.811,460.841,615.989
1752,827.945,687.155,421.771,849.144,426.794,346.997,460.975,615.845
1753,828.952,686.065,420.984,848.732,427.727,346.217,461.514,615.898
1754,830.061,685.221,419.738,848.478,428.589,345.435,461.997,615.920
1755,831.173,684.434,418.405,848.278,429.132,344.653,462.375,615.888
1756,832.263,683.594,417.169,848.008,428.893,344.084,462.614,615.796
1757,833.337,682.733,416.059,847.675,428.163,343.822,463.347,615.982
1758,834.430,682.294,415.085,847.293,427.295,343.692,464.177,616.239
1759,835.482,681.436,414.863,846.866,426.444,343.564,465.047,616.523
1760,836.498,680.485,414.481,846.432,425.348,343.734,466.110,616.996
1761,837.493,679.501,413.470,846.072,424.273,343.892,467.070,617.337
1762,838.455,678.458,412.275,845.781,423.324,343.906,468.104,617.743
1763,839.352,677.313,411.353,845.394,422.337,343.982,469.120,618.113
1764,840.322,676.317,409.992,845.200,421.277,344.173,470.054,618.391
1765,841.181,675.134,408.918,844.850,420.318,344.245,470.617,618.416
1766,841.775,673.760,408.081,844.439,419.919,343.858,470.593,618.234
1767,842.478,672.437,407.000,844.090,419.299,343.635,470.648,618.074
1768,843.229,671.149,406.175,843.677,418.660,343.440,470.526,617.879
1769,843.923,669.822,405.476,843.251,418.349,343.036,470.578,617.725
1770,844.748,668.612,404.671,842.839,418.287,342.520,470.871,617.648
1771,845.438,667.284,403.593,842.490,418.031,342.108,470.970,617.513
1772,846.257,666.075,402.504,842.143,417.729,341.733,471.265,617.443
1773,846.769,664.671,401.647,841.737,417.164,341.542,471.274,617.290
1774,847.299,663.272,401.047,841.310,416.329,341.606,471.011,617.093
1775,848.074,662.021,400.244,840.900,415.493,341.684,470.793,616.903
1776,848.996,661.017,399.391,840.498,414.623,341.816,470.421,616.698
1777,849.734,659.738,398.756,840.078,413.857,341.845,470.425,616.555
1778,850.331,658.362,398.244,839.661,413.360,341.653,469.786,616.346
1779,850.845,656.953,397.286,839.284,412.703,341.603,469.547,616.158
1780,851.335,655.539,396.450,838.886,412.276,341.381,468.873,615.949
1781,852.082,654.275,395.729,838.476,411.506,341.465,467.975,615.756
1782,852.836,653.023,394.976,838.071,410.715,341.583,468.016,615.629
1783,853.478,651.676,394.219,837.668,409.800,341.870,468.269,615.573
1784,854.325,650.573,393.645,837.261,408.699,342.560,468.404,615.478
1785,855.132,649.412,392.897,836.861,407.599,343.273,467.590,615.277
1786,856.077,648.753,392.167,836.461,406.499,344.301,466.730,615.076
1787,857.009,648.302,390.809,836.243,405.592,345.629,465.873,614.866
1788,857.924,647.602,389.318,836.130,405.012,347.094,464.975,614.655
1789,858.792,646.687,387.974,835.886,404.335,348.523,464.030,614.443
1790,859.672,645.879,386.373,835.938,403.390,349.796,463.404,614.204
1791,860.285,644.544,384.840,835.848,402.280,350.738,462.610,613.964
1792,860.976,643.296,383.270,835.812,401.168,351.564,461.463,613.774
1793,861.855,642.749,381.672,835.835,400.182,352.780,460.749,613.516
1794,862.701,642.482,380.058,835.913,399.204,353.999,459.725,613.278
1795,863.422,642.659,378.440,836.045,398.242,355.233,459.640,613.107
1796,864.188,642.642,376.871,836.427,397.731,356.669,458.898,612.838
1797,864.987,642.400,375.363,836.913,397.048,358.060,457.734,612.615
1798,865.779,641.566,373.907,837.454,396.164,359.347,456.239,612.538
1799,866.564,641.259,372.660,838.216,395.265,360.617,455.004,612.302
1800,867.333,640.977,371.499,839.026,394.357,361.877,453.914,612.013
1801,867.915,641.304,370.466,839.911,393.253,362.665,452.707,611.740
1802,868.549,641.461,369.621,840.892,392.171,363.619,451.041,611.805
1803,868.941,642.101,368.727,841.815,391.189,364.790,449.561,611.621
1804,869.577,642.173,367.735,842.641,390.158,365.872,447.935,611.569
1805,870.309,641.592,366.706,843.412,389.075,366.719,446.250,611.626
1806,871.021,640.818,365.976,844.354,387.998,367.498,444.556,611.721
1807,871.676,639.793,365.852,845.511,386.969,368.548,443.000,611.512
1808,872.379,639.312,366.018,846.701,385.917,369.501,441.336,611.467
1809,873.073,638.803,366.245,847.877,384.954,370.666,439.805,611.192
1810,873.758,638.266,366.359,849.018,384.228,372.030,438.211,610.975
1811,874.241,638.573,365.879,849.963,383.331,373.269,436.577,610.816
1812,874.719,638.860,365.184,850.780,382.366,374.416,434.927,610.694
1813,875.323,638.713,364.749,851.700,381.425,375.594,433.271,610.601
1814,875.806,638.932,364.408,852.636,380.399,376.558,431.628,610.456
1815,876.191,639.350,363.525,853.263,379.366,377.265,429.986,610.323
1816,876.560,639.776,362.257,853.499,378.337,378.082,428.346,610.215
1817,876.653,640.614,361.359,854.075,377.482,379.345,426.750,610.394
1818,876.906,641.212,360.460,854.629,376.489,380.348,425.129,610.313
1819,876.826,642.210,359.492,855.108,375.479,381.113,423.575,609.932
1820,876.838,643.105,358.268,855.303,374.524,381.596,422.098,609.423
1821,876.932,643.892,357.192,855.645,373.625,381.940,420.572,608.978
1822,876.922,644.789,355.864,855.633,372.655,382.594,419.059,608.505
1823,876.590,645.944,354.447,855.312,371.685,383.483,417.633,607.906
1824,875.990,647.206,353.042,854.813,371.019,384.879,416.188,607.319
1825,875.119,648.468,351.729,854.102,370.503,386.329,414.729,606.744
1826,874.652,649.687,350.545,853.261,369.908,387.751,413.585,605.940
1827,874.460,650.737,349.462,852.359,368.960,388.735,412.322,605.175
1828,874.339,651.721,348.874,851.345,368.024,389.740,410.909,604.521
1829,874.268,652.649,347.663,850.537,367.094,390.743,409.427,603.970
1830,874.174,653.589,346.244,850.104,366.156,391.657,408.042,603.270
1831,874.195,654.398,344.834,849.834,365.251,392.698,406.588,602.667
1832,874.381,654.977,343.549,849.869,364.501,394.009,405.081,602.268
1833,874.699,655.311,342.420,850.103,363.879,395.415,403.612,601.728
1834,875.001,655.656,341.215,850.219,363.107,396.694,402.158,601.162
1835,875.332,655.926,340.123,850.455,362.290,397.899,400.685,600.758
1836,875.690,656.114,339.200,850.838,361.596,399.248,399.305,600.045
1837,875.976,656.437,338.270,851.196,360.820,400.503,397.958,599.280
1838,876.281,656.704,337.339,851.533,360.238,401.921,396.607,598.525
1839,876.730,656.570,336.154,851.563,359.408,403.068,395.207,597.895
1840,876.955,656.959,335.132,851.775,358.510,403.777,393.941,597.025
1841,877.330,657.004,334.349,852.185,357.629,404.664,392.545,596.454
1842,877.710,657.014,333.672,852.656,356.754,405.528,391.399,595.469
1843,878.215,656.206,332.860,853.007,356.085,406.867,390.310,594.443
1844,878.716,655.516,332.210,853.462,355.326,408.083,389.229,593.406
1845,879.213,654.813,331.398,853.777,354.762,409.499,388.282,592.309
1846,879.704,654.049,330.936,854.319,354.425,410.992,387.456,591.184
1847,880.190,653.404,331.109,855.101,353.850,412.396,386.438,590.100
1848,880.657,652.920,331.351,855.886,353.436,413.870,385.438,589.002
1849,881.130,652.314,331.510,856.638,353.139,415.363,384.779,587.854
1850,881.593,651.436,332.110,857.444,352.773,416.844,384.445,586.788
1851,882.045,650.956,332.734,858.240,352.221,418.252,384.032,585.693
1852,882.408,650.874,333.419,859.026,351.912,419.739,383.912,584.743
1853,882.846,650.422,333.716,859.767,351.637,421.226,383.951,583.913
1854,883.282,649.931,333.840,860.456,351.588,422.683,383.906,583.029
1855,883.681,648.836,333.928,861.122,351.800,424.018,383.969,582.237
1856,883.690,647.233,333.692,861.654,351.919,425.394,384.355,581.793
1857,883.686,645.627,333.120,861.987,351.946,426.803,384.189,580.854
1858,883.654,644.014,332.475,862.257,351.373,428.188,384.121,579.987
1859,883.581,642.395,332.127,862.698,351.037,429.654,383.902,579.025
1860,883.476,640.775,332.555,863.385,350.635,431.109,383.976,578.289
1861,883.254,639.160,332.824,864.033,350.322,432.576,384.058,577.569
1862,883.101,637.548,332.324,864.353,350.151,434.039,383.870,576.643
1863,883.349,636.104,331.738,864.605,349.851,435.506,384.321,576.393
1864,883.739,634.863,331.144,864.839,349.466,436.961,384.857,576.307
1865,884.122,633.614,330.630,865.116,348.899,438.337,385.322,576.117
1866,884.597,632.638,329.653,864.976,348.289,439.675,385.843,576.042
1867,885.068,631.663,328.633,864.771,347.960,441.142,386.113,575.607
1868,885.498,630.556,327.982,864.925,347.349,442.470,386.203,574.980
1869,885.739,629.126,327.104,864.864,346.986,443.931,386.061,574.155
1870,885.991,627.710,326.761,865.201,346.281,445.130,385.891,573.312
1871,886.133,626.200,326.298,865.456,345.926,446.593,386.207,572.987
1872,886.255,624.677,325.642,865.563,345.647,448.071,386.428,572.546
1873,886.466,623.222,324.830,865.522,345.277,449.528,386.567,572.020
1874,886.729,621.820,324.586,865.876,344.820,450.945,386.771,571.583
1875,886.988,620.415,324.908,866.430,344.287,452.306,386.981,571.167
1876,886.982,618.844,325.031,866.920,344.061,453.792,387.482,571.247
1877,887.011,617.286,325.396,867.467,343.589,455.189,387.868,571.120
1878,886.760,615.712,325.782,868.011,343.106,456.574,388.393,571.292
1879,886.751,614.147,326.120,868.538,342.660,457.979,389.031,571.831
1880,886.700,612.575,326.341,869.027,342.188,459.361,389.508,571.916
1881,886.550,611.003,326.444,869.473,341.761,460.768,389.996,572.038
1882,886.209,609.478,326.196,869.760,341.467,462.238,390.435,572.074
1883,886.025,607.918,325.988,870.060,341.534,463.706,391.090,572.785
1884,885.768,606.380,325.577,870.238,341.697,465.136,391.731,573.397
1885,885.824,604.840,325.270,870.470,341.732,466.612,392.403,574.216
1886,885.859,603.298,324.470,870.322,341.805,468.076,393.047,574.816
1887,885.979,601.782,323.937,870.396,342.238,469.303,393.598,575.116
1888,886.009,600.241,323.371,870.438,342.445,470.701,394.114,575.343
1889,886.156,598.739,322.408,870.071,nan,nan,394.385,575.153
1890,886.212,597.206,321.696,869.980,nan,nan,394.522,574.801
1891,886.233,595.668,321.020,869.913,nan,nan,394.764,574.592
1892,886.301,594.140,320.204,869.705,nan,nan,395.160,574.636
1893,886.258,592.598,319.054,868.766,nan,nan,395.755,575.155
1894,886.258,591.061,317.995,867.535,nan,nan,396.334,575.623
1895,886.203,589.522,316.981,866.253,nan,nan,396.605,575.489
1896,886.047,587.994,316.125,864.856,346.707,478.716,396.494,574.931
1897,886.162,586.485,315.003,863.756,347.500,478.984,396.049,574.129
1898,886.355,585.009,313.929,862.571,348.111,479.768,395.583,573.311
1899,886.692,583.639,312.812,861.468,348.499,480.899,394.895,572.383
1900,886.857,582.152,311.722,860.317,348.977,481.894,393.793,571.388
1901,886.746,580.624,310.864,858.955,349.581,482.623,393.093,570.429
1902,886.527,579.120,310.334,857.506,350.325,482.798,392.628,569.569
1903,886.073,577.743,310.230,856.087,351.080,482.482,391.486,568.552
1904,885.812,576.265,309.825,854.666,351.803,481.961,390.580,567.509
1905,885.390,574.884,309.155,853.292,352.527,481.563,389.901,566.506
1906,884.665,573.836,308.569,851.915,353.245,481.395,389.202,565.485
1907,883.680,573.384,308.361,850.555,353.928,481.502,388.399,564.423
1908,882.609,573.653,308.404,849.264,354.603,481.554,387.602,563.350
1909,881.573,573.653,309.054,848.254,355.247,480.921,386.651,562.246
1910,880.554,573.691,309.541,847.182,355.710,479.781,385.715,561.130
1911,879.550,574.171,309.309,845.904,356.035,478.450,384.679,560.008
1912,878.556,574.406,309.113,844.649,356.425,477.188,383.215,559.262
1913,877.648,574.119,309.194,843.480,356.802,475.901,381.874,558.318
1914,876.840,573.567,308.990,842.262,357.217,474.658,380.788,557.177
1915,876.046,573.028,308.593,841.038,357.704,473.524,379.711,556.025
1916,875.277,572.468,308.596,839.903,358.293,472.644,378.958,554.826
1917,874.478,572.052,308.754,838.839,358.943,472.177,378.156,553.610
1918,873.779,571.407,308.590,837.701,359.575,471.581,377.502,552.407
1919,873.318,570.364,308.821,836.706,360.087,470.523,376.619,551.173
1920,872.635,569.751,308.866,835.662,360.442,469.197,375.517,550.010
1921,871.914,569.289,308.463,834.537,360.939,468.084,374.496,548.799
1922,871.141,569.084,307.785,833.421,361.371,466.845,373.561,547.549
1923,870.577,568.315,307.549,832.345,361.933,465.880,372.563,546.320
1924,870.240,567.212,307.325,831.287,362.529,465.047,371.710,545.034
1925,869.984,566.028,306.937,830.215,363.124,464.226,370.585,543.904
1926,869.899,564.701,306.151,829.154,363.589,463.027,369.288,543.117
1927,869.596,563.582,305.721,828.097,364.107,461.928,367.990,542.412
1928,869.115,562.743,305.667,827.136,364.610,460.786,366.744,541.593
1929,868.637,561.922,305.220,826.102,365.022,459.475,365.659,540.484
1930,868.428,560.735,304.941,825.107,365.501,458.256,364.652,539.299
1931,868.548,559.320,305.064,824.256,365.947,456.971,363.479,538.416
1932,868.684,557.898,305.104,823.388,366.145,455.459,362.436,537.313
1933,869.341,556.546,304.882,822.449,366.483,454.025,361.865,535.923
1934,870.235,555.494,304.665,821.524,366.971,452.751,361.713,534.646
1935,871.195,554.629,304.629,820.670,367.447,451.445,361.569,533.368
1936,872.232,554.230,304.569,819.822,367.951,450.166,361.315,532.024
1937,873.250,553.848,304.207,818.902,368.265,448.687,360.561,530.672
1938,874.088,552.820,304.119,818.069,368.504,447.166,359.982,529.261
1939,874.945,551.866,304.258,817.345,368.408,445.637,359.519,527.838
1940,875.741,550.812,304.661,816.784,368.007,444.267,359.140,526.416
1941,876.615,549.987,305.534,816.636,367.672,442.876,358.791,524.993
1942,877.538,549.440,306.357,816.450,367.653,441.366,358.289,523.556
1943,878.468,549.239,307.227,816.330,367.770,439.845,357.530,522.225
1944,879.372,549.237,308.035,816.158,367.638,438.397,356.776,520.898
1945,880.258,549.231,309.199,816.529,367.414,437.011,355.991,519.610
1946,881.119,548.739,310.336,816.841,367.612,435.511,354.883,519.053
1947,881.967,548.778,311.533,817.322,368.000,434.039,353.822,518.369
1948,882.793,548.868,312.608,817.524,368.272,432.551,352.729,518.069
1949,883.604,548.376,313.679,817.730,368.676,431.086,351.655,517.977
1950,884.417,548.201,314.533,817.654,368.790,429.629,350.601,517.865
1951,885.198,548.264,315.092,817.321,368.989,428.167,349.597,517.321
1952,885.952,547.693,315.804,817.131,368.897,426.813,348.646,516.613
1953,886.712,547.678,316.236,816.732,368.806,425.476,347.882,515.496
1954,887.364,548.165,316.545,816.270,368.591,424.231,347.044,514.557
1955,887.927,548.863,317.155,816.033,368.610,422.879,346.391,513.331
1956,888.519,549.448,318.149,816.224,368.175,421.854,345.854,511.999
1957,888.935,550.387,319.326,816.820,367.888,420.727,345.143,510.902
1958,889.101,551.631,320.516,817.703,367.434,419.772,344.391,509.915
1959,889.403,552.708,321.691,818.655,366.605,419.342,343.629,508.987
1960,889.504,553.989,322.852,819.653,365.921,418.717,342.912,508.001
1961,889.231,555.445,324.064,820.329,365.382,417.937,342.569,506.588
1962,888.846,556.903,325.277,821.167,364.941,417.072,342.025,505.368
1963,888.551,558.358,326.484,822.050,364.406,416.341,341.287,504.529
1964,888.591,559.674,327.710,822.725,364.154,415.344,340.507,503.873
1965,888.786,560.842,328.883,823.168,363.888,414.380,339.702,503.406
1966,889.123,561.809,330.065,823.632,363.225,413.903,338.896,503.059
1967,889.373,562.883,330.862,823.540,362.545,413.482,338.100,502.760
1968,889.708,563.818,331.980,823.873,361.988,412.910,337.339,502.329
1969,890.175,564.475,332.719,823.741,361.603,412.152,336.563,502.180
1970,890.591,565.216,333.426,823.593,361.080,411.584,335.828,502.527
1971,890.710,566.382,334.453,823.804,360.285,411.506,335.093,502.761
1972,891.022,567.276,335.472,824.008,359.972,410.736,334.375,503.014
1973,890.960,568.579,336.516,824.254,359.995,409.697,333.698,503.437
1974,890.915,569.862,337.409,824.313,359.769,408.878,333.057,503.967
1975,890.906,571.111,338.259,824.332,359.486,408.134,332.420,504.446
1976,890.597,572.518,339.141,824.393,359.842,406.967,331.740,504.439
1977,890.859,573.442,339.852,824.296,360.266,405.788,331.127,504.901
1978,891.228,574.157,340.468,824.133,360.845,404.584,330.662,505.779
1979,891.512,575.009,340.638,823.707,361.758,403.415,330.337,506.886
1980,891.709,575.978,340.119,823.080,362.784,402.305,329.895,507.760
1981,891.494,577.318,340.214,822.638,363.907,401.277,329.456,508.612
1982,891.213,578.685,340.487,822.292,364.986,400.210,329.244,509.811
1983,890.862,580.075,340.767,821.959,365.729,399.021,329.187,511.145
1984,890.283,581.484,341.210,821.734,366.664,397.878,328.911,512.231
1985,889.801,582.895,341.341,821.345,367.789,396.857,328.552,513.157
1986,889.428,584.287,341.450,820.954,368.732,395.724,328.147,513.965
1987,889.038,585.681,341.608,820.595,369.479,394.557,327.766,514.796
1988,888.563,587.087,341.963,820.352,370.139,393.399,327.647,516.007
1989,888.251,588.455,342.633,820.345,370.699,392.262,328.052,517.471
1990,887.717,589.860,343.579,820.632,371.484,391.121,328.542,518.925
1991,887.094,591.254,344.459,820.840,372.543,390.066,329.293,520.259
1992,886.313,592.587,345.406,821.132,373.639,389.038,330.256,521.338
1993,885.509,593.904,346.149,821.202,374.632,387.958,331.304,522.210
1994,884.761,595.250,346.547,821.016,375.483,386.847,332.396,522.888
1995,883.845,596.462,346.861,820.788,376.560,385.818,333.515,523.278
1996,883.042,597.768,346.628,821.276,377.754,384.882,334.620,523.356
1997,882.252,599.079,346.400,821.754,378.733,383.817,335.694,523.803
1998,881.398,600.336,346.176,822.222,379.826,382.808,336.716,524.465
1999,880.474,601.512,345.957,822.682,381.189,382.235,337.694,525.242
2000,879.411,602.413,345.742,823.132,382.490,381.460,338.728,525.393
2001,878.342,603.264,345.531,823.573,383.453,380.401,339.705,526.045
2002,877.373,604.323,345.325,824.005,384.435,379.354,340.644,526.798
2003,876.278,604.946,345.123,824.429,385.409,378.311,341.609,526.730
2004,875.188,605.487,344.924,824.844,386.328,377.260,342.556,526.681
2005,874.113,605.702,344.730,825.250,386.461,377.403,343.476,526.575
2006,873.055,606.194,344.540,825.649,386.592,377.544,344.364,526.383
2007,872.012,606.691,344.353,826.040,386.720,377.682,345.187,527.257
2008,870.983,607.159,344.171,826.423,386.845,377.817,346.026,528.051
2009,870.032,607.023,343.992,826.798,386.968,377.950,346.693,529.225
2010,869.271,606.395,343.816,827.166,387.088,378.080,347.323,530.452
2011,868.723,605.435,343.644,827.526,387.206,378.207,347.920,531.720
2012,868.232,604.420,343.475,827.879,387.321,378.332,348.543,532.958
2013,867.746,603.421,343.310,828.225,387.434,378.454,349.047,534.321
2014,867.160,602.593,343.148,828.564,387.545,378.574,349.393,535.777
2015,866.709,601.590,342.990,828.897,387.654,378.691,349.896,537.148
2016,866.082,600.891,342.834,829.223,387.761,378.806,350.310,538.579
2017,865.407,600.329,342.682,829.542,387.865,378.919,350.677,540.032
2018,864.861,599.545,342.532,829.855,387.967,379.030,351.288,541.321
2019,864.064,599.451,342.386,830.161,388.068,379.138,352.100,542.237
2020,863.238,599.626,342.243,830.462,388.166,379.244,352.870,543.264
2021,862.414,600.125,342.102,830.756,388.262,379.348,353.704,544.065
2022,861.611,600.780,341.964,831.045,388.357,379.450,354.527,544.889
2023,860.812,601.095,341.829,831.327,388.449,379.550,355.187,546.108
2024,860.025,601.677,341.697,831.605,388.540,379.648,355.862,547.307
2025,859.249,601.992,341.567,831.876,388.629,379.744,356.701,548.005
2026,858.492,602.232,341.440,832.142,388.716,379.838,357.506,548.874
2027,857.737,602.765,341.316,832.403,388.801,379.930,358.341,549.299
2028,856.992,603.183,339.787,832.235,388.885,380.020,359.165,549.730
2029,856.372,602.940,338.265,832.118,388.967,380.108,359.983,550.241
2030,855.803,602.587,336.793,832.191,389.047,380.195,360.783,550.607
2031,855.112,602.782,335.399,832.409,389.126,380.280,361.573,550.968
2032,854.456,602.837,334.023,832.629,389.203,380.363,362.319,551.104
2033,853.771,603.240,332.543,832.546,389.278,380.445,362.752,550.462
2034,853.177,603.128,331.054,832.304,389.352,380.525,363.390,550.297
2035,852.520,603.432,329.695,832.480,389.425,380.603,364.037,550.202
2036,851.907,603.506,328.335,832.624,389.496,380.680,364.593,549.892
2037,851.454,603.084,326.880,832.472,389.566,380.755,365.115,549.536
2038,850.895,603.018,325.435,832.029,389.634,380.829,365.471,548.886
2039,850.317,603.083,324.000,831.903,389.701,380.901,365.240,547.643
2040,849.703,603.637,322.710,832.083,389.767,380.972,364.994,546.388
2041,849.097,604.108,321.402,832.203,389.831,381.042,364.767,545.138
2042,848.513,604.877,319.973,831.954,389.894,381.110,364.771,544.055
2043,847.971,605.847,318.555,831.722,389.956,381.176,364.842,543.039
2044,847.499,607.010,317.131,831.321,390.016,381.242,365.012,542.144
2045,847.016,608.153,315.753,831.188,390.075,381.306,364.917,540.981
2046,846.748,609.599,314.366,830.991,390.134,381.369,364.817,539.811
2047,846.604,611.125,313.136,831.117,390.191,381.430,364.769,538.682
2048,846.756,612.686,311.958,831.294,390.246,381.490,364.811,537.638
2049,846.828,614.249,310.641,831.197,390.301,381.549,364.831,536.573
2050,846.648,615.768,309.267,830.865,390.355,381.607,364.932,535.598
2051,846.458,617.286,307.895,830.499,390.407,381.664,364.831,534.420
2052,846.395,618.839,306.527,829.956,390.459,381.720,364.522,533.102
2053,846.639,620.343,305.248,829.861,390.509,381.774,364.331,531.841
2054,847.164,621.661,303.894,829.481,390.559,381.827,363.690,530.450
2055,847.856,622.786,302.566,828.808,390.607,381.880,363.327,529.081
2056,848.243,624.165,301.278,828.040,390.655,381.931,362.840,527.676
2057,848.579,625.559,299.963,827.334,390.701,381.981,362.349,526.262
2058,849.042,626.841,298.642,826.650,390.747,382.031,361.860,524.842
2059,849.157,628.315,297.363,825.869,390.791,382.079,361.331,523.414
2060,849.129,629.819,296.096,825.067,390.835,382.126,360.666,522.009
2061,849.053,631.325,294.777,824.739,390.878,382.172,359.966,520.619
2062,849.110,632.793,293.502,823.953,390.920,382.218,359.090,519.366
2063,849.000,634.291,292.304,823.053,390.961,382.262,357.997,518.516
2064,848.705,635.777,291.011,822.311,391.002,382.306,356.900,517.744
2065,848.453,637.268,289.684,821.739,391.041,382.349,355.850,516.895
2066,848.557,638.688,288.366,821.298,391.080,382.391,354.923,515.821
2067,848.322,640.174,287.071,820.949,391.118,382.432,353.863,515.139
2068,847.960,641.640,285.841,820.769,391.155,382.472,352.788,514.634
2069,847.480,643.063,284.664,820.676,391.192,382.511,351.918,513.569
2070,846.779,644.290,283.531,820.640,391.228,382.550,350.959,512.752
2071,846.094,645.541,282.726,821.004,391.263,382.588,350.048,511.859
2072,845.475,646.867,281.946,821.369,391.297,382.625,349.105,511.117
2073,844.767,648.090,281.205,821.753,391.331,382.661,348.569,509.748
2074,844.061,649.315,280.395,822.046,391.364,382.697,347.922,508.498
2075,843.332,650.508,279.295,821.930,391.396,382.732,347.271,507.272
2076,842.644,651.760,278.092,821.551,391.428,382.766,346.409,506.475
2077,841.801,652.640,276.885,821.126,391.459,382.800,345.499,505.920
2078,840.981,653.603,275.832,821.037,391.489,382.833,344.598,505.421
2079,840.287,654.844,274.741,820.856,391.519,382.865,343.851,504.480
2080,839.669,656.175,273.851,820.963,391.549,382.896,343.141,503.498
2081,838.976,657.422,273.125,821.236,391.577,382.927,342.563,502.326
2082,838.290,658.681,272.069,821.050,391.605,382.958,341.797,501.559
2083,837.428,659.287,270.922,820.626,391.633,382.987,341.157,500.544
2084,836.574,659.910,269.763,819.715,391.660,383.017,340.468,499.663
2085,835.744,660.317,268.577,819.023,391.686,383.045,nan,nan
2086,834.907,661.024,267.477,818.689,391.712,383.073,nan,nan
2087,834.143,662.100,266.509,818.588,391.738,383.100,nan,nan
2088,833.409,663.249,266.057,819.038,391.762,383.127,nan,nan
2089,832.623,664.257,265.511,819.393,391.787,383.154,338.655,493.265
2090,831.845,665.290,265.138,819.873,391.811,383.179,338.216,492.098
2091,831.447,666.764,264.151,819.653,391.834,383.205,337.959,490.759
2092,830.816,668.083,263.025,819.026,392.028,382.104,337.625,489.506
2093,830.178,669.398,261.920,818.480,392.648,380.937,337.272,488.290
2094,829.748,670.861,260.847,818.015,393.451,379.794,336.808,487.245
2095,829.374,672.340,259.770,817.520,394.003,378.653,336.470,486.050
2096,829.073,673.828,258.790,817.240,394.829,377.534,336.398,484.646
2097,828.994,675.291,257.759,816.830,395.840,376.482,336.322,483.253
2098,828.994,676.720,256.655,815.954,396.902,375.463,336.315,481.832
2099,828.938,678.156,255.558,815.261,397.730,374.369,336.716,480.377
2100,828.670,679.619,254.546,814.858,397.787,374.439,337.374,479.075
2101,828.324,681.077,253.508,814.366,397.843,374.507,337.536,477.609
2102,827.863,682.515,252.421,813.610,397.897,374.574,337.590,476.179
2103,827.626,683.959,251.383,813.084,397.951,374.640,338.199,474.826
2104,827.482,685.376,250.341,812.522,398.003,374.704,338.637,473.385
2105,827.237,686.805,249.430,812.264,398.054,374.767,339.274,472.055
2106,827.273,688.133,248.367,811.531,398.105,374.829,339.965,470.776
2107,827.123,689.521,247.456,811.247,398.154,374.889,340.764,469.640
2108,826.656,690.932,246.460,810.746,398.202,374.948,341.492,468.411
2109,826.211,692.341,245.563,810.457,398.249,375.007,342.191,467.150
2110,825.383,693.563,244.532,809.772,398.296,375.064,342.967,465.993
2111,824.877,694.961,243.493,808.841,398.341,375.119,343.735,464.830
2112,824.278,696.334,242.452,807.998,398.386,375.174,344.639,463.975
2113,823.756,697.724,241.466,806.877,398.429,375.228,345.565,463.243
2114,823.186,699.101,240.498,805.720,398.472,375.280,346.349,462.137
2115,822.419,700.389,239.675,804.392,398.514,375.332,346.943,460.797
2116,821.870,701.766,238.754,803.164,398.555,375.382,347.658,459.582
2117,821.844,703.041,238.016,801.788,398.595,375.432,348.552,458.780
2118,821.344,704.414,237.085,800.577,398.635,375.480,349.463,458.119
2119,820.729,705.766,236.179,799.336,398.674,375.528,350.325,457.257
2120,819.995,707.073,235.244,798.133,398.711,375.574,351.085,456.143
2121,819.566,708.433,234.264,797.006,398.749,375.620,351.880,455.105
2122,818.959,709.777,233.667,795.593,398.785,375.664,352.313,453.671
2123,818.336,711.116,232.993,794.208,398.821,375.708,352.759,452.241
2124,817.949,712.455,232.450,792.798,398.856,375.751,352.964,450.773
2125,817.875,713.686,231.604,791.514,398.890,375.793,353.150,449.313
2126,817.406,715.017,230.976,790.130,398.923,375.834,353.255,447.876
2127,816.926,716.342,230.579,788.730,398.956,375.875,353.242,446.494
2128,816.438,717.661,230.439,787.379,398.988,375.914,353.257,445.110
2129,816.117,718.946,230.223,786.024,399.020,375.953,353.154,443.804
2130,815.801,720.220,230.069,784.698,399.051,375.991,353.217,442.426
2131,815.872,721.302,230.041,783.426,399.081,376.029,353.220,442.427
2132,815.841,722.431,230.545,782.466,399.111,376.065,353.223,442.428
2133,815.541,723.666,230.782,781.355,399.140,376.101,353.226,442.429
2134,814.645,724.866,231.197,780.379,399.169,376.136,353.229,442.430
2135,813.522,725.813,231.489,779.344,399.197,376.170,353.232,442.432
2136,812.485,726.894,231.915,778.423,399.224,376.204,353.235,442.433
2137,811.394,727.898,232.462,777.621,399.251,376.237,353.238,442.434
2138,810.245,728.768,232.593,776.556,399.277,376.269,353.241,442.435
2139,809.068,729.494,232.752,775.525,399.303,376.301,353.243,442.436
2140,807.910,730.297,233.018,774.578,399.328,376.332,353.246,442.437
2141,806.734,730.893,233.796,774.106,399.353,376.363,353.249,442.438
2142,805.567,731.522,234.836,774.038,399.378,376.392,353.251,442.439
2143,804.488,732.514,235.682,773.701,399.401,376.422,353.254,442.440
2144,803.368,733.402,236.458,773.301,399.425,376.450,353.256,442.441
2145,802.293,734.396,236.967,772.648,399.448,376.478,353.259,442.442
2146,801.380,735.586,237.940,772.587,399.470,376.506,353.261,442.443
2147,800.300,736.573,239.018,772.764,399.492,376.533,353.263,442.444
2148,799.153,737.326,239.843,772.522,399.513,376.559,353.266,442.445
2149,798.003,738.001,240.276,771.879,399.535,376.585,353.268,442.445
2150,796.875,738.817,240.719,771.266,399.555,376.611,353.270,442.446
2151,795.873,739.918,241.472,771.001,399.575,376.636,353.272,442.447
2152,794.732,740.627,242.421,771.062,399.595,376.660,353.274,442.448
2153,793.595,741.320,243.454,771.324,399.615,376.684,353.276,442.449
2154,792.521,742.293,244.397,771.411,399.634,376.707,353.278,442.450
2155,791.471,743.316,245.509,772.055,399.652,376.730,353.280,442.450
2156,790.388,744.267,246.584,772.504,399.671,376.753,353.282,442.451
2157,789.441,745.429,247.662,772.983,399.689,376.775,353.284,442.452
2158,789.077,746.732,248.620,773.157,399.706,376.796,353.286,442.453
2159,788.858,747.989,249.604,773.404,399.724,376.817,353.288,442.453
2160,788.362,749.286,249.990,772.881,399.740,376.838,353.289,442.454
2161,788.112,750.528,250.532,772.525,399.757,376.859,353.291,442.455
2162,788.043,751.689,250.992,772.104,399.773,376.878,353.293,442.455
2163,787.895,752.868,251.528,771.778,400.817,377.073,353.294,442.456
2164,787.943,753.939,251.743,771.182,401.867,377.234,353.296,442.457
2165,788.390,754.700,251.716,770.438,402.744,377.600,353.298,442.457
2166,788.376,755.768,251.455,769.587,403.826,377.660,353.299,442.458
2167,788.195,756.899,251.215,768.752,404.900,377.712,353.301,442.458
2168,788.116,757.970,251.027,767.951,406.147,376.935,353.302,442.459
2169,788.239,758.911,251.158,767.352,407.310,375.987,353.304,442.460
2170,788.027,760.012,250.855,766.517,408.425,374.984,353.305,442.460
2171,787.771,761.117,250.767,765.796,409.183,373.820,353.307,442.461
2172,787.016,762.289,250.684,765.089,410.163,372.736,353.308,442.461
2173,786.121,763.429,250.726,764.470,411.053,371.624,353.309,442.462
2174,785.286,764.581,250.723,763.833,411.996,370.541,353.311,442.462
2175,784.514,765.739,250.219,762.963,412.998,369.492,353.312,442.463
2176,783.518,766.829,250.092,762.264,414.107,368.514,353.313,442.463
2177,782.501,767.906,249.454,761.368,415.410,367.787,353.314,442.464
2178,781.812,769.058,248.508,760.446,416.755,367.249,353.316,442.464
2179,781.128,770.202,247.172,759.669,418.096,366.837,353.317,442.465
2180,780.509,771.338,246.015,758.780,419.381,366.065,353.318,442.465
2181,780.268,772.371,244.954,757.857,420.689,365.340,353.319,442.466
2182,779.912,773.433,243.752,756.979,422.013,364.650,353.320,442.466
2183,780.026,774.253,243.009,756.034,423.351,364.000,353.321,442.467
2184,780.509,774.749,242.161,755.080,424.714,363.480,353.323,442.467
2185,780.385,775.677,241.919,754.300,426.080,363.041,353.324,442.467
2186,779.842,776.741,241.379,753.403,427.368,362.911,353.325,442.468
2187,778.981,777.811,240.532,752.452,428.735,362.429,353.326,442.468
2188,778.415,778.866,239.902,751.530,430.053,361.712,353.327,442.469
2189,777.708,779.930,239.295,750.614,431.341,360.941,353.328,442.469
2190,776.769,780.972,238.660,749.693,432.602,360.135,353.329,442.469
2191,775.976,782.027,238.101,748.793,433.630,359.163,353.765,441.044
2192,774.674,782.827,237.413,747.862,434.337,358.118,354.042,439.622
2193,773.648,783.837,236.663,746.918,434.523,357.113,354.282,438.214
2194,772.369,784.666,235.549,745.990,434.527,356.169,354.431,436.841
2195,771.140,785.549,234.570,745.031,434.517,355.246,354.129,435.777
2196,770.029,786.518,233.333,744.146,434.055,354.521,353.828,434.736
2197,769.493,787.544,232.039,743.297,433.547,353.838,353.102,434.328
2198,769.072,788.533,230.591,742.653,433.443,352.998,352.712,433.429
2199,768.149,789.552,229.148,742.010,432.960,352.340,352.146,432.797
2200,767.532,790.569,227.756,741.275,432.427,351.727,351.713,432.002
2201,766.487,791.547,226.529,740.362,431.881,351.141,351.322,431.178
2202,765.648,792.563,225.595,739.339,430.800,351.011,351.050,430.240
2203,764.690,793.558,224.560,738.331,429.544,351.167,350.922,429.184
2204,763.973,794.565,223.395,737.369,428.200,351.684,350.689,428.245
2205,763.017,795.551,222.247,736.395,426.929,351.918,350.628,427.169
2206,761.779,796.406,221.472,735.349,425.599,352.501,350.261,426.426
2207,760.386,797.041,220.483,734.313,424.390,353.407,350.019,425.556
2208,758.968,797.583,219.501,733.272,423.208,354.343,349.613,424.909
2209,757.541,797.919,218.859,732.233,421.891,354.971,349.085,424.477
2210,756.137,798.146,218.043,731.174,420.627,355.268,348.365,424.499
2211,754.792,798.191,217.092,730.120,419.743,355.022,347.694,424.426
2212,753.462,798.237,216.249,729.053,418.928,354.729,347.209,423.996
2213,752.358,797.885,215.641,728.013,418.441,354.200,346.605,423.826
2214,751.253,797.568,214.979,726.960,417.782,353.811,345.948,423.823
2215,750.346,797.029,213.984,725.906,417.041,353.508,345.474,423.446
2216,749.877,796.128,213.021,724.841,416.096,353.429,344.882,423.342
2217,749.806,795.021,211.873,723.840,415.352,353.164,344.506,422.846
2218,749.722,793.938,210.678,722.867,414.818,352.745,343.997,422.611
2219,749.868,792.781,209.383,721.997,414.600,352.147,343.505,422.369
2220,750.190,791.591,208.215,721.000,414.372,351.568,343.007,422.161
2221,750.011,790.606,206.971,720.072,413.868,351.173,342.645,421.727
2222,749.750,789.686,205.797,719.076,413.399,350.769,342.257,421.359
2223,749.871,788.598,204.996,717.949,413.201,350.214,341.817,421.106
2224,749.609,787.716,204.321,716.827,412.856,349.757,341.526,420.618
2225,749.364,786.843,203.467,715.698,412.311,349.451,341.421,419.901
2226,749.794,785.711,202.736,714.566,411.862,349.089,341.196,419.352
2227,750.245,784.584,201.865,713.434,411.894,348.475,340.929,418.881
2228,750.912,783.445,200.991,712.299,411.674,347.994,340.565,418.584
2229,751.064,782.417,200.573,711.232,411.440,347.534,340.211,418.290
2230,751.060,781.471,199.783,710.089,411.508,346.939,339.938,417.876
2231,750.803,780.689,199.435,709.052,411.327,346.473,339.561,417.662
2232,750.821,779.763,199.445,708.249,410.752,346.280,339.067,417.727
2233,751.052,778.758,199.018,707.187,410.528,345.859,338.547,417.894
2234,751.288,777.760,198.823,706.249,410.104,345.577,337.935,418.562
2235,751.246,776.904,198.127,705.118,409.399,345.540,337.328,419.269
2236,751.209,776.059,197.569,704.014,408.746,345.466,336.776,419.632
2237,751.044,775.306,197.032,702.916,408.333,345.207,336.341,419.644
2238,751.013,774.486,196.327,701.781,407.803,345.049,335.813,419.974
2239,751.734,773.437,196.146,700.856,407.077,345.086,335.298,420.283
2240,752.504,772.390,195.903,699.897,406.257,345.242,334.792,420.588
2241,753.485,771.373,195.542,698.877,405.431,345.418,334.316,420.811
2242,754.539,770.378,195.513,698.084,404.696,345.500,333.809,421.188
2243,755.339,769.328,195.504,697.316,404.076,345.474,333.282,421.723
2244,756.054,768.279,195.344,696.437,403.774,345.200,332.783,422.125
2245,756.117,767.433,195.526,695.879,403.485,344.927,332.417,422.110
2246,756.001,766.709,195.897,695.584,403.054,344.768,332.331,421.589
2247,755.670,766.165,196.362,695.458,402.114,345.201,332.106,421.302
2248,755.695,765.379,196.993,695.716,401.158,345.680,332.296,420.481
2249,755.792,764.564,197.694,696.245,400.124,346.377,332.670,419.516
2250,755.704,763.874,198.372,696.694,399.064,347.263,333.464,418.371
2251,755.370,763.391,199.030,697.087,398.009,348.247,334.483,417.229
2252,754.879,763.079,199.568,697.180,396.978,349.339,335.455,416.085
2253,754.553,762.620,200.099,697.274,396.221,350.771,336.785,415.129
2254,754.055,762.349,200.698,697.553,396.192,352.256,338.152,414.235
2255,753.470,762.196,201.376,698.128,396.937,353.374,339.593,413.508
2256,752.741,762.262,201.993,698.489,397.209,354.717,340.741,412.427
2257,751.957,762.434,202.577,698.771,396.958,356.171,341.991,411.425
2258,751.038,762.924,203.134,698.998,396.851,357.587,343.229,410.418
2259,750.484,762.783,203.644,699.132,397.073,358.883,344.276,409.305
2260,749.755,762.903,204.321,699.836,397.533,360.041,345.108,408.168
2261,749.038,763.015,205.002,700.885,398.143,361.079,345.766,407.063
2262,748.127,763.553,205.692,701.689,398.659,362.149,346.867,405.985
2263,747.505,763.547,206.375,702.426,399.272,363.129,348.136,405.029
2264,746.720,763.812,207.069,703.308,399.528,364.287,349.321,404.006
2265,745.759,764.726,207.764,704.289,399.849,365.390,350.529,403.005
2266,744.822,765.833,208.418,705.510,399.873,366.600,351.813,402.084
2267,743.852,766.699,209.120,706.513,400.488,367.473,353.179,401.303
2268,742.978,767.959,209.828,707.378,401.048,368.360,354.595,400.710
2269,742.013,768.672,210.466,707.847,401.997,368.880,356.017,400.299
2270,741.068,769.293,211.174,708.806,403.008,369.301,357.399,400.166
2271,740.178,769.749,211.613,710.342,404.063,369.642,358.759,400.053
2272,739.591,769.707,211.955,711.926,405.157,369.903,359.966,400.336
2273,739.176,769.484,212.238,713.522,406.470,369.716,361.263,400.314
2274,739.265,768.878,212.293,715.120,407.801,369.443,362.372,400.702
2275,739.010,768.529,212.382,716.708,409.141,369.112,363.586,400.808
2276,739.066,767.961,212.597,718.288,410.433,368.945,364.845,400.716
2277,739.033,767.461,212.946,719.843,411.781,368.403,366.076,400.663
2278,738.680,767.235,212.613,720.098,413.129,367.966,367.268,400.675
2279,738.150,767.213,212.287,720.347,414.377,367.889,368.284,401.031
2280,737.443,767.450,211.968,720.591,415.708,367.548,368.400,401.118
2281,736.868,767.504,211.655,720.831,416.884,367.585,368.514,401.204
2282,736.480,767.352,211.349,721.066,nan,nan,368.625,401.288
2283,736.116,767.185,211.048,721.296,nan,nan,368.734,401.370
2284,736.055,766.769,210.754,721.521,nan,nan,368.841,401.450
2285,735.918,766.419,210.465,721.742,nan,nan,368.946,401.529
2286,736.061,765.882,210.183,721.959,nan,nan,369.049,401.606
2287,736.187,765.363,209.906,722.171,nan,nan,369.150,401.682
2288,736.375,764.814,209.634,722.379,425.657,366.267,369.248,401.756
2289,736.639,764.228,209.368,722.583,426.900,366.116,369.345,401.828
2290,737.410,763.463,209.107,722.783,428.100,366.040,369.440,401.900
2291,737.732,762.852,208.851,722.978,429.152,366.170,369.533,401.969
2292,738.183,762.185,208.601,723.170,430.378,366.024,369.624,402.038
2293,738.457,761.605,208.355,723.358,431.524,366.011,369.713,402.105
2294,738.409,761.239,208.115,723.543,432.530,366.167,369.800,402.170
2295,738.231,760.989,207.879,723.723,433.588,366.252,369.886,402.235
2296,738.279,760.567,207.648,723.900,434.659,366.310,369.970,402.298
2297,738.091,760.341,206.680,724.554,434.583,366.154,370.052,402.360
2298,738.680,759.650,205.625,725.036,434.508,366.000,370.133,402.420
2299,739.645,758.883,204.664,725.620,434.435,365.850,370.212,402.480
2300,740.371,758.148,203.714,726.181,434.363,365.703,370.289,402.538
2301,741.347,757.373,202.773,726.717,434.292,365.559,370.365,402.595
2302,742.362,756.593,201.896,727.307,434.223,365.418,370.440,402.651
2303,743.545,755.824,201.102,727.971,434.156,365.280,370.512,402.705
2304,744.449,755.036,200.746,729.039,434.089,365.144,370.584,402.759
2305,745.196,754.271,199.974,729.667,434.024,365.011,370.654,402.812
2306,746.123,753.474,199.008,729.972,433.961,364.881,370.722,402.863
2307,746.687,752.757,197.881,729.864,433.898,364.753,370.790,402.914
2308,747.262,752.037,196.691,729.376,433.837,364.628,370.856,402.963
2309,747.733,751.359,195.584,729.233,433.777,364.505,370.920,403.012
2310,748.208,750.681,194.706,729.557,433.718,364.385,370.983,403.059
2311,748.524,750.083,193.905,729.969,433.661,364.267,371.045,403.106
2312,748.702,749.573,192.866,729.874,433.604,364.152,371.106,403.152
2313,748.716,749.187,191.800,729.638,433.549,364.039,371.166,403.196
2314,748.275,749.282,190.790,728.575,433.495,363.928,371.224,403.240
2315,747.996,749.185,189.685,727.868,433.442,363.819,371.281,403.283
2316,747.559,749.291,188.598,727.078,433.390,363.713,371.337,403.325
2317,747.000,749.586,187.522,726.262,433.339,363.608,371.392,403.367
2318,746.485,749.816,186.450,725.480,433.289,363.506,371.446,403.407
2319,746.247,749.701,185.392,724.656,433.240,363.406,371.499,403.447
2320,746.371,749.274,184.387,723.656,433.192,363.308,371.550,403.485
2321,746.221,749.084,183.333,723.052,433.145,363.212,371.601,403.524
2322,745.969,749.004,182.293,722.261,433.099,363.117,371.651,403.561
2323,745.785,748.859,181.426,721.056,433.054,363.025,371.699,403.597
2324,745.339,749.034,180.554,719.860,433.009,362.934,371.747,403.633
2325,745.143,748.915,179.757,718.590,432.966,362.846,371.794,403.668
2326,745.307,748.493,179.174,717.214,432.923,362.759,371.840,403.703
2327,745.447,748.092,179.041,715.874,432.882,362.673,371.885,403.736
2328,745.676,747.634,178.873,714.532,432.841,362.590,372.041,404.860
2329,746.350,746.955,178.956,713.311,432.801,362.508,371.981,406.089
2330,747.283,746.210,179.090,712.135,432.762,362.428,372.003,407.268
2331,748.518,745.465,179.524,711.215,432.723,362.349,371.890,408.502
2332,749.881,744.751,180.019,710.381,432.686,362.272,371.975,409.623
2333,750.702,743.999,180.578,709.643,432.649,362.197,372.404,410.454
2334,751.303,743.312,181.344,709.220,432.613,362.123,373.092,410.952
2335,752.106,742.558,182.265,709.131,432.577,362.050,373.651,411.591
2336,752.535,741.946,183.144,708.988,432.542,361.979,374.289,412.102
2337,753.023,741.305,183.907,708.656,432.508,361.909,374.743,412.813
2338,753.264,740.807,184.678,708.372,432.475,361.841,374.896,413.783
2339,753.820,740.136,185.504,708.227,432.442,361.774,375.326,414.480
2340,755.111,739.372,186.522,708.828,432.410,361.709,375.632,415.285
2341,756.363,738.589,187.526,709.354,432.379,361.644,375.654,416.308
2342,757.846,737.917,188.440,709.516,432.348,361.581,376.066,416.967
2343,759.186,737.147,189.433,710.113,432.318,361.520,376.241,417.845
2344,760.118,736.316,190.393,711.066,432.288,361.459,376.482,418.648
2345,760.692,735.578,191.376,711.870,432.259,361.400,376.543,419.594
2346,761.512,734.759,192.265,713.005,432.231,361.342,376.771,420.381
2347,762.341,733.935,193.088,714.236,432.203,361.285,377.231,420.886
2348,763.093,733.124,194.016,715.296,432.176,361.229,377.637,421.440
2349,763.924,732.291,194.831,716.542,432.149,361.175,377.996,422.032
2350,765.196,731.465,195.780,717.555,432.123,361.121,377.986,422.968
2351,766.324,730.599,196.533,718.860,432.097,361.069,377.854,423.983
2352,767.255,729.725,197.285,720.168,432.072,361.017,377.880,424.876
2353,768.439,728.856,198.053,721.464,432.048,360.967,377.935,425.735
2354,769.806,728.054,198.992,722.540,432.024,360.917,378.024,426.555
2355,771.307,727.375,199.860,723.738,432.000,360.869,378.129,427.350
2356,772.596,726.517,200.870,724.515,431.977,360.821,378.095,428.258
2357,773.495,725.595,201.874,725.123,431.954,360.775,377.726,429.376
2358,774.247,724.696,202.857,725.617,431.932,360.729,377.703,430.269
2359,775.131,723.767,203.619,725.523,431.910,360.685,377.830,431.013
2360,776.100,722.827,204.451,725.598,431.888,360.641,378.194,431.446
2361,777.420,721.967,205.134,725.415,431.867,360.598,378.827,431.329
2362,778.638,721.051,205.377,724.710,431.847,360.556,379.212,431.693
2363,779.751,720.099,205.628,724.029,431.827,360.515,379.606,432.023
2364,780.876,719.143,205.675,723.188,431.807,360.475,380.026,432.291
2365,781.524,718.218,205.505,722.214,431.788,360.435,380.227,432.862
2366,782.220,717.275,205.303,721.231,431.769,360.396,380.507,433.313
2367,782.963,716.318,205.208,720.319,431.750,360.358,380.405,434.179
2368,784.125,715.358,205.057,719.380,431.732,360.321,380.203,435.121
2369,785.288,714.392,204.255,718.243,431.714,360.285,379.866,436.156
2370,786.403,713.406,203.015,717.320,431.697,360.249,379.222,437.325
2371,787.655,712.470,201.858,716.309,431.680,360.214,378.536,438.513
2372,788.849,711.500,200.834,715.209,431.663,360.179,377.959,439.683
2373,789.713,710.473,199.955,714.060,431.646,360.146,377.595,440.768
2374,790.478,709.454,199.122,712.900,431.630,360.113,377.554,441.605
2375,790.901,708.555,198.531,711.749,431.614,360.080,377.671,442.258
2376,791.429,707.606,197.681,710.589,432.653,359.116,378.068,442.442
2377,791.589,706.880,196.919,709.418,434.020,358.507,378.320,442.876
2378,791.761,706.149,196.356,708.267,435.410,358.194,378.867,442.583
2379,791.982,705.387,195.800,707.117,436.808,357.821,379.356,442.472
2380,791.946,704.852,195.955,706.388,438.158,357.667,379.935,441.953
2381,791.940,704.296,195.979,705.555,439.397,357.725,380.530,441.237
2382,791.707,704.007,196.113,704.832,440.568,357.867,381.126,440.479
2383,791.349,703.912,196.209,704.085,441.590,358.163,381.717,439.857
2384,791.277,703.453,196.529,703.591,442.575,358.480,nan,nan
2385,791.504,702.729,196.758,703.007,443.612,358.735,nan,nan
2386,792.078,701.800,196.993,702.445,444.702,358.924,nan,nan
2387,792.152,701.208,197.435,702.170,445.399,359.423,nan,nan
2388,792.137,700.710,197.966,702.062,445.654,360.126,384.658,436.186
2389,792.376,699.991,198.073,701.408,445.483,360.936,385.271,435.363
2390,792.739,699.186,197.787,700.454,445.058,361.767,385.825,434.123
2391,793.400,698.230,197.481,699.493,444.877,362.554,386.361,432.813
2392,793.804,697.398,197.463,698.745,444.911,363.276,386.956,431.615
2393,794.448,696.445,197.401,697.968,444.928,363.989,387.603,430.640
2394,795.111,695.481,197.096,697.023,444.703,364.747,388.166,430.313
2395,795.614,694.585,196.977,696.211,444.848,365.392,388.617,430.253
2396,796.571,693.554,196.358,695.132,445.476,365.788,388.736,430.704
2397,797.608,692.519,195.536,694.016,446.509,365.840,389.190,430.605
2398,798.564,691.474,194.490,692.922,447.771,365.558,389.617,430.549
2399,799.382,690.437,193.290,691.907,448.879,365.524,389.994,430.579
2400,800.366,689.380,192.213,690.816,449.788,365.691,390.610,429.900
2401,801.059,688.361,191.262,689.683,450.720,365.828,391.155,429.519
2402,801.683,687.362,190.269,688.555,451.822,365.788,391.661,429.242
2403,802.412,686.325,189.173,687.465,453.005,365.643,392.266,428.623
2404,803.238,685.261,188.363,686.302,454.222,365.449,392.826,428.181
2405,803.842,684.256,187.267,685.208,455.524,365.099,393.394,427.708
2406,804.471,683.237,186.000,684.277,456.872,364.616,394.028,426.928
2407,805.042,682.239,184.623,683.663,458.232,364.098,394.663,426.176
2408,805.650,681.222,183.247,683.252,459.589,363.400,395.316,425.285
2409,806.616,680.131,181.905,683.043,460.904,362.587,395.979,424.297
2410,807.484,679.036,180.578,682.783,462.221,361.780,396.546,423.881
2411,808.209,677.960,179.286,682.628,463.564,361.025,397.216,422.814
2412,808.833,676.912,178.119,682.842,464.943,360.675,397.901,421.834
2413,808.900,676.245,177.076,683.284,466.346,360.118,398.594,420.927
2414,808.863,675.698,175.858,683.171,467.606,359.253,399.161,420.561
2415,809.051,674.928,174.807,683.496,468.993,358.598,399.825,419.901
2416,809.331,674.085,173.846,683.956,470.267,357.768,400.500,419.207
2417,809.074,673.868,172.711,683.926,471.382,356.821,401.191,418.464
2418,808.862,673.591,171.630,684.002,472.319,355.801,401.895,417.269
2419,808.602,673.405,170.528,683.944,473.012,354.725,402.632,416.228
2420,808.220,673.472,169.397,683.664,473.905,353.726,403.272,414.818
2421,807.803,673.639,168.278,682.904,474.573,352.685,403.901,413.374
2422,807.351,673.919,167.158,682.258,475.664,351.816,404.578,411.977
2423,807.064,673.828,166.060,681.525,476.880,351.048,405.024,410.391
2424,806.605,674.163,165.198,680.304,477.774,350.122,405.538,408.838
2425,806.062,675.172,164.652,678.942,478.776,349.258,405.470,407.270
2426,805.515,676.174,164.303,677.590,479.985,348.536,405.245,405.779
2427,804.961,677.111,163.814,676.226,480.890,347.664,404.913,404.362
2428,804.433,678.284,163.179,674.881,481.703,346.779,404.365,403.097
2429,803.877,679.046,162.631,673.519,482.942,346.133,403.838,401.849
2430,803.422,679.352,162.224,672.158,484.327,345.657,403.250,400.674
2431,802.938,679.762,161.999,670.842,485.748,345.250,403.275,399.226
2432,802.472,680.122,161.636,669.491,487.165,344.848,403.464,397.764
2433,801.988,680.555,161.580,668.259,488.287,344.168,403.975,396.314
2434,801.628,680.662,161.444,666.991,489.183,343.394,404.278,394.872
2435,801.296,680.722,161.328,665.739,489.547,342.510,404.682,393.443
2436,800.897,680.945,161.190,664.482,489.275,341.660,405.281,392.047
2437,800.529,681.104,161.239,663.345,488.791,340.870,405.924,390.671
2438,800.151,681.296,161.347,662.266,488.145,340.145,406.137,389.307
2439,799.706,681.681,161.583,661.317,487.993,339.329,406.121,388.026
2440,799.370,681.798,161.685,660.257,487.524,338.587,406.134,386.758
2441,798.837,682.681,161.757,659.183,486.831,337.929,405.971,385.581
2442,798.304,683.522,162.103,658.402,485.851,337.421,405.342,384.714
2443,797.815,684.078,162.312,657.481,484.781,336.985,404.978,383.691
2444,797.374,684.468,162.569,656.629,483.707,336.568,404.162,383.043
2445,797.037,684.605,162.411,655.437,482.297,336.528,404.048,381.933
2446,796.625,684.931,162.238,654.240,480.911,336.461,404.127,380.769
2447,796.162,685.424,161.823,652.943,479.443,336.809,403.861,379.779
2448,795.640,686.204,161.477,651.669,477.988,337.207,403.655,378.779
2449,795.141,686.843,161.101,650.384,476.695,337.036,403.859,377.633
2450,794.668,687.370,160.672,649.083,475.231,337.385,404.119,376.490
2451,794.144,688.159,159.879,647.792,473.784,337.529,404.537,375.333
2452,793.783,688.374,158.889,646.636,472.320,337.833,404.628,374.276
2453,793.464,688.510,158.159,645.321,470.871,338.246,405.235,373.135
2454,793.537,688.072,157.304,644.060,469.450,338.350,406.169,372.055
2455,794.108,688.438,156.292,642.945,467.997,338.632,407.210,371.031
2456,794.667,688.796,155.337,641.772,466.548,338.895,408.359,370.086
2457,795.215,689.147,154.361,640.630,465.122,339.071,409.634,369.297
2458,795.752,689.491,153.494,639.385,463.770,339.092,410.834,368.407
2459,796.278,689.828,152.696,638.095,462.382,339.204,412.179,367.808
2460,796.794,690.159,152.088,636.735,461.115,339.129,413.213,366.804
2461,797.300,690.482,151.337,635.420,459.908,339.001,413.600,365.747
2462,797.795,690.800,150.905,634.050,458.602,339.020,414.161,364.687
2463,798.280,691.111,150.610,632.709,457.260,339.122,414.864,363.640
2464,798.756,691.416,149.870,631.387,455.841,339.534,415.384,362.610
2465,799.222,691.714,148.851,630.365,454.488,340.216,415.809,361.606
2466,799.679,692.007,147.747,629.654,453.112,340.845,416.216,360.619
2467,800.127,692.294,146.670,629.583,451.727,341.445,416.768,359.630
2468,800.566,692.575,145.790,630.088,450.322,341.945,417.244,358.663
2469,800.995,692.850,145.104,630.910,449.130,342.822,417.679,357.715
2470,801.417,693.120,144.279,631.440,447.835,343.591,417.947,356.813
2471,801.830,693.385,143.367,631.700,446.656,344.476,418.239,355.920
2472,802.235,693.644,142.381,631.605,445.264,345.015,418.266,355.119
2473,802.631,693.898,141.477,631.770,443.869,345.517,418.296,354.332
2474,803.020,694.148,140.682,632.186,442.529,346.209,418.144,353.634
2475,803.401,694.392,139.978,632.757,441.246,346.994,418.219,352.860
2476,803.774,694.631,139.139,632.956,440.167,347.956,418.803,351.994
2477,804.140,694.865,138.380,633.323,439.293,348.999,418.994,351.211
2478,804.498,695.095,137.791,633.999,438.581,350.072,418.940,350.525
2479,804.850,695.320,136.942,633.974,438.075,351.151,419.220,349.745
2480,805.194,695.541,136.306,634.499,437.370,352.204,419.595,348.957
2481,805.531,695.757,135.653,634.950,437.242,353.224,420.094,348.161
2482,805.862,695.969,134.792,634.520,437.357,354.165,420.449,347.401
2483,806.186,696.176,133.945,633.878,437.117,355.170,421.565,346.683
2484,806.504,696.380,133.115,633.166,436.554,356.183,422.865,346.070
2485,806.815,696.579,132.337,632.225,436.313,357.162,424.217,345.507
2486,806.041,697.607,131.583,631.237,435.883,358.150,425.693,345.116
2487,805.463,699.013,130.779,630.564,435.557,359.115,427.183,344.762
2488,804.720,700.179,129.983,629.938,435.181,360.074,428.581,344.262
2489,803.916,701.067,129.219,629.701,434.818,361.021,429.893,343.684
2490,803.145,701.559,128.490,629.593,434.617,361.929,431.279,343.183
2491,802.368,702.618,127.785,629.532,434.597,362.778,432.549,342.589
2492,801.595,703.142,127.067,629.340,434.635,363.593,433.280,341.843
2493,800.959,703.256,126.373,629.209,435.380,364.024,434.146,341.121
2494,800.443,703.150,125.684,629.042,436.304,364.288,435.053,340.417
2495,799.679,703.738,125.033,628.994,437.275,364.493,436.106,339.760
2496,798.959,704.152,124.491,629.262,438.084,364.832,437.618,339.512
2497,798.200,704.762,124.012,629.655,438.705,365.293,439.117,339.668
2498,797.625,704.825,123.605,630.170,439.044,365.899,440.631,339.754
2499,797.117,704.776,123.218,630.699,438.991,366.640,441.929,340.229
2500,796.460,705.077,123.111,631.625,439.015,367.345,443.170,340.749
2501,795.936,705.092,123.046,632.583,439.388,367.888,444.121,341.502
2502,795.189,705.846,123.008,633.559,440.204,368.124,445.487,341.821
2503,794.453,706.509,122.810,634.327,441.312,368.041,446.995,341.743
2504,793.740,707.066,122.587,635.044,442.387,367.998,448.500,341.553
2505,793.006,707.752,122.419,635.821,443.565,367.807,450.005,341.380
2506,792.324,708.208,122.545,636.903,444.850,367.388,451.510,341.207
2507,791.662,708.613,122.457,637.758,446.159,366.645,452.839,341.558
2508,790.978,709.109,122.592,638.829,447.472,365.894,454.314,341.618
2509,790.438,709.238,122.902,640.015,448.804,365.389,455.815,341.507
2510,789.741,709.825,123.449,641.296,450.143,364.876,457.280,341.190
2511,789.062,710.347,123.840,642.517,451.346,364.729,458.237,340.466
2512,788.337,711.129,124.657,643.802,452.231,364.926,459.492,339.905
2513,787.639,711.745,124.901,644.937,452.998,365.202,460.457,339.206
2514,786.908,712.625,125.327,646.166,454.076,365.202,461.759,338.706
2515,786.174,713.572,125.572,647.291,454.976,365.367,463.151,338.309
2516,785.699,713.618,125.701,648.321,456.163,365.227,464.663,338.243
2517,785.225,713.676,125.721,649.238,457.395,365.026,466.130,338.417
2518,784.801,713.661,125.588,649.965,458.734,364.601,467.635,338.440
2519,784.168,714.105,125.806,651.037,459.842,364.581,469.072,338.129
2520,783.651,714.280,126.301,652.259,461.032,364.467,470.438,337.726
2521,782.942,715.092,127.047,653.527,462.374,364.080,471.729,337.259
2522,782.224,716.025,127.943,654.774,463.643,363.869,472.894,336.713
2523,781.510,717.104,128.870,656.011,464.885,363.711,474.231,336.313
2524,780.797,718.217,129.699,657.271,466.189,363.462,475.632,335.999
2525,780.072,719.047,130.483,658.536,467.523,363.166,477.036,335.699
2526,779.340,720.054,131.210,659.801,468.624,363.201,478.442,335.413
2527,778.652,720.653,131.965,661.065,469.525,363.396,479.809,335.085
2528,777.935,721.383,132.984,662.250,470.515,363.523,481.246,334.869
2529,777.197,722.337,134.220,663.184,471.607,363.563,482.744,335.058
2530,776.524,722.878,135.194,664.390,472.843,363.453,484.221,335.313
2531,775.793,723.682,135.951,665.656,474.174,363.210,485.694,335.576
2532,775.119,724.992,137.078,666.733,475.054,363.423,487.114,335.947
2533,774.382,726.129,138.131,667.878,475.980,363.603,488.620,336.035
2534,773.691,727.431,139.180,669.023,477.109,363.625,489.854,336.625
2535,772.951,728.613,140.414,669.888,478.032,363.806,491.186,337.109
2536,772.196,729.754,141.680,670.617,478.976,363.973,492.510,337.595
2537,771.435,730.895,142.960,670.929,480.033,364.058,493.407,338.380
2538,770.722,732.199,144.223,671.268,480.427,364.464,494.363,339.121
2539,769.932,733.068,145.469,671.599,480.832,364.857,495.476,339.759
2540,769.151,734.193,146.585,671.403,481.633,365.089,496.943,339.976
2541,768.376,734.901,147.499,670.804,482.458,365.304,498.415,340.182
2542,767.600,735.607,148.304,670.065,483.185,365.565,499.911,340.281
2543,766.951,735.938,149.267,669.655,482.937,366.023,501.095,339.785
2544,766.176,736.651,150.169,669.169,482.335,366.449,502.568,339.684
2545,765.409,737.327,151.179,668.987,481.567,366.841,504.057,339.658
2546,764.681,737.868,152.250,669.086,480.907,367.252,505.552,339.702
2547,763.916,738.539,153.176,668.789,480.512,367.686,506.995,339.558
2548,763.235,738.962,154.249,669.101,479.843,368.088,508.462,339.494
2549,762.540,739.422,155.315,669.489,479.668,368.509,509.956,339.588
2550,761.738,740.409,156.372,670.152,479.511,368.922,511.443,339.796
2551,760.931,741.362,157.338,671.172,479.636,369.291,512.871,339.669
2552,760.121,742.407,158.105,672.454,479.649,369.671,514.329,339.631
2553,759.332,743.602,158.840,673.760,480.119,369.937,515.811,339.705
2554,758.523,744.396,159.819,674.743,480.734,370.143,517.296,339.818
2555,757.697,745.398,160.692,675.918,481.752,370.124,518.762,339.853
2556,757.038,746.846,161.487,677.176,483.171,369.538,520.155,339.733
2557,756.398,748.312,162.198,678.496,484.583,368.759,521.054,339.185
2558,755.749,749.772,163.050,679.699,485.978,367.930,522.393,339.019
2559,754.969,751.083,163.911,680.890,487.414,367.224,523.831,339.054
2560,754.095,751.958,164.733,682.125,488.801,366.395,524.896,338.650
2561,753.230,752.735,165.408,683.465,490.208,365.611,526.254,338.566
2562,752.362,753.519,166.179,684.747,491.672,365.165,527.397,338.255
2563,751.479,754.446,167.020,685.966,493.107,364.865,528.744,338.191
2564,750.594,755.475,167.728,687.288,494.563,364.534,530.120,338.193
2565,749.702,756.382,168.404,688.627,495.989,364.308,531.445,338.129
2566,748.845,757.578,168.934,690.005,497.314,364.253,532.438,337.758
2567,748.109,758.977,169.827,691.173,498.227,364.505,532.993,337.169
2568,747.375,760.381,170.677,692.392,499.159,364.748,533.615,336.624
2569,746.889,761.912,171.572,693.557,500.271,364.892,534.646,336.330
2570,746.515,763.451,172.583,694.491,501.584,364.880,535.364,335.858
2571,745.929,764.933,173.616,694.884,502.543,365.123,536.050,335.385
2572,745.759,766.439,174.618,695.173,503.789,365.190,536.542,334.843
2573,745.494,767.937,175.604,695.441,505.009,365.289,536.608,334.194
2574,745.332,769.406,176.541,695.577,505.752,365.626,537.072,333.668
2575,745.328,770.821,177.452,695.672,506.806,365.837,537.375,333.103
2576,745.410,772.185,178.329,695.712,507.806,366.080,537.127,332.451
2577,745.361,773.570,179.193,695.756,508.956,366.246,537.438,331.913
2578,745.059,774.986,179.875,695.441,509.802,366.556,537.816,331.409
2579,745.007,776.335,180.461,694.994,510.233,366.955,538.040,330.870
2580,745.332,777.502,180.796,694.246,510.615,367.353,538.030,330.293
2581,745.582,778.684,181.154,693.544,510.723,367.753,538.080,329.737
2582,745.494,779.982,181.284,692.629,510.716,368.139,537.721,329.149
2583,745.266,781.297,181.401,691.717,510.805,368.522,537.088,328.582
2584,745.287,782.521,181.448,690.759,511.163,368.894,536.281,328.053
2585,745.663,783.545,181.602,689.906,512.070,369.150,535.348,327.567
2586,746.128,784.484,181.270,688.736,512.318,369.519,533.975,327.334
2587,746.354,785.548,181.029,687.612,512.160,369.856,532.614,327.098
2588,746.159,786.764,181.113,686.721,512.224,370.208,531.684,326.631
2589,746.404,787.778,180.922,685.639,512.200,370.547,530.789,326.163
2590,746.379,788.901,180.246,684.402,512.367,370.889,530.206,325.645
2591,746.512,789.934,179.631,683.167,512.606,371.225,530.448,325.191
2592,746.682,790.927,179.301,682.012,513.099,371.540,530.703,324.752
2593,746.362,792.090,179.041,680.894,514.130,371.716,530.970,324.325
2594,746.389,793.120,178.846,679.818,515.273,371.844,530.975,323.855
2595,746.556,794.061,178.300,678.598,516.330,372.024,531.345,323.477
2596,746.602,795.045,177.843,677.401,516.941,372.331,531.738,323.114
2597,747.201,795.640,177.224,676.167,517.963,372.533,532.307,322.825
2598,747.876,796.140,176.675,674.942,519.163,372.657,532.737,322.493
2599,748.536,796.632,176.526,673.897,520.698,372.452,532.879,322.091
2600,748.825,797.404,175.791,672.655,522.175,372.374,533.398,321.810
2601,748.941,798.263,175.400,671.477,523.556,372.422,534.083,321.611
2602,749.091,799.087,174.760,670.235,524.907,372.513,534.506,321.311
2603,749.323,799.842,174.253,669.014,525.996,372.767,535.198,321.134
2604,749.799,800.399,173.546,667.764,527.281,372.931,535.480,320.805
2605,750.406,800.818,172.643,666.544,528.435,373.177,536.134,320.626
2606,751.258,800.936,171.794,665.304,529.763,373.337,536.687,320.410
2607,751.957,801.220,170.859,664.094,530.415,373.723,537.494,320.332
2608,752.131,801.931,170.080,662.833,531.122,374.104,537.726,320.016
2609,752.295,802.633,168.921,661.837,531.901,374.476,537.591,319.635
2610,753.185,802.607,167.738,660.900,533.109,374.730,537.019,319.248
2611,754.292,802.041,166.475,660.331,534.235,375.030,536.532,318.864
2612,755.378,801.542,165.240,660.119,535.593,375.219,536.481,318.513
2613,756.492,800.782,164.020,659.476,536.853,375.483,536.798,318.254
2614,757.588,799.873,162.814,658.841,537.474,375.901,536.853,317.936
2615,758.694,799.111,161.643,658.082,538.191,376.314,536.913,317.625
2616,759.780,798.517,160.518,657.202,538.916,376.728,536.721,317.282
2617,760.875,797.799,159.746,655.906,539.534,377.146,536.057,316.949
2618,761.872,797.461,158.779,654.759,540.812,377.427,534.990,316.718
2619,762.887,797.048,157.782,653.661,542.371,377.473,533.837,316.530
2620,763.606,797.152,156.693,652.775,543.447,377.864,532.574,316.410
2621,764.251,797.329,155.603,652.696,544.287,378.305,531.094,316.499
2622,765.028,797.314,154.702,653.123,545.217,378.738,529.596,317.197
2623,765.697,797.428,153.715,653.275,546.488,379.080,528.137,317.943
2624,766.300,797.605,152.727,653.359,547.760,379.434,526.595,318.485
2625,767.093,797.507,152.085,654.132,549.291,379.602,525.039,318.937
2626,767.831,797.475,151.848,655.324,550.891,379.670,523.533,319.539
2627,768.343,797.709,151.557,656.452,552.512,379.686,522.036,320.141
2628,768.810,797.976,151.063,657.344,554.073,379.864,520.548,320.748
2629,769.397,798.092,150.478,658.086,555.704,379.770,519.222,321.569
2630,770.192,797.896,149.739,658.534,557.323,379.639,517.722,322.105
2631,771.035,797.592,149.146,659.203,558.860,379.275,516.283,322.129
2632,771.785,797.440,148.448,659.658,560.194,378.632,514.779,322.298
2633,772.429,797.428,147.712,659.996,560.390,378.238,513.256,322.559
2634,773.209,797.191,147.285,660.814,560.582,377.851,511.738,322.819
2635,774.115,796.649,146.946,661.716,560.770,377.472,510.424,322.716
2636,775.049,795.984,146.781,662.775,560.954,377.101,509.073,322.662
2637,775.993,795.247,146.842,663.989,561.134,376.737,507.604,322.796
2638,776.946,794.352,146.816,665.133,561.311,376.380,506.101,323.253
2639,777.814,793.111,146.247,665.628,561.485,376.030,504.601,323.711
2640,778.739,792.006,145.694,666.125,561.655,375.688,503.156,324.314
2641,779.563,790.704,145.167,666.635,561.821,375.352,502.057,325.269
2642,780.225,789.266,144.684,667.193,561.984,375.023,500.879,326.153
2643,780.964,787.883,144.438,668.046,562.144,374.700,499.805,327.093
2644,781.680,786.486,144.243,668.937,562.301,374.384,498.616,327.940
2645,782.287,785.035,144.122,669.888,562.455,374.075,497.347,328.705
2646,783.155,783.797,144.120,670.929,562.605,373.771,495.942,329.295
2647,784.107,782.764,143.574,671.260,562.753,373.474,494.491,329.787
2648,785.074,781.899,143.212,671.873,562.897,373.182,493.025,329.920
2649,785.978,781.404,142.767,672.334,563.039,372.897,491.793,329.717
2650,786.798,781.108,142.119,672.336,563.178,372.617,490.795,329.358
2651,787.565,780.901,141.566,672.539,563.314,372.343,490.640,328.754
2652,788.456,780.366,140.945,672.548,563.447,372.074,490.509,328.160
2653,789.282,779.997,140.333,672.545,563.578,371.810,490.115,327.618
2654,790.138,779.524,139.716,672.492,563.706,371.552,489.148,327.293
2655,790.872,779.317,139.000,671.905,563.831,371.299,488.144,327.003
2656,791.627,779.049,138.303,671.415,563.954,371.051,487.657,326.512
2657,792.512,778.392,137.673,671.225,564.075,370.808,487.495,325.972
2658,793.414,777.578,136.996,670.302,565.031,370.064,487.034,325.498
2659,794.315,776.704,136.343,669.282,565.763,369.186,487.574,324.992
2660,795.185,776.050,135.671,668.401,566.854,368.621,488.303,324.539
2661,796.037,775.449,135.031,667.375,567.963,368.103,489.310,324.198
2662,796.912,774.707,134.554,666.011,568.335,367.101,490.400,323.910
2663,797.699,774.280,134.159,664.565,568.489,366.035,491.570,323.682
2664,798.474,773.862,133.686,663.199,568.752,365.032,492.859,323.558
2665,798.719,774.229,133.257,661.787,568.886,364.002,494.342,323.731
2666,798.786,774.746,132.749,660.472,568.932,363.912,495.708,323.706
2667,798.956,775.163,132.230,659.178,568.977,363.823,497.086,323.706
2668,799.394,775.272,131.586,658.217,569.020,363.737,497.901,323.332
2669,799.383,775.821,130.926,657.652,569.063,363.652,499.032,323.128
2670,799.551,776.207,130.271,657.038,569.106,363.569,500.173,322.940
2671,799.875,776.419,129.633,656.545,569.147,363.487,500.917,322.567
2672,800.208,776.609,129.046,656.315,569.187,363.408,501.649,322.200
2673,800.146,777.160,128.429,655.850,569.227,363.329,501.903,321.739
2674,800.787,776.870,127.881,654.707,569.266,363.253,501.793,321.274
2675,801.431,776.560,127.283,653.774,569.304,363.178,501.596,320.822
2676,801.902,776.530,126.670,653.113,569.341,363.104,501.658,320.375
2677,802.482,776.315,126.079,652.218,569.378,363.032,501.273,319.963
2678,803.110,775.996,125.545,651.100,569.413,362.961,500.652,319.608
2679,803.746,775.647,124.958,650.254,569.448,362.892,500.091,319.246
2680,804.094,775.744,124.372,649.450,569.483,362.824,499.429,318.921
2681,804.183,776.112,123.790,648.700,569.517,362.757,498.410,318.750
2682,803.764,775.732,123.248,648.407,569.550,362.692,497.656,318.470
2683,803.353,775.359,122.724,648.168,569.582,362.628,497.372,318.088
2684,802.950,774.993,122.234,648.031,569.614,362.566,497.388,317.694
2685,802.556,774.635,121.739,647.844,569.645,362.504,497.803,317.338
2686,802.169,774.284,121.256,647.671,569.675,362.444,497.846,316.960
2687,801.790,773.940,120.802,647.577,569.705,362.385,498.007,316.592
2688,801.418,773.603,120.461,647.785,569.734,362.327,498.113,316.230
2689,801.054,773.273,120.236,648.214,569.763,362.271,498.475,315.897
2690,800.698,772.949,119.888,648.366,569.791,362.215,498.309,315.553
2691,800.348,772.632,119.532,648.474,569.819,362.161,497.850,315.257
2692,800.006,772.321,119.357,648.947,569.846,362.107,497.056,315.064
2693,799.670,772.016,119.354,649.665,569.872,362.055,496.740,314.755
2694,799.341,771.717,119.662,650.691,569.898,362.004,496.734,314.429
2695,799.019,771.425,119.604,651.318,569.924,361.954,497.002,314.119
2696,798.703,771.138,119.371,651.639,569.948,361.905,496.944,313.806
2697,798.393,770.857,119.260,652.164,569.973,361.857,497.134,313.503
2698,798.090,770.581,119.091,652.579,569.997,361.809,496.894,313.216
2699,797.792,770.311,118.873,652.888,570.020,361.763,496.181,313.038
2700,797.501,770.047,118.955,653.645,570.043,361.718,494.931,313.174
2701,797.215,769.788,119.091,654.456,570.066,361.673,493.626,313.373
2702,796.935,769.533,119.319,655.355,570.088,361.630,492.169,313.856
2703,796.661,769.284,119.505,656.206,570.109,361.587,490.701,314.429
2704,796.392,769.040,119.581,656.928,570.131,361.545,489.237,315.000
2705,796.129,768.801,119.295,657.026,570.151,361.504,487.780,315.547
2706,795.871,768.567,119.249,657.567,570.172,361.464,486.324,316.133
2707,795.618,768.337,119.171,658.048,570.192,361.425,484.877,316.824
2708,795.370,768.112,119.413,658.918,570.211,361.386,483.435,317.343
2709,795.127,767.892,119.612,659.740,570.230,361.348,482.061,317.676
2710,794.889,767.676,119.928,660.666,570.249,361.311,480.621,318.259
2711,794.655,767.464,120.555,661.787,570.267,361.275,479.192,318.778
2712,794.426,767.256,120.839,662.680,570.285,361.240,477.775,319.257
2713,794.202,767.053,121.091,663.540,570.303,361.205,476.355,319.773
2714,793.983,766.853,121.581,664.580,570.320,361.170,474.995,320.118
2715,793.767,766.658,121.928,665.515,570.337,361.137,473.640,320.465
2716,793.557,766.467,122.365,666.514,570.354,361.104,472.476,320.563
2717,793.350,766.279,122.953,667.598,570.370,361.072,471.065,321.155
2718,793.147,766.095,123.274,668.504,570.386,361.041,469.666,321.687
2719,792.949,765.915,123.480,669.300,570.402,361.010,468.291,322.133
2720,792.754,765.738,123.898,670.272,570.417,360.979,466.920,322.586
2721,792.563,765.565,124.193,671.144,570.432,360.950,465.547,323.061
2722,792.377,765.395,124.803,672.221,570.447,360.921,464.157,323.663
2723,792.193,765.229,125.540,673.345,570.461,360.892,462.771,324.326
2724,792.014,765.066,126.015,674.347,570.475,360.864,461.390,324.907
2725,791.838,764.907,126.689,675.447,570.489,360.837,460.011,325.539
2726,791.666,764.750,127.672,676.597,570.503,360.810,458.671,326.366
2727,791.497,764.597,128.328,677.690,570.516,360.784,457.298,327.011
2728,791.331,764.447,128.777,678.676,570.529,360.758,455.935,327.723
2729,791.169,764.299,129.453,679.772,570.542,360.733,454.582,328.239
2730,791.010,764.155,129.930,680.771,570.555,360.708,453.295,329.146
2731,790.854,764.014,130.352,681.732,570.567,360.684,451.936,329.790
2732,790.702,763.875,130.523,682.479,570.579,360.660,450.597,330.293
2733,790.552,763.739,130.633,683.156,570.591,360.637,449.481,330.398
2734,790.405,763.606,130.590,683.637,570.602,360.614,448.268,330.645
2735,790.262,763.476,130.350,683.786,569.217,360.200,446.934,331.219
2736,790.121,763.348,130.035,683.760,567.834,359.679,445.688,332.175
2737,789.983,763.223,129.607,683.375,566.563,358.895,444.398,333.042
2738,789.848,763.100,129.156,682.857,565.172,358.547,443.089,333.850
2739,789.715,762.980,128.808,682.706,563.787,358.250,441.765,334.550
2740,789.585,762.862,128.743,683.107,562.437,358.082,440.466,335.368
2741,789.458,762.746,128.890,683.772,561.083,357.903,439.276,336.376
2742,789.333,762.633,129.302,684.671,559.682,357.464,437.962,337.089
2743,789.211,762.522,129.439,685.316,558.296,356.905,436.708,337.468
2744,789.091,762.413,129.478,685.838,556.896,356.398,435.471,337.825
2745,788.974,762.307,129.360,686.123,555.505,356.150,434.257,338.153
2746,788.859,762.202,128.949,685.678,554.114,355.909,433.123,338.362
2747,788.746,762.100,128.573,685.353,552.700,355.499,432.212,338.320
2748,789.297,762.583,129.156,685.062,551.290,355.198,430.970,338.782
2749,789.821,763.074,129.728,684.776,549.958,355.137,429.734,339.251
2750,789.774,764.009,130.289,684.497,548.710,355.215,428.538,339.637
2751,789.509,765.038,130.838,684.223,547.374,355.143,427.522,339.754
2752,789.271,766.044,131.376,683.954,546.011,355.017,426.288,340.296
2753,789.114,767.000,131.903,683.691,544.606,354.770,425.297,340.407
2754,789.179,767.812,132.420,683.433,543.315,354.789,424.311,340.526
2755,789.420,768.477,132.927,683.180,542.121,354.935,423.195,340.852
2756,789.739,769.057,133.423,682.932,541.031,355.182,422.134,341.104
2757,790.042,769.634,133.910,682.690,540.101,355.552,421.208,341.192
2758,790.013,770.448,134.387,682.452,539.422,356.065,420.431,341.140
2759,790.129,771.150,134.854,682.219,538.536,356.443,419.596,341.158
2760,790.120,771.925,135.312,681.990,538.111,357.045,418.745,341.207
2761,790.310,772.540,135.761,681.766,538.266,357.778,418.358,340.892
2762,790.196,773.354,136.200,681.547,538.348,358.488,418.197,340.464
2763,790.513,773.828,136.631,681.332,537.793,358.992,418.461,339.884
2764,790.722,774.385,137.054,681.121,537.126,359.430,418.968,339.262
2765,790.816,775.021,137.468,680.914,536.033,359.560,419.411,338.659
2766,790.723,775.774,137.873,680.712,534.666,359.301,419.801,338.075
2767,790.705,776.467,138.271,680.513,533.309,359.083,420.508,337.460
2768,790.542,777.241,138.660,680.319,532.139,359.148,420.984,336.876
2769,790.281,778.056,139.042,680.129,531.122,359.353,421.918,336.287
2770,789.816,778.951,139.416,679.942,529.944,359.407,422.919,335.715
2771,789.131,779.900,139.783,679.759,528.640,359.307,423.563,335.132
2772,788.319,780.859,140.142,679.580,527.621,359.509,424.157,334.561
2773,787.665,781.792,140.494,679.404,526.301,359.392,424.307,334.086
2774,786.827,782.743,140.839,679.232,525.112,359.449,425.000,333.525
2775,785.541,783.573,141.178,679.063,524.386,359.830,426.032,332.999
2776,784.161,784.309,141.509,678.897,523.634,360.189,426.417,332.484
2777,782.656,784.627,141.834,678.735,522.772,360.482,426.471,332.064
2778,781.187,785.167,142.152,678.577,521.876,360.750,426.479,331.667
2779,779.989,786.054,142.464,678.421,520.783,360.878,426.514,331.269
2780,778.828,786.960,142.770,678.268,519.468,360.774,426.136,331.066
2781,777.479,787.720,143.069,678.119,518.114,360.624,426.198,330.673
2782,776.201,788.550,143.363,677.972,516.663,360.139,425.677,330.574
2783,774.833,789.278,143.651,677.829,515.227,359.547,424.954,330.637
2784,773.496,790.045,143.933,677.688,513.797,359.309,424.123,330.811
2785,772.263,790.907,144.209,677.550,512.333,358.957,423.097,331.235
2786,771.116,791.818,144.480,677.415,510.864,358.613,422.125,331.594
2787,769.760,792.553,144.745,677.283,509.476,357.932,421.215,331.881
2788,768.631,793.471,145.005,677.153,508.219,357.112,420.443,332.027
2789,767.369,794.305,144.241,676.250,506.942,356.330,419.584,332.273
2790,766.385,795.265,143.470,675.483,505.462,355.916,419.143,332.166
2791,765.428,796.227,142.738,674.487,504.053,355.327,419.028,331.882
2792,764.246,797.110,142.199,673.120,502.613,354.812,419.111,331.521
2793,762.791,797.588,141.883,671.614,501.115,354.565,418.888,331.305
2794,761.487,798.376,141.496,670.137,499.617,354.376,418.910,330.979
2795,760.230,799.205,140.884,668.864,498.209,353.835,419.050,330.617
2796,758.933,799.998,140.547,667.368,496.708,353.554,419.340,330.213
2797,757.658,800.809,140.542,665.855,495.204,353.309,420.031,329.746
2798,756.254,801.432,140.467,664.337,493.701,353.204,419.994,329.466
2799,754.807,801.779,140.659,662.907,492.191,353.057,419.812,329.261
2800,753.386,801.967,141.085,661.642,490.759,352.617,418.908,329.637
2801,751.962,802.461,140.877,660.136,489.443,352.040,417.776,330.651
2802,750.551,803.005,140.940,658.681,487.967,351.735,416.648,331.580
2803,749.237,803.766,140.781,657.183,486.537,351.348,415.579,332.257
2804,747.818,804.194,141.264,656.019,485.328,350.722,414.464,333.134
2805,746.446,804.841,141.483,654.668,484.028,350.204,413.349,334.101
2806,745.035,805.234,141.815,653.409,482.725,349.709,412.283,335.288
2807,743.633,805.719,142.216,652.225,481.559,349.108,411.275,336.565
2808,742.250,806.297,142.595,651.039,480.104,348.884,410.220,337.756
2809,740.857,806.805,143.111,650.011,478.603,348.850,409.142,338.497
2810,nan,nan,143.710,649.110,477.110,349.003,408.043,339.405
2811,nan,nan,144.341,648.282,475.606,349.065,407.013,340.614
2812,nan,nan,144.949,647.451,474.109,349.053,406.071,341.938
2813,nan,nan,145.496,646.563,472.651,349.342,405.024,343.094
2814,734.089,809.500,145.783,645.415,471.152,349.471,403.937,343.952
2815,732.939,810.426,146.140,644.349,469.702,349.341,402.937,344.502
2816,731.750,811.319,146.820,643.745,468.244,349.253,402.020,344.905
2817,730.396,811.955,147.731,643.785,466.768,349.248,401.096,345.335
2818,729.082,812.689,148.648,643.925,465.317,349.186,400.103,345.926
2819,727.803,813.481,149.422,643.636,463.861,349.164,399.048,346.783
2820,726.443,814.091,150.166,643.315,462.402,349.177,398.072,347.361
2821,725.067,814.519,150.692,642.615,460.922,349.346,397.177,347.784
2822,723.694,814.995,151.194,641.904,459.470,349.384,396.181,348.458
2823,722.330,815.552,151.653,641.153,458.026,349.419,395.248,349.742
2824,720.965,816.075,151.865,640.121,456.749,350.072,394.270,350.942
2825,719.740,816.933,151.915,638.959,455.304,350.474,393.241,351.884
2826,718.390,817.231,152.239,638.078,453.913,351.001,392.220,352.889
2827,717.229,817.099,152.327,636.968,452.448,351.262,391.229,353.600
2828,715.943,817.241,152.175,635.698,450.997,351.639,390.230,354.679
2829,714.783,817.150,151.568,634.337,449.616,352.197,389.224,355.547
2830,713.563,817.190,150.852,633.005,448.186,352.652,388.243,356.654
2831,712.227,817.744,150.027,631.734,446.751,353.087,387.273,357.785
2832,710.918,818.051,149.114,630.550,445.310,353.285,386.367,359.047
2833,709.769,818.004,148.268,629.303,443.990,353.200,385.416,360.208
2834,708.485,818.272,147.446,628.041,442.690,353.109,384.489,361.414
2835,707.270,818.380,146.599,626.806,441.262,353.399,383.599,362.677
2836,706.216,818.241,145.588,625.836,439.841,353.675,382.665,363.851
2837,705.195,818.078,144.591,624.862,438.473,354.289,381.686,364.718
2838,704.229,817.866,143.549,624.070,437.068,354.794,380.717,365.714
2839,703.270,817.666,142.486,623.574,435.679,355.354,379.753,366.702
2840,702.814,817.038,141.450,623.336,434.270,355.748,378.791,367.600
2841,702.413,816.394,140.556,623.654,432.989,356.508,377.971,367.965
2842,701.566,816.131,139.872,624.386,431.658,357.199,377.231,368.194
2843,700.868,815.744,139.505,625.512,430.427,358.019,376.511,368.406
2844,700.777,814.978,138.912,626.331,429.441,358.992,375.768,368.678
2845,700.884,814.146,138.659,627.524,428.565,359.998,375.052,368.916
2846,701.187,813.266,138.272,628.565,427.680,360.998,374.413,369.045
2847,701.243,812.477,138.149,629.828,426.480,361.846,373.926,368.979
2848,701.295,811.703,137.906,630.979,425.634,362.856,373.719,368.632
2849,701.604,810.855,137.413,631.823,424.580,363.797,373.592,368.227
2850,701.803,810.049,136.803,632.449,423.560,364.754,373.340,367.942
2851,701.824,809.324,136.332,633.270,422.579,365.727,373.341,367.456
2852,701.795,808.633,135.687,633.759,421.482,366.650,373.237,367.061
2853,701.708,807.983,135.090,634.312,420.360,367.561,372.944,366.847
2854,702.101,807.166,134.419,634.669,419.129,368.391,372.816,366.490
2855,702.394,806.385,133.747,634.982,417.960,369.279,372.322,366.526
2856,703.369,805.548,133.256,635.634,416.711,370.096,371.616,366.912
2857,704.232,804.698,132.550,635.768,415.412,370.851,370.853,367.443
2858,704.819,803.862,131.992,636.235,414.414,371.846,370.218,367.724
2859,705.167,803.082,131.503,636.808,413.225,372.733,369.768,367.740
2860,705.493,802.317,130.904,637.118,412.107,373.675,369.458,367.601
2861,705.089,801.939,130.739,638.099,411.464,374.739,369.104,367.520
2862,704.483,801.745,130.709,639.196,410.827,375.799,368.907,367.283
2863,703.624,801.846,130.830,640.397,410.741,376.738,368.350,367.496
2864,702.799,801.912,130.935,641.579,410.541,377.704,367.692,367.903
2865,702.313,801.644,130.959,642.690,410.660,378.525,367.045,368.299
2866,701.642,801.560,130.709,643.502,410.997,379.201,366.611,368.361
2867,700.815,801.667,130.371,644.170,411.277,379.897,366.103,368.540
2868,700.063,801.692,129.997,644.761,411.368,380.685,365.755,368.510
2869,699.269,801.777,129.842,645.638,411.468,381.453,365.242,368.718
2870,698.235,802.264,129.832,646.652,411.529,382.227,364.837,368.778
2871,697.285,802.585,129.450,647.170,411.819,382.853,364.508,368.749
2872,696.260,803.057,128.839,647.096,411.930,383.572,364.246,368.651
2873,695.221,803.561,128.198,646.838,411.663,384.448,363.653,369.045
2874,694.274,803.883,127.559,646.539,411.073,385.395,363.145,369.295
2875,693.436,804.047,126.955,646.362,410.448,386.345,363.112,368.984
2876,692.698,804.099,126.308,645.755,409.609,387.304,362.794,368.979
2877,692.160,803.963,125.674,644.983,408.972,388.257,362.086,369.733
2878,691.783,803.707,125.048,644.478,408.336,389.211,361.431,370.329
2879,690.913,803.956,124.439,644.076,407.805,390.147,360.844,370.772
2880,689.982,804.303,123.827,643.511,406.730,391.069,360.115,371.788
2881,689.413,804.225,123.225,642.994,405.958,392.041,359.399,372.692
2882,688.525,804.519,122.630,642.255,404.982,393.001,358.704,373.941
2883,687.446,805.230,122.039,641.618,404.545,393.925,357.996,375.096
2884,686.341,806.076,121.510,640.564,403.929,394.889,357.458,376.613
2885,685.252,807.138,120.939,639.753,403.499,395.808,356.849,378.032
2886,684.137,807.952,120.366,639.118,403.202,396.676,356.306,379.530
2887,683.024,808.709,119.803,638.561,402.772,397.589,355.829,381.080
2888,681.916,809.744,119.256,638.135,402.699,398.336,355.356,382.627
2889,680.787,810.702,118.737,637.859,402.093,399.289,354.736,384.003
2890,679.716,811.848,118.197,637.313,400.989,400.227,354.113,385.367
2891,678.646,812.999,117.776,637.368,400.326,401.203,353.399,386.312
2892,677.591,814.174,117.553,637.866,400.194,401.981,352.749,387.597
2893,676.548,815.364,117.583,638.718,400.290,402.600,352.046,388.599
2894,675.427,816.433,117.751,639.704,400.636,402.989,351.414,389.117
2895,674.418,817.655,117.779,640.536,400.877,403.463,350.771,389.702
2896,673.306,818.748,117.951,641.510,400.985,404.036,350.092,390.531
2897,672.199,819.851,118.300,642.620,400.552,404.915,349.432,391.677
2898,671.031,820.840,118.298,643.394,400.280,405.721,348.811,392.942
2899,669.854,821.815,118.005,643.672,400.051,406.499,348.205,394.232
2900,668.643,822.666,117.807,644.124,399.272,407.465,347.540,395.228
2901,667.508,823.731,117.532,644.408,398.779,408.367,346.906,396.398
2902,666.458,824.892,117.252,644.662,398.195,409.300,346.287,397.604
2903,665.363,826.004,117.102,645.155,397.515,410.263,345.727,398.942
2904,664.293,827.137,116.942,645.618,397.475,410.919,345.093,400.044
2905,663.284,828.313,116.902,646.260,396.928,411.846,344.450,400.839
2906,662.238,829.453,116.825,646.837,396.731,412.603,343.879,401.276
2907,661.781,830.759,116.408,646.570,396.398,413.436,343.399,401.470
2908,661.425,832.045,116.028,646.428,396.027,414.289,343.140,401.258
2909,660.533,833.236,115.938,646.953,395.718,415.107,342.648,401.521
2910,659.585,834.392,115.894,647.539,395.879,415.558,342.170,401.761
2911,658.615,835.527,116.083,648.406,396.393,415.545,341.821,401.739
2912,657.423,836.482,116.029,648.960,396.754,415.742,341.260,402.299
2913,656.187,837.372,115.851,649.287,397.042,416.017,340.700,402.886
2914,655.037,838.364,115.970,650.055,397.362,416.241,340.139,403.515
2915,653.918,839.378,115.801,650.376,397.402,416.753,339.567,404.262
2916,652.700,840.286,115.922,651.131,397.515,417.185,339.087,404.608
2917,651.546,841.259,116.639,652.310,397.661,417.576,338.637,404.886
2918,650.209,841.898,117.063,653.343,398.124,417.544,338.077,405.756
2919,648.863,842.481,117.078,653.956,398.406,417.756,337.525,406.719
2920,647.515,843.053,117.818,655.134,398.630,418.028,337.046,407.125
2921,646.270,843.918,118.936,656.297,399.139,417.880,336.740,407.102
2922,644.929,844.315,119.892,657.497,399.573,417.846,336.412,407.137
2923,643.592,844.695,120.969,658.671,400.006,417.805,335.882,407.974
2924,642.281,844.983,121.922,659.871,400.508,417.637,335.359,408.949
2925,640.925,845.554,122.975,661.050,400.827,417.740,334.839,409.898
2926,639.669,845.717,123.845,662.254,401.422,417.364,334.327,410.661
2927,638.442,845.833,125.116,663.289,402.146,416.562,333.830,411.720
2928,637.287,845.849,126.377,664.325,402.890,415.653,333.675,413.331
2929,635.950,846.238,127.418,665.502,403.371,415.510,333.775,414.997
2930,634.614,846.622,128.144,666.702,403.896,415.283,333.942,416.650
2931,633.257,847.130,129.291,667.821,404.332,415.196,333.703,418.195
2932,632.029,847.254,130.495,668.891,404.675,415.233,333.766,419.838
2933,630.815,847.361,131.871,669.683,405.337,414.685,333.752,421.467
2934,630.335,846.857,133.263,670.382,406.066,413.918,333.681,423.078
2935,629.883,846.353,134.615,671.167,406.773,413.264,333.421,424.591
2936,629.525,845.819,136.011,671.670,407.531,412.416,332.973,425.857
2937,628.687,845.583,137.356,672.384,408.309,411.487,332.577,427.204
2938,627.485,845.743,138.707,673.002,409.101,410.438,332.109,428.397
2939,626.207,846.045,139.891,674.018,409.906,409.465,331.645,429.583
2940,624.897,846.430,141.189,674.778,410.723,408.470,331.319,430.998
2941,623.679,846.614,142.410,675.705,411.542,407.587,330.897,432.255
2942,622.746,846.476,143.668,676.527,412.315,406.940,330.553,433.631
2943,621.616,846.548,144.968,676.839,413.087,406.310,330.728,435.236
2944,620.469,846.646,146.222,677.587,413.903,405.560,330.647,436.807
2945,619.307,846.769,147.406,678.510,414.686,404.939,331.042,438.340
2946,618.241,846.780,148.578,679.442,415.556,403.951,331.119,439.931
2947,617.075,846.917,149.790,680.244,416.439,402.926,331.242,441.517
2948,616.114,846.834,151.022,680.904,417.335,401.928,331.350,443.099
2949,615.037,846.873,152.182,681.805,418.151,401.336,331.320,444.664
2950,613.995,846.879,153.401,682.391,418.957,400.783,331.053,446.108
2951,612.827,847.038,154.608,682.788,419.789,400.179,331.128,447.680
2952,611.761,847.076,155.802,683.246,420.687,399.403,330.785,449.039
2953,610.674,847.142,156.812,682.971,421.510,398.858,330.388,450.314
2954,609.379,847.533,157.704,682.497,422.451,397.940,329.848,451.205
2955,608.123,847.833,158.781,682.539,423.148,397.642,329.473,452.486
2956,607.012,847.924,159.906,682.957,423.729,397.494,329.178,453.859
2957,606.006,847.909,161.020,683.616,424.265,397.394,328.670,454.795
2958,604.894,848.007,162.119,684.327,424.901,397.171,328.155,455.666
2959,604.154,847.797,163.216,684.953,425.534,396.951,327.677,456.644
2960,603.573,847.503,164.274,685.806,425.171,397.464,327.163,457.422
2961,602.951,847.239,165.320,686.683,425.087,397.841,326.633,457.881
2962,602.418,846.939,166.330,687.660,424.758,398.334,326.128,458.588
2963,602.101,846.554,167.181,688.882,424.743,398.661,325.722,459.664
2964,602.427,846.025,168.070,690.064,424.696,399.001,325.246,460.454
2965,602.953,845.493,168.925,691.281,424.140,399.569,324.937,461.689
2966,604.006,845.038,169.656,692.591,423.282,400.206,324.731,463.054
2967,605.102,844.597,170.249,693.949,422.311,400.860,324.640,464.515
2968,606.093,844.122,170.566,695.300,421.394,401.521,324.714,466.054
2969,607.084,843.648,171.269,696.620,420.624,402.171,324.661,467.530
2970,608.271,843.241,172.060,697.895,419.498,402.849,324.691,469.046
2971,609.523,842.864,172.562,699.251,418.346,403.537,324.620,470.500
2972,610.774,842.483,173.003,700.602,417.536,404.227,324.539,471.942
2973,611.918,842.047,173.416,701.943,416.473,404.946,324.394,473.324
2974,613.022,841.595,174.041,703.275,415.319,405.669,323.899,473.810
2975,614.345,841.247,174.141,704.507,414.073,406.389,323.454,474.568
2976,615.925,841.240,174.273,705.741,413.070,407.150,322.995,475.201
2977,617.491,841.183,174.423,706.972,412.173,407.916,322.518,475.451
2978,618.900,840.876,174.153,707.908,411.645,408.591,322.083,476.115
2979,620.381,840.640,173.977,708.905,411.371,409.144,321.623,476.329
2980,621.947,840.565,174.085,710.074,411.106,409.689,321.190,476.303
2981,623.388,840.265,174.462,711.337,410.693,410.315,320.826,475.952
2982,624.855,839.988,175.179,712.610,410.458,410.839,320.541,475.380
2983,625.618,839.398,176.126,713.781,409.864,411.545,320.451,474.430
2984,626.530,838.828,177.006,714.994,408.999,412.333,320.105,474.100
2985,627.252,838.241,177.797,716.244,408.662,412.929,319.885,473.429
2986,628.112,837.668,178.375,717.520,407.961,413.688,319.543,473.143
2987,628.597,837.093,179.170,718.765,407.166,414.483,319.305,472.554
2988,629.271,836.515,180.327,719.653,406.784,415.116,318.988,472.232
2989,630.141,835.955,181.302,720.800,407.025,415.227,318.664,471.965
2990,631.283,835.459,182.331,721.895,406.890,415.689,318.465,471.343
2991,632.569,835.025,183.404,722.935,406.427,416.360,318.204,470.908
2992,633.742,834.533,184.535,723.869,406.310,416.805,318.065,470.189
2993,635.234,834.268,185.666,724.797,406.086,417.328,318.056,469.259
2994,636.642,833.903,186.818,725.662,406.117,417.635,318.287,468.064
2995,637.996,833.489,187.972,726.509,405.849,418.183,318.660,466.774
2996,639.360,833.077,188.979,727.618,405.608,418.712,318.980,465.524
2997,640.574,832.571,190.043,728.657,405.303,419.284,319.056,464.511
2998,641.507,831.982,191.157,729.600,405.140,419.750,319.150,463.488
2999,641.959,831.394,192.145,730.728,404.903,420.273,319.290,462.422
3000,642.152,830.863,193.300,731.544,404.823,420.664,319.316,461.505
3001,642.621,830.286,194.443,732.391,404.283,421.375,319.225,460.785
3002,642.741,829.789,195.558,733.316,404.182,421.783,319.275,459.860
3003,642.599,829.393,196.581,734.401,404.183,422.090,319.511,458.738
3004,642.124,829.178,197.670,735.383,404.098,422.476,319.712,457.657
3005,641.488,829.079,198.442,736.643,403.839,423.006,320.153,456.403
3006,640.701,829.109,198.896,737.925,403.705,423.432,320.320,455.372
3007,640.096,829.001,198.930,739.057,403.478,423.936,320.121,454.928
3008,639.969,828.637,198.869,740.121,403.430,424.276,320.095,454.167
3009,639.968,828.235,198.476,740.913,403.261,424.726,320.641,454.306
3010,639.560,828.026,197.604,741.066,402.965,425.280,321.175,454.443
3011,639.238,827.779,196.636,740.983,402.578,425.901,321.699,454.576
3012,639.427,827.339,195.929,741.344,401.964,426.661,322.213,454.707
3013,639.681,826.889,195.071,741.428,401.496,427.347,322.716,454.835
3014,640.218,826.394,194.329,741.683,401.155,427.950,323.209,454.961
3015,640.582,825.930,193.562,741.868,400.576,428.711,323.693,455.084
3016,641.049,825.453,192.937,742.243,399.889,429.533,324.166,455.205
3017,640.863,825.179,191.994,741.978,399.514,430.180,324.631,455.323
3018,640.515,824.994,191.007,741.495,399.202,430.783,325.085,455.439
3019,640.071,824.872,190.050,741.105,398.950,431.336,325.531,455.552
3020,639.632,824.754,189.278,741.155,398.084,432.249,325.968,455.664
3021,639.401,824.528,188.456,741.073,397.364,433.124,326.396,455.773
3022,639.146,824.320,187.691,741.084,396.199,434.092,326.816,455.880
3023,639.038,824.050,186.997,741.198,394.928,435.053,327.227,455.984
3024,639.653,823.602,186.593,741.697,393.467,435.907,327.630,456.087
3025,639.775,823.257,186.524,742.499,391.872,436.531,328.025,456.188
3026,640.220,822.837,186.850,743.529,390.259,437.022,328.412,456.286
3027,640.782,822.403,187.187,744.555,388.662,437.482,328.791,456.383
3028,641.049,822.028,187.297,745.450,387.241,438.361,329.163,456.477
3029,641.147,821.708,187.359,746.301,385.828,439.240,329.527,456.570
3030,641.198,821.409,187.334,747.077,384.499,440.213,329.884,456.661
3031,641.371,821.075,187.335,747.859,383.412,441.336,330.234,456.750
3032,641.079,820.942,187.220,748.535,382.248,442.436,330.577,456.838
3033,641.099,820.671,187.317,749.360,380.962,443.447,330.913,456.923
3034,641.240,820.362,187.666,750.318,379.554,444.247,331.242,457.007
3035,641.501,820.954,187.934,751.228,378.088,444.695,331.565,457.089
3036,641.757,821.535,188.654,752.284,376.652,444.868,331.881,457.170
3037,642.008,822.104,189.400,753.338,375.245,445.006,332.191,457.249
3038,642.254,822.662,190.034,754.370,373.896,444.955,332.494,457.326
3039,642.495,823.209,190.599,755.380,372.552,445.008,332.792,457.402
3040,642.731,823.745,191.657,756.396,371.280,444.854,333.084,457.476
3041,642.963,824.270,192.486,757.441,369.956,445.188,333.369,457.549
3042,643.190,824.784,193.187,758.472,368.724,445.066,333.650,457.621
3043,643.412,825.288,193.791,759.477,367.724,444.409,333.924,457.690
3044,643.630,825.782,194.308,760.451,367.292,443.088,334.193,457.759
3045,643.843,826.267,194.554,761.298,367.081,441.651,334.457,457.826
3046,644.053,826.741,195.123,762.274,366.687,440.347,334.715,457.892
3047,644.258,827.206,195.119,762.940,366.365,439.015,334.968,457.956
3048,644.459,827.662,195.030,763.526,365.938,437.786,335.216,458.020
3049,644.656,828.109,194.870,764.037,366.151,436.293,335.460,458.082
3050,644.849,828.546,194.634,764.462,366.560,434.830,335.698,458.142
3051,645.038,828.975,194.266,764.727,367.284,433.606,335.931,458.202
3052,645.223,829.396,194.388,765.429,367.982,432.338,336.160,458.260
3053,645.405,829.808,194.188,765.853,368.605,430.984,336.385,458.317
3054,645.583,830.212,193.974,766.251,369.049,429.533,336.604,458.373
3055,645.757,830.607,193.492,766.315,369.588,428.118,336.820,458.428
3056,645.928,830.995,193.265,766.676,370.207,426.747,337.031,458.482
3057,646.096,831.375,193.086,767.074,370.742,425.329,337.238,458.535
3058,646.260,831.747,193.438,767.859,371.392,423.973,337.441,458.586
3059,646.421,832.112,193.643,768.550,372.014,422.597,337.639,458.637
3060,646.578,832.470,193.511,768.967,372.516,421.171,337.834,458.687
3061,646.733,832.820,193.560,769.531,372.741,419.745,338.025,458.735
3062,646.884,833.164,193.527,770.017,373.279,418.338,338.212,458.783
3063,647.033,833.501,193.294,770.301,373.832,416.938,338.395,458.829
3064,647.178,833.830,193.472,770.932,374.403,415.547,338.575,458.875
3065,647.321,834.154,193.933,771.718,375.277,414.367,338.751,458.920
3066,647.460,834.471,194.536,772.557,376.212,413.280,338.923,458.964
3067,647.597,834.781,195.083,773.371,377.231,412.662,339.092,459.007
3068,647.731,835.085,196.262,774.245,378.246,411.878,339.258,459.049
3069,647.863,835.383,197.689,774.973,379.181,411.659,339.420,459.091
3070,647.992,835.676,198.870,775.848,380.156,411.258,339.579,459.131
3071,648.118,835.962,200.231,776.630,381.163,410.505,339.735,459.171
3072,648.242,836.243,201.488,777.476,382.056,410.343,339.888,459.210
3073,648.363,836.518,202.812,778.282,383.055,409.672,340.038,459.248
3074,648.482,836.787,204.097,779.111,384.056,408.920,340.184,459.285
3075,648.598,837.051,205.498,779.848,385.036,408.406,340.328,459.322
3076,648.712,837.310,206.850,780.629,386.011,407.898,340.469,459.358
3077,648.824,837.564,208.235,781.377,387.007,407.206,340.607,459.393
3078,648.934,837.813,209.749,781.898,387.993,406.284,340.743,459.428
3079,649.041,838.056,211.281,782.078,388.976,405.324,340.875,459.461
3080,649.146,838.295,212.774,782.117,389.960,404.340,341.005,459.494
3081,649.250,838.529,214.170,781.921,390.955,403.383,341.133,459.527
3082,649.351,838.758,215.263,781.258,391.944,402.876,341.379,460.918
3083,649.450,838.983,216.050,780.300,392.817,402.701,341.968,461.983
3084,649.547,839.203,217.206,779.806,393.717,402.447,342.155,463.393
3085,649.642,839.419,218.199,779.134,394.564,402.294,342.575,464.625
3086,649.735,839.631,219.137,778.433,395.350,402.240,343.075,465.760
3087,649.827,839.838,219.751,777.450,396.141,402.161,343.435,467.027
3088,649.916,840.041,220.306,776.449,397.132,401.489,343.571,468.444
3089,650.004,840.240,220.388,775.187,398.134,400.716,343.632,469.893
3090,650.090,840.435,220.636,774.027,399.091,400.229,344.027,471.115
3091,650.174,840.626,220.782,772.833,400.080,399.609,344.385,472.366
3092,650.257,840.814,221.230,771.847,401.091,398.752,344.925,473.391
3093,650.338,840.997,221.728,770.925,402.105,398.005,345.675,473.977
3094,650.417,841.177,222.629,770.440,403.105,396.984,346.385,474.624
3095,650.495,841.354,223.105,769.551,404.123,396.322,347.248,474.206
3096,650.571,841.527,223.619,768.718,405.071,395.921,348.038,473.403
3097,650.646,841.696,223.898,767.731,406.064,395.385,348.881,473.084
3098,650.719,841.862,223.615,766.499,407.032,394.933,349.707,472.677
3099,650.791,842.025,223.183,765.248,407.897,394.708,350.433,473.029
3100,650.861,842.184,222.422,764.012,408.911,394.090,351.097,473.535
3101,650.930,842.340,222.087,762.789,409.956,393.294,351.806,473.835
3102,650.997,842.493,221.281,761.571,410.998,392.591,352.485,474.194
3103,651.063,842.643,220.607,760.329,411.978,391.428,353.127,474.630
3104,649.852,843.543,220.098,759.090,413.003,390.340,353.773,475.001
3105,648.601,844.390,219.343,757.865,414.085,389.475,354.471,475.062
3106,647.386,845.277,218.681,756.630,415.174,388.699,355.172,474.983
3107,646.210,846.196,217.657,755.533,416.260,387.739,355.864,474.853
3108,644.953,847.026,216.563,754.511,417.259,386.563,356.530,474.238
3109,643.626,847.741,215.403,753.605,418.163,385.291,357.152,473.426
3110,642.386,848.585,214.189,753.042,419.030,383.999,357.741,472.511
3111,641.233,849.502,212.987,752.514,419.786,382.663,358.403,472.067
3112,640.065,850.401,211.798,752.019,420.721,381.428,359.030,472.074
3113,639.033,851.375,210.624,751.265,421.744,380.270,359.646,472.070
3114,637.797,852.200,209.461,750.816,422.829,379.185,360.270,471.881
3115,636.502,852.952,208.309,750.026,423.792,377.983,360.871,471.816
3116,635.096,853.384,207.179,749.163,424.848,376.864,361.467,471.691
3117,633.692,853.862,206.047,748.730,425.748,375.641,362.012,471.823
3118,632.341,854.009,204.912,747.975,426.561,374.394,362.483,472.189
3119,630.949,854.559,203.856,746.964,427.630,373.300,362.972,472.459
3120,629.796,855.439,202.784,746.679,428.448,372.078,363.446,472.742
3121,628.657,856.321,201.704,746.310,429.164,370.845,363.928,472.954
3122,627.473,857.164,200.728,746.221,429.876,369.628,364.472,472.462
3123,626.060,857.443,199.694,745.926,430.590,368.426,364.889,471.386
3124,624.669,857.635,198.618,745.353,431.143,367.225,365.151,470.041
3125,623.249,857.967,197.546,744.629,430.665,366.301,365.574,468.946
3126,621.828,858.383,196.497,743.755,429.673,365.759,366.099,468.222
3127,620.416,858.881,195.508,742.705,428.780,365.156,366.589,468.246
3128,619.170,859.662,194.560,741.583,427.800,364.657,366.974,468.617
3129,617.846,860.352,193.514,740.789,426.654,364.363,367.409,468.796
3130,616.664,861.174,192.599,739.629,425.673,363.915,367.490,469.719
3131,615.489,861.992,191.756,738.387,424.877,363.330,367.469,470.770
3132,614.407,862.858,190.795,737.309,424.399,362.551,367.349,471.925
3133,613.267,863.682,189.935,736.088,424.404,361.579,367.328,472.987
3134,612.236,864.552,189.127,734.819,424.488,360.601,367.272,474.091
3135,611.219,865.418,188.473,733.462,424.770,359.595,367.130,475.285
3136,610.085,866.215,187.817,732.108,425.596,358.595,367.003,476.474
3137,608.750,866.835,187.142,730.762,426.038,357.596,367.037,477.496
3138,607.415,867.452,186.387,729.457,426.489,356.613,367.176,478.364
3139,606.036,868.003,185.406,728.438,426.821,355.659,367.152,479.462
3140,604.614,868.471,184.398,727.522,427.411,354.699,366.942,480.742
3141,603.238,869.020,183.425,726.509,427.906,353.757,366.856,481.927
3142,601.782,869.378,182.491,725.414,428.161,352.861,366.993,482.827
3143,600.317,869.552,181.564,724.314,428.878,351.948,367.152,483.686
3144,598.864,869.923,180.697,723.122,430.110,351.212,367.321,484.526
3145,597.395,870.141,179.789,721.997,431.307,350.461,367.590,485.135
3146,596.058,869.986,178.792,721.420,432.468,349.697,367.692,486.086
3147,595.087,869.477,177.856,721.122,433.835,349.115,367.959,486.683
3148,594.486,868.776,176.911,720.738,434.988,348.363,368.309,486.955
3149,594.430,867.922,175.984,720.378,435.880,347.528,368.663,487.164
3150,594.072,867.163,175.172,720.330,437.023,346.792,368.989,487.481
3151,593.816,866.391,174.553,720.629,438.116,346.042,369.362,487.176
3152,594.436,865.553,174.099,721.141,439.390,345.407,369.697,486.567
3153,594.618,864.727,173.535,721.475,440.636,344.760,370.031,485.964
3154,595.221,863.913,173.223,722.114,441.958,344.184,370.089,484.670
3155,596.093,863.155,173.020,722.848,442.955,343.434,370.069,483.274
3156,597.260,862.522,172.934,723.673,443.979,342.705,370.052,481.864
3157,598.299,861.829,173.243,724.744,445.072,342.013,370.142,480.550
3158,599.070,861.065,173.956,725.915,446.578,341.822,369.849,478.983
3159,599.411,860.285,174.186,726.933,448.034,341.951,369.433,477.413
3160,599.540,859.538,174.865,728.091,449.412,342.221,368.981,475.853
3161,600.206,858.791,175.180,729.137,450.762,342.521,368.592,474.284
3162,601.136,858.102,175.370,730.107,452.053,342.888,368.087,472.755
3163,602.486,857.645,175.775,731.175,453.369,343.209,367.529,471.265
3164,603.864,857.216,176.074,732.187,454.785,343.359,367.269,469.692
3165,605.287,856.840,177.036,733.299,456.207,343.488,366.803,468.181
3166,606.794,856.889,177.851,734.432,457.504,343.810,366.055,466.895
3167,608.118,857.289,178.922,735.498,458.536,344.374,365.167,465.812
3168,609.361,857.762,180.090,736.499,459.799,344.709,364.414,464.596
3169,610.718,858.069,181.128,737.580,460.992,345.109,364.078,464.509
3170,612.080,858.348,182.376,738.491,462.183,345.500,363.748,464.423
3171,613.394,858.671,183.506,739.517,463.643,345.451,363.425,464.338
3172,614.553,859.147,184.593,740.569,465.107,345.390,363.109,464.256
3173,615.567,859.727,185.291,741.700,466.552,345.399,362.799,464.175
3174,616.896,859.958,186.322,742.779,467.864,345.647,362.495,464.096
3175,617.762,860.605,187.243,743.892,469.310,345.651,362.198,464.018
3176,618.893,861.021,188.229,744.985,470.787,345.527,361.906,463.942
3177,620.002,861.438,189.437,745.934,472.220,345.122,361.620,463.867
3178,621.435,861.350,190.498,746.994,473.105,344.301,361.340,463.794
3179,622.886,861.150,191.544,748.060,474.122,343.549,361.065,463.722
3180,624.341,860.874,192.016,749.138,474.949,342.742,360.796,463.652
3181,625.699,860.272,192.506,750.215,476.039,342.057,360.532,463.583
3182,627.103,859.750,192.702,751.160,476.951,341.308,360.274,463.515
3183,628.467,859.153,192.901,752.097,477.659,340.515,360.020,463.449
3184,629.772,858.481,193.084,753.013,478.349,339.734,359.772,463.385
3185,631.099,857.833,193.641,754.072,479.022,338.965,359.529,463.321
3186,632.395,857.151,194.203,755.127,480.094,338.350,359.291,463.259
3187,633.768,856.567,194.998,756.206,481.394,337.907,359.057,463.198
3188,635.218,856.255,195.515,757.238,482.504,337.338,358.828,463.138
3189,636.641,856.112,195.815,758.178,483.491,336.721,358.604,463.079
3190,637.915,856.263,196.296,759.182,484.437,336.101,358.384,463.022
3191,639.164,856.429,196.834,760.197,485.151,335.419,358.168,462.966
3192,640.517,856.399,197.695,761.249,485.523,334.694,357.957,462.911
3193,641.826,856.435,198.450,762.294,485.611,333.974,357.750,462.857
3194,643.092,856.520,199.220,763.337,485.497,333.283,357.547,462.804
3195,644.504,856.052,200.058,764.377,485.658,332.591,357.349,462.752
3196,645.908,855.780,200.986,765.409,485.341,331.958,357.154,462.701
3197,647.316,855.444,201.718,766.437,484.485,331.514,356.963,462.651
3198,648.724,855.021,202.154,767.388,484.393,330.872,356.776,462.602
3199,650.082,854.381,202.391,768.240,483.888,330.323,356.593,462.554
3200,651.204,853.483,202.350,768.904,482.995,329.940,356.413,462.507
3201,652.206,852.529,202.578,769.731,481.705,329.877,356.237,462.461
3202,652.892,851.505,203.071,770.667,480.358,329.904,356.064,462.416
3203,652.940,850.544,203.526,771.581,479.212,329.723,355.895,462.372
3204,653.088,849.578,204.164,772.544,477.834,329.832,355.729,462.329
3205,653.555,848.588,204.324,773.302,476.523,329.849,355.567,462.286
3206,653.765,847.640,205.062,774.270,475.123,330.039,355.408,462.245
3207,654.389,846.675,206.068,775.235,473.679,330.419,355.252,462.204
3208,655.034,845.721,207.274,776.134,472.410,330.415,355.099,462.164
3209,655.454,844.781,208.593,776.950,471.140,330.426,354.949,462.125
3210,655.891,843.851,209.979,777.684,470.127,330.208,354.802,462.087
3211,656.485,842.927,211.466,778.120,468.757,330.411,354.659,462.049
3212,657.111,842.012,212.945,778.540,467.365,330.689,354.518,462.012
3213,657.841,841.111,214.349,778.506,466.069,330.788,354.379,461.976
3214,658.522,840.214,215.731,778.465,464.793,330.876,354.244,461.941
3215,659.252,839.328,217.077,778.377,463.804,330.688,354.111,461.906
3216,660.004,838.450,218.358,778.183,462.720,330.592,353.981,461.872
3217,660.732,837.577,219.504,777.788,461.369,330.863,353.854,461.839
3218,661.194,836.716,220.487,777.199,459.970,331.348,353.729,461.807
3219,662.039,835.869,221.585,776.807,458.573,331.873,353.607,461.775
3220,662.905,835.030,222.767,776.594,457.204,332.239,353.487,461.743
3221,663.360,834.191,223.938,776.402,455.819,332.714,353.369,461.713
3222,663.915,833.352,224.981,776.032,454.465,333.071,353.254,461.683
3223,664.626,832.518,225.851,775.464,453.192,333.268,353.141,461.653
3224,665.235,831.691,226.747,774.960,451.824,333.738,353.030,461.624
3225,665.584,830.900,227.516,774.338,450.452,334.302,352.922,461.596
3226,665.534,830.232,228.509,774.032,449.122,334.666,352.816,461.568
3227,665.319,829.648,229.612,773.945,447.864,334.886,352.712,461.541
3228,665.576,828.910,230.666,773.800,446.508,335.435,352.610,461.514
3229,665.737,828.208,231.655,773.578,445.164,335.926,352.510,461.488
3230,666.592,827.442,232.521,773.208,443.816,336.520,352.412,461.463
3231,667.708,826.735,233.502,773.032,442.473,337.085,352.315,461.437
3232,668.479,825.965,234.280,772.605,441.141,337.788,352.221,461.413
3233,669.428,825.216,234.876,772.005,439.805,338.404,352.757,460.079
3234,670.625,824.544,235.368,771.331,438.507,338.814,353.474,459.001
3235,671.958,823.954,236.026,770.843,437.264,339.106,354.119,457.793
3236,673.202,823.299,236.669,770.362,435.944,339.749,354.822,456.683
3237,674.691,822.902,236.919,769.557,434.656,340.194,355.364,455.344
3238,675.849,822.193,237.458,769.014,433.409,341.092,355.939,454.035
3239,676.807,821.425,237.977,768.473,432.619,342.316,356.634,452.888
3240,677.641,820.644,238.415,767.876,431.934,343.554,357.161,451.524
3241,678.452,819.863,238.699,767.170,431.010,344.711,357.674,450.143
3242,678.674,819.167,238.992,766.488,430.385,345.937,358.109,448.710
3243,679.108,818.427,239.095,765.687,429.731,347.148,358.419,447.232
3244,679.297,817.759,238.835,764.709,428.741,348.249,358.889,445.810
3245,679.831,817.018,238.648,763.770,427.583,349.227,359.451,444.445
3246,680.394,816.279,238.170,762.737,426.700,350.367,359.517,442.988
3247,680.802,815.573,237.720,761.716,425.759,351.480,359.347,441.646
3248,681.468,814.834,237.010,760.655,425.088,352.658,359.277,440.267
3249,682.350,814.097,236.272,759.594,424.283,353.802,359.099,438.965
3250,683.343,813.374,235.514,758.532,423.235,354.845,358.937,437.671
3251,684.518,812.697,234.567,757.488,422.149,355.861,358.827,436.363
3252,685.484,811.965,233.736,756.426,421.009,356.833,358.973,434.956
3253,686.242,811.223,233.153,755.380,419.806,357.740,359.266,433.530
3254,686.812,810.501,232.110,754.362,418.596,358.636,359.587,432.109
3255,686.824,809.954,230.875,753.465,417.322,359.416,359.759,430.726
3256,686.677,809.496,229.749,752.480,416.186,360.396,360.129,429.317
3257,686.895,809.857,228.406,751.754,415.451,361.555,360.883,428.029
3258,687.108,810.210,227.215,750.812,414.497,362.648,361.706,426.802
3259,687.317,810.557,225.990,749.902,414.204,363.787,362.385,425.464
3260,687.522,810.896,224.716,749.059,413.635,364.941,363.119,424.157
3261,687.722,811.229,223.684,748.004,412.615,365.989,363.992,422.975
3262,687.919,811.555,222.986,746.892,411.622,367.052,365.024,422.178
3263,688.112,811.875,222.061,745.799,410.319,367.727,366.066,421.529
3264,688.301,812.188,221.153,744.699,409.097,368.597,366.900,420.302
3265,688.486,812.495,220.627,743.608,407.893,369.493,367.734,419.071
3266,688.667,812.796,220.024,742.504,407.060,370.628,368.687,418.000
3267,688.845,813.090,219.308,741.390,406.460,371.789,369.585,416.836
3268,689.019,813.379,218.881,740.331,405.925,372.943,370.298,415.514
3269,689.190,813.662,217.834,739.277,405.286,374.093,371.285,414.488
3270,689.357,813.940,216.747,738.241,405.166,375.150,372.259,413.429
3271,689.521,814.211,215.492,737.363,404.920,376.232,373.290,412.514
3272,689.682,814.478,214.413,736.317,405.130,377.113,374.350,411.770
3273,689.839,814.739,213.364,735.251,405.464,377.900,375.387,410.883
3274,689.994,814.995,212.332,734.174,405.602,378.784,376.449,410.210
3275,690.145,815.246,211.139,733.220,406.036,379.465,377.393,410.106
3276,690.293,815.491,210.252,732.084,406.022,380.389,378.104,410.436
3277,690.439,815.732,209.138,731.054,406.049,381.281,378.442,411.197
3278,690.581,815.968,208.299,729.902,405.845,382.255,379.028,411.654
3279,690.720,816.200,207.335,728.781,405.779,383.165,379.746,411.886
3280,690.857,816.426,206.287,727.700,406.232,383.742,380.235,412.420
3281,690.991,816.648,205.016,726.894,407.040,383.951,380.245,413.381
3282,691.122,816.866,203.817,725.962,407.711,384.293,380.037,414.463
3283,691.251,817.079,202.680,724.952,408.449,384.545,379.787,415.562
3284,691.377,817.288,201.662,723.843,409.145,384.825,379.967,416.364
3285,691.501,817.493,200.465,722.921,409.703,385.224,379.802,417.406
3286,691.622,817.694,199.305,721.948,410.101,385.742,379.866,418.287
3287,691.741,817.891,198.170,720.945,410.310,386.378,380.214,418.878
3288,691.857,818.084,197.259,719.771,410.015,387.251,380.098,419.866
3289,691.971,818.273,196.413,718.573,410.022,387.983,379.786,420.959
3290,692.083,818.458,195.580,717.369,409.717,388.843,379.529,422.024
3291,692.192,818.639,194.750,716.163,409.325,389.725,379.477,422.956
3292,692.299,818.817,193.886,714.965,408.509,390.672,379.323,423.954
3293,692.404,818.992,193.411,713.754,408.256,391.501,379.105,424.988
3294,692.508,819.162,193.330,712.710,407.996,392.327,378.705,426.113
3295,692.608,819.330,193.470,711.837,407.540,393.216,378.492,427.145
3296,692.707,819.494,193.506,710.895,407.129,394.088,378.037,428.294
3297,692.804,819.655,193.801,710.196,406.334,395.031,378.151,429.062
3298,692.899,819.812,193.659,709.161,405.579,395.976,377.948,430.082
3299,692.993,819.967,193.765,708.312,405.146,396.857,377.767,431.087
3300,693.084,820.118,194.103,707.706,404.436,397.801,377.788,431.927
3301,693.173,820.266,194.630,707.366,403.363,398.729,378.118,432.398
3302,693.261,820.412,195.414,707.556,402.235,399.648,378.539,432.708
3303,693.347,820.554,196.138,707.622,401.099,400.572,379.058,432.811
3304,693.431,820.694,196.990,708.135,400.049,401.534,379.401,433.209
3305,693.514,820.830,197.817,708.556,398.788,402.399,379.425,433.986
3306,693.594,820.964,198.682,709.431,397.364,403.028,379.338,434.861
3307,693.674,821.096,199.548,710.163,395.945,403.644,379.053,435.882
3308,693.751,821.225,200.402,710.794,394.513,403.923,378.823,436.868
3309,693.827,821.351,201.263,711.576,393.092,404.348,377.894,438.059
3310,693.902,821.474,202.118,712.273,391.687,404.839,377.128,439.273
3311,693.975,821.595,202.960,712.891,390.415,405.703,376.601,440.449
3312,694.047,821.714,203.804,713.538,389.062,406.377,376.229,441.564
3313,694.117,821.831,204.549,713.809,387.763,407.178,375.455,442.800
3314,694.186,821.945,205.368,714.369,386.415,407.767,374.593,444.039
3315,694.253,822.056,206.202,715.056,385.074,408.221,373.533,445.205
3316,694.319,822.166,206.978,715.468,383.767,408.902,372.455,446.356
3317,694.384,822.273,207.696,715.731,382.462,409.512,371.236,447.328
3318,694.447,822.378,208.275,715.713,381.240,410.386,370.123,448.432
3319,694.510,822.482,208.973,715.968,379.986,411.149,368.896,449.330
3320,694.570,822.583,209.778,716.640,378.734,411.447,367.772,450.392
3321,694.630,822.682,210.594,717.438,377.653,411.267,366.517,451.084
3322,693.393,823.534,211.370,718.591,376.497,411.335,365.430,452.158
3323,692.088,824.173,212.189,719.536,375.385,411.331,364.333,453.195
3324,690.785,824.647,213.010,720.482,374.213,411.610,363.192,454.108
3325,689.599,824.777,213.825,721.504,373.031,412.268,362.084,455.058
3326,688.337,825.100,214.646,722.502,371.928,413.218,361.019,456.068
3327,687.221,825.132,215.457,723.159,371.102,414.465,359.887,456.847
3328,686.130,825.141,216.221,723.622,370.424,415.765,358.785,457.665
3329,685.401,824.769,217.009,724.188,370.341,416.953,357.864,458.831
3330,684.818,824.299,217.790,724.743,370.262,418.131,357.255,460.218
3331,683.962,824.080,218.529,725.164,370.187,419.301,356.392,461.428
3332,683.190,823.797,219.150,725.317,370.480,420.187,355.656,462.748
3333,682.911,823.182,219.489,725.047,370.362,421.363,354.995,464.110
3334,682.172,822.902,219.967,724.985,370.625,422.251,354.247,465.406
3335,681.395,822.672,220.589,725.191,370.628,423.337,353.331,466.467
3336,680.700,822.383,221.343,725.773,370.582,424.449,352.655,467.803
3337,680.041,822.079,221.790,725.697,370.384,425.640,352.059,469.185
3338,679.219,821.938,222.337,725.799,370.308,426.762,351.556,470.608
3339,678.820,821.475,222.998,726.148,370.145,427.930,351.243,472.067
3340,678.137,821.233,223.762,726.863,369.949,429.113,350.904,473.527
3341,677.102,821.391,224.474,727.366,369.824,430.255,350.471,474.972
3342,676.066,821.558,225.177,728.675,369.224,431.551,350.409,476.399
3343,674.995,821.787,225.948,729.816,368.502,432.842,350.455,477.778
3344,673.949,821.983,226.629,731.180,367.962,434.147,350.539,479.137
3345,672.833,822.305,227.347,732.495,367.340,435.459,350.988,480.101
3346,671.638,822.823,228.163,733.410,366.866,436.767,351.496,480.944
3347,670.408,823.583,228.672,733.430,366.101,438.062,352.047,481.673
3348,669.245,824.597,229.379,733.848,365.837,439.321,352.641,482.259
3349,668.048,825.544,230.191,734.792,365.771,440.469,353.037,483.247
3350,667.025,826.709,230.995,735.573,365.486,441.738,353.026,484.642
3351,665.884,827.754,231.774,736.219,365.460,442.857,352.965,486.068
3352,664.626,828.503,232.508,736.716,365.321,444.053,352.928,487.488
3353,663.416,829.439,233.319,737.557,365.383,445.094,352.941,488.889
3354,662.183,830.328,234.136,738.460,365.341,446.218,353.190,490.101
3355,661.266,831.528,234.946,739.252,364.976,447.521,353.431,491.323
3356,660.551,832.780,235.760,740.060,364.718,448.787,353.517,492.688
3357,660.316,834.029,236.564,741.210,364.729,449.875,353.619,494.047
3358,659.949,835.269,237.343,742.459,364.511,451.123,353.955,495.163
3359,659.705,836.479,238.052,743.840,364.365,452.333,353.914,496.612
3360,659.820,837.593,238.657,745.321,363.949,453.669,353.644,498.108
3361,659.595,838.760,239.197,746.839,363.340,455.030,353.568,499.584
3362,659.282,839.919,240.071,747.823,362.563,456.353,353.460,501.073
3363,658.370,841.004,240.753,748.058,361.770,457.669,352.936,502.479
3364,657.233,841.961,241.380,748.210,360.887,458.920,352.017,503.346
3365,655.893,842.625,242.022,748.398,360.239,460.295,351.174,504.329
3366,654.762,843.578,242.564,748.439,360.262,461.469,350.254,505.089
3367,653.594,844.496,243.237,748.709,359.890,462.856,349.516,506.178
3368,653.022,845.602,243.715,748.681,359.529,464.248,348.835,507.322
3369,652.324,846.682,244.252,748.750,359.230,465.630,348.476,508.749
3370,651.320,847.668,244.675,748.674,359.026,466.982,347.931,510.014
3371,650.331,848.652,245.440,749.201,358.897,468.302,347.586,511.426
3372,649.558,849.686,246.123,749.545,358.856,469.569,347.433,512.914
3373,648.364,850.532,246.838,749.964,358.820,470.836,346.860,514.092
3374,646.992,851.138,247.667,750.744,358.417,472.262,346.152,515.033
3375,645.830,851.999,248.436,751.296,358.244,473.630,345.597,516.181
3376,644.653,852.844,249.227,751.917,358.241,474.896,344.946,517.157
3377,643.361,853.576,249.990,752.455,357.947,476.319,344.362,518.208
3378,642.034,854.260,250.766,753.033,357.457,477.761,343.669,519.031
3379,640.703,854.936,251.489,753.478,357.333,479.135,342.921,519.676
3380,639.409,855.657,252.321,754.263,357.159,480.541,342.137,520.157
3381,638.228,856.473,253.022,754.662,356.771,481.999,341.326,520.448
3382,637.214,857.372,253.709,755.040,356.438,483.459,340.580,520.937
3383,636.211,858.266,254.120,755.008,356.225,484.904,339.863,521.464
3384,635.231,859.158,254.661,755.157,355.679,486.339,339.260,522.240
3385,633.803,859.616,255.234,755.363,355.403,487.810,338.644,522.950
3386,632.465,860.254,255.781,755.536,355.289,489.245,338.059,523.693
3387,631.026,860.669,256.616,756.410,355.017,490.725,337.401,524.204
3388,629.576,860.996,257.274,756.767,355.115,492.050,336.949,525.139
3389,628.131,861.376,257.786,756.899,355.479,493.058,336.376,525.799
3390,626.685,861.606,258.168,756.874,355.742,494.214,335.826,526.478
3391,625.255,861.757,258.863,757.327,355.855,495.535,335.362,527.305
3392,623.872,861.778,259.680,758.124,355.881,496.928,334.877,528.060
3393,622.427,862.032,260.387,758.596,355.907,498.329,334.188,528.062
3394,621.131,861.908,260.894,758.741,355.759,499.812,333.556,528.311
3395,620.225,861.406,261.364,758.844,355.441,501.312,332.990,528.751
3396,619.222,860.996,261.805,758.916,355.210,502.817,332.325,528.602
3397,618.223,860.599,262.397,759.207,354.966,504.324,331.677,528.490
3398,617.104,860.325,262.933,759.419,354.645,505.823,331.056,527.860
3399,616.216,859.871,263.604,759.858,354.548,507.324,330.425,527.461
3400,615.998,859.106,264.240,760.234,354.524,508.811,329.841,527.584
3401,615.881,858.328,264.782,760.467,354.445,510.317,329.266,527.686
3402,615.507,857.650,265.144,760.475,354.222,511.830,328.669,527.449
3403,615.342,856.917,265.428,760.407,353.882,513.309,328.083,527.143
3404,615.083,856.230,265.735,760.369,353.797,514.825,327.508,526.849
3405,615.113,855.479,266.193,760.514,353.995,516.247,326.945,526.603
3406,615.309,854.712,266.778,760.845,354.034,517.747,326.395,526.444
3407,615.233,854.013,267.549,761.564,354.114,519.240,325.922,526.731
3408,615.717,853.249,268.349,762.372,354.218,520.729,325.471,527.064
3409,616.302,852.495,269.063,762.929,354.439,522.167,324.978,527.145
3410,617.100,851.769,269.764,763.456,354.837,523.459,324.492,527.207
3411,617.996,851.067,270.203,763.580,355.160,524.833,324.009,526.599
3412,618.567,850.334,270.559,763.613,355.320,526.317,323.636,525.595
3413,619.295,849.618,270.643,763.393,355.504,527.795,323.254,524.637
3414,620.631,849.136,271.001,763.442,355.769,529.237,322.865,523.729
3415,621.930,848.621,271.469,763.625,356.077,530.657,322.432,523.021
3416,623.449,848.429,271.889,763.753,356.263,532.147,322.038,522.190
3417,624.972,848.446,272.322,763.903,356.168,533.658,321.612,521.538
3418,626.478,848.514,272.785,764.094,356.248,535.177,321.159,521.276
3419,627.905,848.757,273.120,764.140,356.353,536.692,320.722,521.230
3420,629.373,848.880,273.592,764.352,356.183,538.162,320.402,521.738
3421,630.662,849.285,274.009,764.499,355.804,539.496,320.072,522.183
3422,632.068,849.487,274.487,764.728,355.473,540.847,319.837,522.870
3423,633.501,849.608,275.252,765.474,354.912,541.961,319.729,523.789
3424,634.997,849.435,276.060,766.359,354.659,543.328,319.451,524.322
3425,636.444,849.020,276.846,767.137,354.334,544.626,319.121,524.657
3426,637.903,848.632,277.513,767.632,354.057,545.939,318.758,524.801
3427,639.385,848.335,278.198,768.160,353.591,547.061,318.421,525.040
3428,640.533,847.603,278.535,768.211,353.222,548.257,318.036,524.832
3429,641.742,846.905,278.892,768.288,352.901,549.475,317.711,524.058
3430,643.048,846.281,279.116,768.238,352.441,550.527,317.555,522.869
3431,644.428,845.736,279.197,768.070,352.296,551.840,317.266,522.006
3432,645.809,845.191,279.156,767.815,352.155,553.139,317.006,521.075
3433,647.182,844.630,279.204,767.630,351.928,554.357,316.682,520.410
3434,647.974,843.782,278.772,767.158,351.878,555.680,316.371,519.715
3435,648.876,842.959,278.533,766.786,351.747,556.936,316.213,518.604
3436,649.842,842.155,278.778,766.782,351.628,558.183,316.137,517.371
3437,651.118,841.501,279.044,766.802,351.764,559.553,316.186,516.000
3438,652.290,840.778,279.260,766.779,352.452,560.883,316.239,514.633
3439,653.732,840.325,279.496,766.778,352.932,562.288,316.146,513.450
3440,655.220,840.056,279.606,766.669,353.219,563.681,315.900,512.606
3441,656.700,839.742,279.333,766.299,353.863,565.035,315.691,511.678
3442,657.919,840.115,279.514,766.259,354.567,566.361,315.594,510.540
3443,659.191,840.392,279.883,766.412,355.495,567.460,315.706,509.162
3444,660.376,840.755,279.986,766.311,356.522,568.291,316.030,507.669
3445,661.259,841.381,279.380,765.800,357.396,569.465,316.166,506.282
3446,661.733,842.242,278.914,765.342,358.169,570.743,316.283,504.917
3447,661.795,843.245,278.156,764.782,359.041,571.926,316.216,503.768
3448,661.108,844.314,277.661,764.309,359.827,573.197,315.976,502.987
3449,661.132,845.294,277.316,763.908,360.694,574.393,315.907,501.866
3450,661.028,846.289,276.982,763.513,361.401,575.715,316.147,500.444
3451,660.811,847.289,276.701,763.150,362.057,577.059,316.395,499.024
3452,660.657,848.261,276.223,762.686,362.816,578.353,316.475,497.739
3453,660.695,849.166,276.099,762.424,363.305,579.721,316.563,496.453
3454,661.182,849.866,275.939,762.138,363.460,581.013,316.952,494.990
3455,661.622,850.573,275.616,761.757,363.538,582.256,316.925,493.849
3456,662.168,851.203,274.839,761.190,363.722,583.532,316.791,492.892
3457,662.991,851.626,273.643,760.576,363.801,584.745,316.631,492.003
3458,663.552,852.211,272.412,759.958,363.941,585.972,316.741,490.738
3459,664.331,852.631,271.612,759.361,363.750,586.973,316.733,489.618
3460,665.572,852.511,271.229,758.923,364.119,588.253,317.039,488.224
3461,666.643,852.622,271.101,758.640,364.433,589.506,317.029,487.123
3462,667.725,852.703,270.896,758.309,364.304,590.507,316.990,486.073
3463,668.564,853.013,270.895,758.129,364.032,591.368,316.761,485.422
3464,668.895,853.639,270.823,757.896,363.827,592.269,316.517,484.833
3465,669.230,854.248,270.342,757.418,363.415,592.946,316.240,484.383
3466,669.770,854.726,269.923,756.969,362.707,593.185,316.047,483.697
3467,669.918,855.390,269.345,756.448,362.200,593.700,315.701,483.803
3468,669.739,856.146,268.808,755.942,361.704,594.208,315.374,483.735
3469,669.867,856.790,268.533,755.573,361.084,594.512,315.100,483.383
3470,670.131,857.361,268.252,755.202,360.563,594.939,314.841,482.999
3471,670.443,857.894,268.015,754.860,360.349,595.700,314.596,482.579
3472,670.528,858.515,268.138,754.804,360.227,596.528,314.443,481.900
3473,670.178,859.246,268.043,754.566,359.993,597.235,314.419,480.969
3474,669.834,859.965,268.018,754.386,360.274,598.300,314.378,480.080
3475,670.094,860.474,268.290,754.496,360.440,599.291,314.697,478.780
3476,670.070,861.087,268.182,754.256,360.471,600.180,314.833,477.654
3477,670.068,861.681,268.461,754.380,360.791,601.227,314.923,476.592
3478,670.149,862.233,269.036,754.933,360.782,602.058,314.859,475.780
3479,670.813,862.446,269.695,755.667,360.836,602.923,314.712,475.166
3480,671.314,862.761,270.390,756.490,360.902,603.782,314.480,474.828
3481,671.619,863.177,271.136,757.507,360.631,604.331,314.374,474.149
3482,672.056,863.507,271.854,758.359,359.975,604.317,314.652,472.935
3483,672.774,863.627,272.600,759.689,359.487,604.564,315.154,471.584
3484,673.557,863.678,273.355,760.609,359.416,605.263,315.654,470.240
3485,674.472,863.585,273.973,761.152,359.603,606.141,316.080,468.937
3486,675.106,863.741,274.658,761.830,359.339,606.623,316.498,467.643
3487,675.605,863.983,275.417,762.708,358.584,606.268,317.029,466.301
3488,676.308,864.061,276.184,763.596,357.758,605.312,317.296,465.126
3489,677.374,863.713,276.989,764.766,356.934,604.458,317.588,463.937
3490,678.568,863.029,277.776,765.664,356.220,603.186,317.694,462.943
3491,679.603,862.718,278.324,766.030,355.583,601.814,317.944,461.805
3492,680.523,862.555,278.994,766.600,354.822,600.669,318.282,460.602
3493,681.683,861.958,279.819,767.689,354.329,599.192,318.495,459.515
3494,682.849,861.333,280.623,768.575,353.616,597.952,319.040,458.211
3495,683.990,860.775,281.454,769.800,352.983,596.601,319.679,456.883
3496,685.131,860.210,282.283,771.082,352.725,595.059,320.494,455.546
3497,686.316,859.418,283.103,772.419,352.497,593.521,321.132,454.226
3498,687.501,858.607,283.868,773.870,351.915,592.126,321.768,452.910
3499,688.684,857.750,284.570,775.393,351.373,590.703,322.305,451.630
3500,689.747,856.576,285.461,776.350,350.955,589.212,322.799,450.372
3501,690.917,855.625,286.241,776.929,350.420,587.791,323.440,449.070
3502,692.051,855.082,287.031,777.525,350.013,586.301,323.756,447.929
3503,693.226,854.356,287.925,778.426,349.697,584.787,324.369,446.645
3504,694.393,853.673,288.805,779.238,349.121,583.411,324.685,445.516
3505,695.569,852.836,289.576,779.766,348.619,581.981,324.990,444.404
3506,696.732,851.892,290.441,780.504,347.952,580.731,325.328,443.275
3507,697.898,851.188,291.319,781.267,347.430,579.323,325.445,442.352
3508,699.030,850.152,292.181,781.972,346.845,577.978,325.461,441.559
3509,700.170,849.560,292.921,782.419,346.200,576.723,325.450,440.814
3510,701.251,849.118,293.455,782.588,345.997,575.199,325.393,440.147
3511,702.313,848.704,293.771,782.544,345.863,573.676,325.752,439.048
3512,703.425,848.154,293.324,782.044,345.921,572.193,326.488,437.794
3513,704.552,847.549,293.429,781.842,346.034,570.736,327.468,436.557
3514,705.661,846.987,292.733,781.274,346.031,569.248,328.430,435.320
3515,706.766,846.426,292.097,780.720,345.874,567.741,329.408,434.092
3516,707.738,846.130,291.187,780.116,345.692,566.237,330.509,432.923
3517,708.010,846.501,289.952,779.526,345.525,564.734,331.428,431.688
3518,708.402,846.781,288.514,779.007,345.518,563.256,332.215,430.447
3519,708.744,847.085,287.233,778.412,345.964,562.047,333.197,429.236
3520,709.582,846.925,285.577,778.138,346.164,560.670,334.049,428.004
3521,710.613,846.446,283.942,777.822,346.796,559.697,335.227,426.918
3522,711.521,846.172,282.312,777.500,347.499,558.850,336.261,425.740
3523,712.088,846.272,280.658,777.266,348.174,557.992,337.162,424.523
3524,712.822,846.196,279.030,777.396,348.695,556.960,338.347,423.460
3525,713.633,846.019,277.515,777.774,349.154,555.878,339.531,422.403
3526,714.286,846.009,275.924,777.892,349.674,554.887,340.388,421.188
3527,715.221,845.629,274.334,777.938,350.310,554.081,341.526,420.098
3528,715.719,845.747,272.766,777.996,351.045,553.481,342.814,419.207
3529,716.695,845.266,271.185,777.899,351.853,553.080,344.120,418.374
3530,717.633,844.848,269.615,777.616,352.343,552.151,345.465,417.694
3531,718.462,844.591,268.210,777.951,352.930,551.387,346.525,416.565
3532,719.143,844.505,266.773,778.167,353.220,550.266,347.085,415.374
3533,719.258,844.864,265.388,778.446,353.516,549.163,347.575,414.211
3534,719.884,844.817,264.283,779.102,353.696,547.961,347.988,413.087
3535,720.404,844.863,263.316,779.875,354.119,547.029,348.131,412.129
3536,721.115,844.703,262.234,780.485,354.409,545.952,348.097,411.332
3537,721.419,844.909,261.100,780.990,355.030,545.391,348.409,410.291
3538,721.576,845.206,259.701,780.959,355.653,544.869,349.207,409.117
3539,721.157,845.760,258.308,780.891,356.346,544.557,349.892,407.958
3540,720.504,846.364,256.915,780.764,356.899,543.956,350.851,406.816
3541,720.234,846.857,255.624,780.870,357.361,543.214,351.867,405.697
3542,720.529,847.037,254.493,781.220,357.658,542.250,352.827,404.564
3543,720.656,847.321,253.329,781.481,357.969,541.315,353.652,403.416
3544,720.767,847.608,252.063,781.507,357.944,540.056,354.365,402.278
3545,721.009,847.803,250.817,781.537,358.178,539.038,355.468,401.217
3546,720.563,848.324,249.581,781.550,358.387,537.997,356.740,400.315
3547,719.594,848.914,248.472,781.765,358.912,537.489,357.991,399.391
3548,718.475,849.486,247.465,782.101,359.300,536.729,359.249,398.480
3549,717.652,850.071,246.463,782.414,359.748,536.103,360.582,397.715
3550,717.067,850.618,245.571,782.840,360.131,535.373,361.834,396.808
3551,716.524,851.152,244.792,783.367,360.634,534.925,363.185,396.122
3552,716.828,851.287,244.224,784.073,361.098,534.406,364.553,395.560
3553,717.060,851.465,243.611,784.714,361.540,533.865,365.899,394.904
3554,717.040,851.787,242.848,785.180,361.957,533.292,367.160,394.958
3555,717.117,852.050,242.315,785.846,362.320,532.627,368.400,395.019
3556,716.723,852.517,241.854,786.550,362.463,531.628,369.408,395.499
3557,716.497,852.918,241.797,787.502,362.658,530.702,370.313,396.088
3558,716.064,853.387,242.022,788.561,362.729,529.624,371.282,396.547
3559,716.157,853.621,242.019,789.510,363.085,528.993,372.070,397.218
3560,715.828,854.046,242.356,790.575,363.606,528.891,373.037,397.605
3561,715.702,854.384,242.962,791.678,363.990,528.370,373.763,398.287
3562,715.844,854.572,243.662,792.775,364.505,528.340,374.509,398.913
3563,715.437,855.010,244.159,793.847,364.974,528.145,375.061,399.724
3564,714.876,855.486,244.266,794.786,365.416,527.887,375.785,400.318
3565,713.961,856.004,244.226,795.638,365.815,527.518,376.324,401.090
3566,713.004,856.521,244.337,796.551,366.113,526.912,376.899,401.798
3567,712.145,857.034,244.674,797.535,366.465,526.454,377.344,402.613
3568,710.652,857.381,244.735,798.397,366.847,526.110,377.654,403.525
3569,709.323,857.826,245.575,799.421,367.167,525.613,378.038,404.353
3570,708.319,858.342,246.369,800.441,367.477,525.110,378.375,405.203
3571,707.360,858.859,247.489,801.375,367.609,524.253,378.543,406.170
3572,706.033,859.300,248.761,802.189,367.820,523.543,378.795,407.056
3573,704.654,859.715,249.770,803.165,367.694,522.365,379.226,407.758
3574,703.209,860.090,250.843,804.115,367.560,521.170,379.790,408.289
3575,701.715,860.427,251.975,805.033,367.239,519.829,380.333,408.821
3576,700.205,860.748,253.302,805.773,366.747,518.415,381.214,408.779
3577,698.714,861.087,254.560,806.596,366.043,516.994,382.235,408.215
3578,697.167,861.365,255.694,807.510,365.287,515.589,383.251,407.335
3579,695.700,861.725,256.525,808.506,364.741,514.141,384.251,406.370
3580,694.324,862.149,257.363,809.495,364.312,512.695,385.284,405.690
3581,692.864,862.513,258.490,810.401,363.602,511.273,386.251,405.369
3582,691.341,862.814,259.442,811.364,362.862,509.869,387.211,405.049
3583,689.954,863.232,260.814,812.026,361.961,508.597,388.189,404.647
3584,688.323,863.303,262.172,812.711,361.040,507.370,389.158,404.258
3585,686.686,863.260,263.523,813.406,359.967,506.419,389.937,404.296
3586,685.062,863.142,264.689,814.284,358.968,505.369,390.538,404.585
3587,683.455,863.253,265.949,815.089,357.944,504.411,391.089,404.918
3588,681.870,863.426,267.255,815.843,356.992,503.358,391.911,404.802
3589,680.306,863.648,268.533,816.628,356.017,502.392,392.587,404.925
3590,678.845,864.022,269.886,817.314,355.092,501.371,393.342,404.896
3591,677.322,864.314,270.983,818.222,354.382,500.083,394.049,404.930
3592,676.091,864.847,272.052,819.138,353.735,498.754,394.783,404.901
3593,674.916,865.399,272.859,820.106,352.976,497.568,394.802,405.641
3594,673.901,865.993,273.598,821.069,352.148,496.516,394.384,406.610
3595,673.259,866.603,274.104,822.005,351.274,495.591,393.897,407.603
3596,672.310,867.196,274.459,822.899,350.528,494.476,393.381,408.606
3597,671.205,867.754,274.632,823.723,350.149,493.035,392.483,409.660
3598,669.985,868.267,274.549,824.423,349.551,491.778,391.653,410.725
3599,669.053,868.853,274.175,824.931,348.796,490.765,390.654,411.778
